1,13,66,165,210,126,28,1
1,13,66,166,216,136,32,1
1,13,66,166,216,137,34,1
1,13,66,166,216,137,34,2
1,13,66,166,216,137,35,2
1,13,66,166,216,138,36,1
1,13,66,166,216,138,37,3
1,13,66,166,216,138,38,4
1,13,66,166,217,141,38,2
1,13,66,166,217,142,41,3
1,13,66,166,217,142,41,4
1,13,66,166,217,142,42,5
1,13,66,166,218,147,48,6
1,13,66,167,221,144,37,2
1,13,66,167,221,145,39,2
1,13,66,167,221,145,39,3
1,13,66,167,221,146,42,4
1,13,66,167,222,146,37,1
1,13,66,167,222,147,39,2
1,13,66,167,222,148,40,1
1,13,66,167,222,148,41,2
1,13,66,167,222,148,42,4
1,13,66,167,222,149,42,2
1,13,66,167,222,149,43,3
1,13,66,167,222,149,43,3
1,13,66,167,222,149,44,4
1,13,66,167,222,149,44,4
1,13,66,167,222,149,44,5
1,13,66,167,222,149,44,5
1,13,66,167,222,150,46,4
1,13,66,167,222,150,46,5
1,13,66,167,223,151,43,2
1,13,66,167,223,152,44,2
1,13,66,167,223,152,45,3
1,13,66,167,223,152,45,3
1,13,66,167,223,152,46,4
1,13,66,167,223,152,47,6
1,13,66,167,223,153,47,4
1,13,66,167,223,153,47,4
1,13,66,167,223,153,48,5
1,13,66,167,223,153,48,5
1,13,66,167,223,153,48,5
1,13,66,167,223,153,49,6
1,13,66,167,223,153,49,6
1,13,66,167,223,154,50,6
1,13,66,167,223,154,50,6
1,13,66,167,223,154,51,6
1,13,66,167,223,154,51,6
1,13,66,167,223,154,51,7
1,13,66,167,223,155,55,11,1
1,13,66,167,224,156,49,4
1,13,66,167,224,157,51,5
1,13,66,167,224,157,52,6
1,13,66,167,224,157,52,6
1,13,66,167,224,157,53,7
1,13,66,167,224,157,53,7
1,13,66,167,224,158,54,7
1,13,66,167,224,158,55,7
1,13,66,167,224,158,55,8
1,13,66,167,224,158,55,8
1,13,66,167,224,158,56,8
1,13,66,167,224,158,57,11,1
1,13,66,167,224,159,57,8
1,13,66,167,224,159,58,9
1,13,66,167,224,159,58,9
1,13,66,167,224,159,59,11,1
1,13,66,167,224,159,59,12,1
1,13,66,167,224,160,60,10
1,13,66,167,224,160,61,12,1
1,13,66,167,225,162,59,9
1,13,66,167,225,163,61,9
1,13,66,167,225,163,62,10
1,13,66,167,225,163,62,12,1
1,13,66,167,225,163,63,12,1
1,13,66,167,225,164,66,14,1
1,13,66,167,226,168,69,14,1
1,13,66,168,226,152,41,2
1,13,66,168,227,154,41,1
1,13,66,168,227,156,44,1
1,13,66,168,227,156,46,4
1,13,66,168,227,156,46,4
1,13,66,168,227,157,47,3
1,13,66,168,227,157,48,4
1,13,66,168,227,157,49,6
1,13,66,168,227,158,51,6
1,13,66,168,227,160,58,12,1
1,13,66,168,228,159,47,2
1,13,66,168,228,159,49,5
1,13,66,168,228,160,49,3
1,13,66,168,228,160,50,4
1,13,66,168,228,160,50,4
1,13,66,168,228,161,51,4
1,13,66,168,228,161,52,5
1,13,66,168,228,161,53,6
1,13,66,168,228,161,53,6
1,13,66,168,228,162,55,7
1,13,66,168,228,162,55,7
1,13,66,168,228,162,56,8
1,13,66,168,228,162,57,11,1
1,13,66,168,228,163,58,8
1,13,66,168,228,163,59,11,1
1,13,66,168,229,162,50,3
1,13,66,168,229,163,52,4
1,13,66,168,229,163,52,4
1,13,66,168,229,163,53,5
1,13,66,168,229,163,54,7
1,13,66,168,229,164,54,5
1,13,66,168,229,164,55,6
1,13,66,168,229,164,55,6
1,13,66,168,229,165,56,6
1,13,66,168,229,165,56,6
1,13,66,168,229,165,57,7
1,13,66,168,229,165,57,7
1,13,66,168,229,165,57,7
1,13,66,168,229,165,57,7
1,13,66,168,229,165,58,8
1,13,66,168,229,165,58,8
1,13,66,168,229,165,58,8
1,13,66,168,229,165,58,8
1,13,66,168,229,165,58,8
1,13,66,168,229,165,60,12,1
1,13,66,168,229,166,59,8
1,13,66,168,229,166,60,9
1,13,66,168,229,166,62,12,1
1,13,66,168,229,167,62,9
1,13,66,168,229,167,63,10
1,13,66,168,229,167,63,10
1,13,66,168,229,167,63,12,1
1,13,66,168,229,167,63,12,1
1,13,66,168,229,167,64,13,1
1,13,66,168,230,167,57,6
1,13,66,168,230,167,58,7
1,13,66,168,230,168,59,7
1,13,66,168,230,168,60,8
1,13,66,168,230,168,60,8
1,13,66,168,230,168,61,9
1,13,66,168,230,169,61,8
1,13,66,168,230,169,61,8
1,13,66,168,230,169,61,8
1,13,66,168,230,169,62,9
1,13,66,168,230,169,62,9
1,13,66,168,230,169,62,9
1,13,66,168,230,169,63,10
1,13,66,168,230,169,63,10
1,13,66,168,230,169,64,12,1
1,13,66,168,230,169,64,12,1
1,13,66,168,230,170,63,9
1,13,66,168,230,170,64,10
1,13,66,168,230,170,65,10
1,13,66,168,230,170,65,10
1,13,66,168,230,170,65,11
1,13,66,168,230,170,65,12,1
1,13,66,168,230,170,65,12,1
1,13,66,168,230,170,66,13,1
1,13,66,168,230,171,66,11
1,13,66,168,230,171,67,11
1,13,66,168,230,171,68,13,1
1,13,66,168,230,171,68,14,1
1,13,66,168,230,171,69,14,1
1,13,66,168,230,172,70,14,1
1,13,66,168,230,172,71,15,1
1,13,66,168,231,172,64,9
1,13,66,168,231,173,66,10
1,13,66,168,231,173,66,10
1,13,66,168,231,173,66,10
1,13,66,168,231,173,67,11
1,13,66,168,231,173,68,13,1
1,13,66,168,231,174,68,11
1,13,66,168,231,174,68,11
1,13,66,168,231,174,69,11
1,13,66,168,231,174,69,12
1,13,66,168,231,174,69,13,1
1,13,66,168,231,174,70,14,1
1,13,66,168,231,174,71,14,1
1,13,66,168,231,174,71,15,1
1,13,66,168,231,175,71,12
1,13,66,168,231,175,71,14,1
1,13,66,168,231,175,71,14,1
1,13,66,168,231,175,72,15,1
1,13,66,168,231,175,73,15,1
1,13,66,168,231,175,73,15,1
1,13,66,168,231,175,74,18,2
1,13,66,168,231,176,74,15,1
1,13,66,168,231,176,75,18,2
1,13,66,168,231,176,76,18,2
1,13,66,168,231,176,77,19,2
1,13,66,168,232,178,72,12
1,13,66,168,232,178,74,15,1
1,13,66,168,232,179,75,15,1
1,13,66,168,232,179,77,18,2
1,13,66,168,232,179,78,19,2
1,13,66,168,232,180,80,19,2
1,13,66,168,232,180,80,19,2
1,13,66,168,232,180,81,20,2
1,13,66,168,232,181,82,20,2
1,13,66,168,232,181,84,23,3
1,13,66,168,232,182,85,23,3
1,13,66,168,233,184,83,18,1
1,13,66,168,233,184,83,20,2
1,13,66,168,233,185,88,24,3
1,13,66,169,231,160,45,2
1,13,66,169,231,161,48,4
1,13,66,169,232,163,48,3
1,13,66,169,232,164,49,2
1,13,66,169,232,165,53,6
1,13,66,169,232,166,55,6
1,13,66,169,233,166,49,1
1,13,66,169,233,168,54,4
1,13,66,169,233,168,56,7
1,13,66,169,233,169,56,5
1,13,66,169,233,169,57,6
1,13,66,169,233,170,60,8
1,13,66,169,233,170,60,8
1,13,66,169,233,171,64,13,1
1,13,66,169,233,172,66,12,1
1,13,66,169,234,169,52,2
1,13,66,169,234,171,57,5
1,13,66,169,234,171,57,5
1,13,66,169,234,172,59,6
1,13,66,169,234,172,59,6
1,13,66,169,234,172,61,9
1,13,66,169,234,173,61,7
1,13,66,169,234,173,62,8
1,13,66,169,234,173,62,8
1,13,66,169,234,173,62,8
1,13,66,169,234,173,64,12,1
1,13,66,169,234,174,63,8
1,13,66,169,234,174,64,9
1,13,66,169,234,174,65,10
1,13,66,169,234,175,67,11
1,13,66,169,234,175,68,13,1
1,13,66,169,235,173,57,4
1,13,66,169,235,175,64,10
1,13,66,169,235,176,64,8
1,13,66,169,235,176,64,8
1,13,66,169,235,176,65,9
1,13,66,169,235,177,67,10
1,13,66,169,235,177,67,10
1,13,66,169,235,177,67,10
1,13,66,169,235,177,67,10
1,13,66,169,235,178,68,10
1,13,66,169,235,178,68,10
1,13,66,169,235,178,68,10
1,13,66,169,235,178,69,11
1,13,66,169,235,178,70,13,1
1,13,66,169,235,178,70,13,1
1,13,66,169,235,178,71,14,1
1,13,66,169,235,178,71,14,1
1,13,66,169,235,179,72,12
1,13,66,169,235,179,72,13
1,13,66,169,235,179,73,15,1
1,13,66,169,235,180,75,15,1
1,13,66,169,235,180,75,15,1
1,13,66,169,235,180,76,18,2
1,13,66,169,235,181,79,19,2
1,13,66,169,235,181,79,19,2
1,13,66,169,236,178,65,8
1,13,66,169,236,179,67,9
1,13,66,169,236,179,67,9
1,13,66,169,236,180,69,10
1,13,66,169,236,180,69,10
1,13,66,169,236,180,69,10
1,13,66,169,236,180,69,10
1,13,66,169,236,180,70,11
1,13,66,169,236,180,70,11
1,13,66,169,236,180,71,13,1
1,13,66,169,236,181,71,11
1,13,66,169,236,181,71,11
1,13,66,169,236,181,72,12
1,13,66,169,236,181,72,12
1,13,66,169,236,181,73,14,1
1,13,66,169,236,182,73,12
1,13,66,169,236,182,73,12
1,13,66,169,236,182,73,12
1,13,66,169,236,182,74,13
1,13,66,169,236,182,74,14,1
1,13,66,169,236,182,75,15,1
1,13,66,169,236,182,75,15,1
1,13,66,169,236,182,76,16,1
1,13,66,169,236,182,77,18,2
1,13,66,169,236,183,75,13
1,13,66,169,236,183,76,15,1
1,13,66,169,236,183,79,19,2
1,13,66,169,236,183,79,19,2
1,13,66,169,236,184,79,16,1
1,13,66,169,236,184,81,19,2
1,13,66,169,236,184,81,20,2
1,13,66,169,236,185,85,23,3
1,13,66,169,237,183,72,11
1,13,66,169,237,183,73,12
1,13,66,169,237,184,74,12
1,13,66,169,237,184,74,12
1,13,66,169,237,184,75,13
1,13,66,169,237,184,76,15,1
1,13,66,169,237,185,76,13
1,13,66,169,237,185,77,15,1
1,13,66,169,237,185,77,15,1
1,13,66,169,237,185,78,16,1
1,13,66,169,237,186,77,13
1,13,66,169,237,186,78,14
1,13,66,169,237,186,79,16,1
1,13,66,169,237,186,79,16,1
1,13,66,169,237,186,81,19,2
1,13,66,169,237,186,81,19,2
1,13,66,169,237,186,81,19,2
1,13,66,169,237,187,81,15
1,13,66,169,237,187,82,19,2
1,13,66,169,237,187,82,19,2
1,13,66,169,237,187,83,18,1
1,13,66,169,237,187,83,20,2
1,13,66,169,237,187,84,20,2
1,13,66,169,237,188,83,18,1
1,13,66,169,237,188,84,18,1
1,13,66,169,237,188,84,20,2
1,13,66,169,237,188,85,20,2
1,13,66,169,237,188,85,21,2
1,13,66,169,237,188,86,21,2
1,13,66,169,237,188,86,21,2
1,13,66,169,237,189,87,21,2
1,13,66,169,237,189,89,24,3
1,13,66,169,237,190,91,25,3
1,13,66,169,238,188,79,14
1,13,66,169,238,188,80,16,1
1,13,66,169,238,189,80,14
1,13,66,169,238,189,83,19,2
1,13,66,169,238,190,82,15
1,13,66,169,238,190,84,18,1
1,13,66,169,238,190,85,20,2
1,13,66,169,238,190,85,20,2
1,13,66,169,238,190,86,21,2
1,13,66,169,238,191,87,21,2
1,13,66,169,238,191,87,21,2
1,13,66,169,238,191,87,21,2
1,13,66,169,238,191,88,21,2
1,13,66,169,238,191,89,24,3
1,13,66,169,238,192,88,21,2
1,13,66,169,238,192,89,22,2
1,13,66,169,238,192,92,25,3
1,13,66,169,238,192,92,25,3
1,13,66,169,238,193,91,24,3
1,13,66,169,238,193,93,25,3
1,13,66,169,238,193,93,25,3
1,13,66,169,238,193,94,26,3
1,13,66,169,239,194,89,21,2
1,13,66,169,239,194,90,20,1
1,13,66,169,239,195,90,20,1
1,13,66,169,239,195,91,22,2
1,13,66,169,239,195,93,23,2
1,13,66,169,239,195,93,25,3
1,13,66,169,239,196,92,22,2
1,13,66,169,239,196,94,23,2
1,13,66,169,239,196,94,25,3
1,13,66,169,239,196,94,25,3
1,13,66,169,239,196,96,26,3
1,13,66,169,239,197,96,24,2
1,13,66,169,239,197,96,26,3
1,13,66,169,239,198,99,27,3
1,13,66,169,239,198,101,30,4
1,13,66,169,240,199,96,24,2
1,13,66,169,240,200,97,24,2
1,13,66,169,240,200,99,27,3
1,13,66,169,240,200,100,27,3
1,13,66,169,240,202,105,31,4
1,13,66,169,240,203,111,40,9,1
1,13,66,169,240,204,111,40,9,1
1,13,66,169,241,205,106,31,4
1,13,66,170,237,173,56,4
1,13,66,170,237,174,60,8
1,13,66,170,238,175,56,3
1,13,66,170,238,177,61,6
1,13,66,170,238,178,65,10
1,13,66,170,238,178,66,12,1
1,13,66,170,238,179,67,10
1,13,66,170,239,179,61,5
1,13,66,170,239,181,66,8
1,13,66,170,239,181,66,8
1,13,66,170,239,182,68,9
1,13,66,170,239,182,69,10
1,13,66,170,239,182,69,10
1,13,66,170,239,182,71,14,1
1,13,66,170,239,183,72,13,1
1,13,66,170,239,183,73,14,1
1,13,66,170,239,185,78,16,1
1,13,66,170,240,184,69,9
1,13,66,170,240,185,71,10
1,13,66,170,240,185,72,11
1,13,66,170,240,185,72,11
1,13,66,170,240,185,74,15,1
1,13,66,170,240,186,73,11
1,13,66,170,240,186,74,12
1,13,66,170,240,186,74,12
1,13,66,170,240,186,75,14,1
1,13,66,170,240,187,76,13
1,13,66,170,240,187,77,14
1,13,66,170,240,187,77,15,1
1,13,66,170,240,188,81,19,2
1,13,66,170,241,187,72,10
1,13,66,170,241,187,72,10
1,13,66,170,241,188,74,11
1,13,66,170,241,189,76,12
1,13,66,170,241,189,76,12
1,13,66,170,241,189,76,12
1,13,66,170,241,189,78,15,1
1,13,66,170,241,190,78,13
1,13,66,170,241,190,79,14
1,13,66,170,241,190,79,15,1
1,13,66,170,241,190,79,15,1
1,13,66,170,241,190,80,16,1
1,13,66,170,241,190,80,16,1
1,13,66,170,241,191,80,14
1,13,66,170,241,191,81,16,1
1,13,66,170,241,191,83,19,2
1,13,66,170,241,192,85,20,2
1,13,66,170,241,192,86,21,2
1,13,66,170,241,192,86,21,2
1,13,66,170,241,193,88,21,2
1,13,66,170,242,191,77,12
1,13,66,170,242,191,77,12
1,13,66,170,242,191,77,12
1,13,66,170,242,192,79,13
1,13,66,170,242,192,79,13
1,13,66,170,242,192,80,14
1,13,66,170,242,193,81,14
1,13,66,170,242,193,81,14
1,13,66,170,242,193,81,14
1,13,66,170,242,193,82,15
1,13,66,170,242,193,82,16,1
1,13,66,170,242,194,83,15
1,13,66,170,242,194,84,17,1
1,13,66,170,242,194,86,20,2
1,13,66,170,242,194,86,20,2
1,13,66,170,242,195,87,20,2
1,13,66,170,242,195,88,21,2
1,13,66,170,242,195,88,21,2
1,13,66,170,242,195,89,22,2
1,13,66,170,242,196,89,21,2
1,13,66,170,242,196,89,21,2
1,13,66,170,242,196,90,22,2
1,13,66,170,242,196,91,24,3
1,13,66,170,242,197,91,20,1
1,13,66,170,242,197,93,23,2
1,13,66,170,242,197,93,25,3
1,13,66,170,242,197,94,25,3
1,13,66,170,242,198,96,26,3
1,13,66,170,242,198,96,26,3
1,13,66,170,243,194,80,13
1,13,66,170,243,195,82,14
1,13,66,170,243,195,83,16,1
1,13,66,170,243,196,84,15
1,13,66,170,243,197,86,16
1,13,66,170,243,197,88,20,2
1,13,66,170,243,197,89,21,2
1,13,66,170,243,197,89,21,2
1,13,66,170,243,198,90,20,1
1,13,66,170,243,198,90,21,2
1,13,66,170,243,198,90,21,2
1,13,66,170,243,198,90,21,2
1,13,66,170,243,198,90,21,2
1,13,66,170,243,199,91,20,1
1,13,66,170,243,199,92,22,2
1,13,66,170,243,199,92,22,2
1,13,66,170,243,199,92,22,2
1,13,66,170,243,199,93,22,2
1,13,66,170,243,199,94,25,3
1,13,66,170,243,200,93,22,2
1,13,66,170,243,200,94,23,2
1,13,66,170,243,201,96,24,2
1,13,66,170,243,201,97,26,3
1,13,66,170,243,201,98,26,3
1,13,66,170,243,201,99,27,3
1,13,66,170,243,202,100,27,3
1,13,66,170,243,202,101,29,4
1,13,66,170,243,202,102,30,4
1,13,66,170,244,199,87,16
1,13,66,170,244,200,91,20,1
1,13,66,170,244,200,91,21,2
1,13,66,170,244,200,91,21,2
1,13,66,170,244,201,93,22,2
1,13,66,170,244,201,93,22,2
1,13,66,170,244,201,93,22,2
1,13,66,170,244,202,95,23,2
1,13,66,170,244,202,95,23,2
1,13,66,170,244,202,96,24,2
1,13,66,170,244,202,96,25,3
1,13,66,170,244,203,96,23,2
1,13,66,170,244,203,96,23,2
1,13,66,170,244,203,97,24,2
1,13,66,170,244,203,98,26,3
1,13,66,170,244,203,98,26,3
1,13,66,170,244,203,98,26,3
1,13,66,170,244,203,98,26,3
1,13,66,170,244,203,99,27,3
1,13,66,170,244,203,100,29,4
1,13,66,170,244,204,98,24,2
1,13,66,170,244,204,99,26,3
1,13,66,170,244,204,100,25,2
1,13,66,170,244,204,101,27,3
1,13,66,170,244,204,101,27,3
1,13,66,170,244,205,101,27,3
1,13,66,170,244,205,103,30,4
1,13,66,170,244,205,103,30,4
1,13,66,170,244,206,106,31,4
1,13,66,170,244,207,112,40,9,1
1,13,66,170,245,204,96,23,2
1,13,66,170,245,205,98,24,2
1,13,66,170,245,206,100,25,2
1,13,66,170,245,206,101,25,2
1,13,66,170,245,206,101,27,3
1,13,66,170,245,206,101,27,3
1,13,66,170,245,206,101,27,3
1,13,66,170,245,207,102,27,3
1,13,66,170,245,207,104,30,4
1,13,66,170,245,208,104,28,3
1,13,66,170,245,208,105,30,4
1,13,66,170,245,208,107,31,4
1,13,66,170,245,209,106,29,3
1,13,66,170,245,209,107,29,3
1,13,66,170,245,209,107,31,4
1,13,66,170,245,209,107,31,4
1,13,66,170,245,209,108,32,4
1,13,66,170,245,209,109,32,4
1,13,66,170,245,210,108,31,4
1,13,66,170,245,210,112,35,5
1,13,66,170,245,213,121,45,10,1
1,13,66,170,246,210,106,29,3
1,13,66,170,246,211,107,29,3
1,13,66,170,246,211,108,31,4
1,13,66,170,246,211,108,31,4
1,13,66,170,246,211,110,32,4
1,13,66,170,246,212,110,32,4
1,13,66,170,246,212,110,32,4
1,13,66,170,246,213,111,32,4
1,13,66,170,246,213,112,33,4
1,13,66,170,246,213,112,33,4
1,13,66,170,246,213,113,35,5
1,13,66,170,246,213,115,36,5
1,13,66,170,246,214,113,33,4
1,13,66,170,246,215,122,45,10,1
1,13,66,170,246,216,124,46,10,1
1,13,66,170,247,215,113,33,4
1,13,66,170,247,216,114,33,4
1,13,66,170,247,217,114,33,4
1,13,66,170,247,217,117,36,5
1,13,66,170,247,217,118,37,5
1,13,66,170,247,218,119,37,5
1,13,66,170,247,219,125,46,10,1
1,13,66,170,247,219,126,46,10,1
1,13,66,170,247,220,126,46,10,1
1,13,66,170,248,221,120,37,5
1,13,66,170,248,222,127,46,10,1
1,13,66,170,248,223,129,47,10,1
1,13,66,171,242,179,55,1
1,13,66,171,242,181,60,4
1,13,66,171,242,182,64,8
1,13,66,171,244,190,73,10
1,13,66,171,244,191,76,12
1,13,66,171,244,191,78,16,1
1,13,66,171,244,193,83,19,2
1,13,66,171,245,191,71,8
1,13,66,171,245,194,78,12
1,13,66,171,245,195,80,13
1,13,66,171,245,195,82,16,1
1,13,66,171,245,196,84,17,1
1,13,66,171,245,197,88,21,2
1,13,66,171,245,199,94,25,3
1,13,66,171,246,197,81,13
1,13,66,171,246,198,83,14
1,13,66,171,246,198,83,14
1,13,66,171,246,198,84,15
1,13,66,171,246,200,89,20,2
1,13,66,171,246,200,90,20,1
1,13,66,171,246,200,90,21,2
1,13,66,171,246,200,90,21,2
1,13,66,171,246,200,90,21,2
1,13,66,171,246,202,95,23,2
1,13,66,171,247,200,84,14
1,13,66,171,247,201,86,15
1,13,66,171,247,201,87,17,1
1,13,66,171,247,203,92,21,2
1,13,66,171,247,203,93,22,2
1,13,66,171,247,204,94,22,2
1,13,66,171,247,204,96,25,3
1,13,66,171,247,206,101,27,3
1,13,66,171,247,206,101,29,4
1,13,66,171,248,204,89,16
1,13,66,171,248,204,89,16
1,13,66,171,248,204,89,16
1,13,66,171,248,205,92,18
1,13,66,171,248,206,95,22,2
1,13,66,171,248,206,95,22,2
1,13,66,171,248,206,95,22,2
1,13,66,171,248,207,94,18
1,13,66,171,248,207,97,23,2
1,13,66,171,248,207,97,23,2
1,13,66,171,248,207,97,23,2
1,13,66,171,248,207,97,23,2
1,13,66,171,248,207,98,24,2
1,13,66,171,248,207,99,26,3
1,13,66,171,248,208,100,26,3
1,13,66,171,248,209,102,27,3
1,13,66,171,248,209,102,27,3
1,13,66,171,248,209,102,27,3
1,13,66,171,248,210,105,28,3
1,13,66,171,248,210,105,30,4
1,13,66,171,249,209,98,23,2
1,13,66,171,249,209,98,23,2
1,13,66,171,249,210,101,25,2
1,13,66,171,249,211,102,25,2
1,13,66,171,249,211,103,27,3
1,13,66,171,249,211,103,27,3
1,13,66,171,249,211,103,27,3
1,13,66,171,249,212,105,28,3
1,13,66,171,249,212,106,29,3
1,13,66,171,249,213,108,31,4
1,13,66,171,249,214,111,32,4
1,13,66,171,249,215,112,33,4
1,13,66,171,249,216,116,36,5
1,13,66,171,249,217,122,45,10,1
1,13,66,171,250,210,95,18
1,13,66,171,250,212,101,23,1
1,13,66,171,250,212,101,24,2
1,13,66,171,250,213,104,27,3
1,13,66,171,250,214,106,28,3
1,13,66,171,250,214,106,28,3
1,13,66,171,250,214,106,28,3
1,13,66,171,250,215,108,29,3
1,13,66,171,250,215,109,31,4
1,13,66,171,250,215,109,31,4
1,13,66,171,250,216,111,32,4
1,13,66,171,250,216,111,32,4
1,13,66,171,250,216,112,33,4
1,13,66,171,250,217,112,32,4
1,13,66,171,250,217,114,35,5
1,13,66,171,250,218,114,33,4
1,13,66,171,250,218,114,33,4
1,13,66,171,250,218,116,34,4
1,13,66,171,250,220,125,46,10,1
1,13,66,171,250,221,126,46,10,1
1,13,66,171,251,216,107,28,3
1,13,66,171,251,217,109,29,3
1,13,66,171,251,218,109,27,2
1,13,66,171,251,218,112,32,4
1,13,66,171,251,218,112,32,4
1,13,66,171,251,219,114,33,4
1,13,66,171,251,219,114,33,4
1,13,66,171,251,220,115,33,4
1,13,66,171,251,220,115,33,4
1,13,66,171,251,221,115,31,3
1,13,66,171,251,221,118,34,4
1,13,66,171,251,221,118,36,5
1,13,66,171,251,222,120,37,5
1,13,66,171,251,223,121,37,5
1,13,66,171,251,223,127,46,10,1
1,13,66,171,251,224,127,46,10,1
1,13,66,171,252,220,113,32,4
1,13,66,171,252,221,115,33,4
1,13,66,171,252,221,116,34,4
1,13,66,171,252,222,116,33,4
1,13,66,171,252,223,118,34,4
1,13,66,171,252,224,121,37,5
1,13,66,171,252,224,122,38,5
1,13,66,171,252,225,123,38,5
1,13,66,171,252,225,127,46,10,1
1,13,66,171,252,226,124,38,5
1,13,66,171,252,226,126,41,6
1,13,66,171,252,226,130,47,10,1
1,13,66,171,252,227,128,42,6
1,13,66,171,252,227,130,47,10,1
1,13,66,171,252,227,130,47,10,1
1,13,66,171,252,228,135,51,11,1
1,13,66,171,252,229,136,51,11,1
1,13,66,171,253,227,124,38,5
1,13,66,171,253,229,131,47,10,1
1,13,66,171,253,229,131,47,10,1
1,13,66,171,253,231,136,51,11,1
1,13,66,171,253,232,134,48,10,1
1,13,66,171,254,231,130,42,6
1,13,66,171,254,233,131,40,5
1,13,66,171,254,233,131,42,6
1,13,66,171,254,233,137,51,11,1
1,13,66,171,254,234,139,52,11,1
1,13,66,171,254,235,140,52,11,1
1,13,66,171,254,236,140,52,11,1
1,13,66,171,254,237,145,56,12,1
1,13,66,171,256,242,147,56,12,1
1,13,66,172,246,185,59,2
1,13,66,172,247,191,71,10
1,13,66,172,248,194,72,8
1,13,66,172,249,197,75,9
1,13,66,172,249,199,80,12
1,13,66,172,250,202,83,13
1,13,66,172,250,203,85,14
1,13,66,172,250,203,86,16,1
1,13,66,172,250,203,87,17
1,13,66,172,250,205,92,21,2
1,13,66,172,250,205,92,21,2
1,13,66,172,251,206,88,15
1,13,66,172,251,207,90,16
1,13,66,172,251,207,90,16
1,13,66,172,251,209,97,23,2
1,13,66,172,251,210,100,25,2
1,13,66,172,251,214,114,40,9,1
1,13,66,172,252,209,91,16
1,13,66,172,252,209,91,16
1,13,66,172,252,211,95,18
1,13,66,172,252,211,97,22,2
1,13,66,172,252,212,99,23,2
1,13,66,172,252,212,99,23,2
1,13,66,172,252,213,101,24,2
1,13,66,172,252,213,102,25,2
1,13,66,172,252,213,103,27,3
1,13,66,172,252,214,105,28,3
1,13,66,172,252,216,111,32,4
1,13,66,172,253,212,94,17
1,13,66,172,253,213,96,18
1,13,66,172,253,214,100,23,2
1,13,66,172,253,215,102,23,1
1,13,66,172,253,215,102,24,2
1,13,66,172,253,216,105,27,3
1,13,66,172,253,217,107,28,3
1,13,66,172,253,217,107,28,3
1,13,66,172,253,217,108,29,3
1,13,66,172,253,218,109,29,3
1,13,66,172,253,218,111,32,4
1,13,66,172,254,217,101,20
1,13,66,172,254,220,109,27,2
1,13,66,172,254,220,110,29,3
1,13,66,172,254,221,110,27,2
1,13,66,172,254,221,113,32,4
1,13,66,172,254,221,113,32,4
1,13,66,172,254,221,113,32,4
1,13,66,172,254,221,115,35,5
1,13,66,172,254,222,115,31,3
1,13,66,172,254,222,115,33,4
1,13,66,172,254,222,116,34,4
1,13,66,172,254,223,118,34,4
1,13,66,172,254,223,119,36,5
1,13,66,172,255,219,102,20
1,13,66,172,255,222,110,27,2
1,13,66,172,255,222,111,29,3
1,13,66,172,255,223,114,32,4
1,13,66,172,255,223,114,32,4
1,13,66,172,255,224,115,31,3
1,13,66,172,255,224,116,33,4
1,13,66,172,255,224,116,33,4
1,13,66,172,255,224,116,33,4
1,13,66,172,255,224,116,33,4
1,13,66,172,255,225,116,31,3
1,13,66,172,255,225,118,34,4
1,13,66,172,255,225,118,34,4
1,13,66,172,255,225,118,34,4
1,13,66,172,255,228,128,46,10,1
1,13,66,172,256,225,115,32,4
1,13,66,172,256,226,117,33,4
1,13,66,172,256,227,119,34,4
1,13,66,172,256,227,119,34,4
1,13,66,172,256,227,119,34,4
1,13,66,172,256,227,120,36,5
1,13,66,172,256,228,120,34,4
1,13,66,172,256,228,122,37,5
1,13,66,172,256,230,127,39,5
1,13,66,172,256,231,128,41,6
1,13,66,172,256,231,131,47,10,1
1,13,66,172,256,232,130,42,6
1,13,66,172,256,232,132,47,10,1
1,13,66,172,256,233,137,51,11,1
1,13,66,172,256,234,139,52,11,1
1,13,66,172,257,228,116,29,2
1,13,66,172,257,229,120,34,4
1,13,66,172,257,229,120,34,4
1,13,66,172,257,230,123,37,5
1,13,66,172,257,231,125,38,5
1,13,66,172,257,231,126,39,5
1,13,66,172,257,232,125,36,4
1,13,66,172,257,232,128,41,6
1,13,66,172,257,233,132,47,10,1
1,13,66,172,257,234,131,40,5
1,13,66,172,257,234,131,40,5
1,13,66,172,257,234,131,42,6
1,13,66,172,257,234,132,43,6
1,13,66,172,257,235,131,40,5
1,13,66,172,257,235,135,48,10,1
1,13,66,172,257,237,140,52,11,1
1,13,66,172,258,232,123,35,4
1,13,66,172,258,233,125,36,4
1,13,66,172,258,234,126,36,4
1,13,66,172,258,234,128,39,5
1,13,66,172,258,236,131,40,5
1,13,66,172,258,236,131,40,5
1,13,66,172,258,236,132,42,6
1,13,66,172,258,236,135,48,10,1
1,13,66,172,258,237,134,43,6
1,13,66,172,258,237,134,43,6
1,13,66,172,258,238,140,52,11,1
1,13,66,172,258,239,137,44,6
1,13,66,172,258,240,143,53,11,1
1,13,66,172,258,240,144,53,11,1
1,13,66,172,258,240,146,56,12,1
1,13,66,172,258,242,147,56,12,1
1,13,66,172,259,237,132,42,6
1,13,66,172,259,238,134,43,6
1,13,66,172,259,239,135,43,6
1,13,66,172,259,239,135,43,6
1,13,66,172,259,241,142,52,11,1
1,13,66,172,259,242,138,44,6
1,13,66,172,259,242,144,53,11,1
1,13,66,172,259,242,144,53,11,1
1,13,66,172,259,244,149,57,12,1
1,13,66,172,259,245,150,57,12,1
1,13,66,172,260,243,141,45,6
1,13,66,172,260,243,144,53,11,1
1,13,66,172,260,244,141,45,6
1,13,66,172,260,245,148,56,12,1
1,13,66,172,260,247,147,49,7
1,13,66,172,260,248,151,55,11,1
1,13,66,172,260,248,151,57,12,1
1,13,66,172,260,249,159,67,17,2
1,13,66,172,260,250,160,67,17,2
1,13,66,172,261,248,147,49,7
1,13,66,172,261,248,151,57,12,1
1,13,66,172,261,249,147,49,7
1,13,66,172,261,249,151,55,11,1
1,13,66,172,261,251,160,67,17,2
1,13,66,172,261,252,157,59,12,1
1,13,66,172,261,254,166,71,18,2
1,13,66,172,262,254,157,59,12,1
1,13,66,172,262,256,164,68,17,2
1,13,66,172,262,257,167,71,18,2
1,13,66,172,262,258,169,72,18,2
1,13,66,172,263,260,170,72,18,2
1,13,66,173,252,201,81,15,1
1,13,66,173,254,208,87,14
1,13,66,173,255,214,99,23,2
1,13,66,173,256,215,95,17
1,13,66,173,256,216,97,18
1,13,66,173,256,217,101,23,2
1,13,66,173,257,220,104,24,2
1,13,66,173,257,222,109,28,3
1,13,66,173,258,222,103,20
1,13,66,173,258,225,112,29,3
1,13,66,173,258,225,112,29,3
1,13,66,173,258,226,115,31,3
1,13,66,173,258,226,115,32,4
1,13,66,173,258,226,116,33,4
1,13,66,173,258,227,117,33,4
1,13,66,173,258,231,131,47,10,1
1,13,66,173,259,228,115,30,3
1,13,66,173,259,229,117,31,3
1,13,66,173,259,230,120,34,4
1,13,66,173,259,230,120,34,4
1,13,66,173,259,232,125,38,5
1,13,66,173,260,231,117,29,2
1,13,66,173,260,231,119,33,4
1,13,66,173,260,232,121,34,4
1,13,66,173,260,232,121,34,4
1,13,66,173,260,232,121,34,4
1,13,66,173,260,234,125,36,4
1,13,66,173,260,234,126,38,5
1,13,66,173,260,235,129,41,6
1,13,66,173,261,235,124,35,4
1,13,66,173,261,235,124,35,4
1,13,66,173,261,236,126,36,4
1,13,66,173,261,236,127,38,5
1,13,66,173,261,237,129,39,5
1,13,66,173,261,238,131,40,5
1,13,66,173,261,239,136,48,10,1
1,13,66,173,261,240,135,43,6
1,13,66,173,261,241,141,52,11,1
1,13,66,173,261,242,144,53,11,1
1,13,66,173,262,238,127,36,4
1,13,66,173,262,238,127,36,4
1,13,66,173,262,240,132,40,5
1,13,66,173,262,241,135,43,6
1,13,66,173,262,242,136,43,6
1,13,66,173,262,242,137,44,6
1,13,66,173,262,243,138,44,6
1,13,66,173,262,243,142,52,11,1
1,13,66,173,262,244,141,45,6
1,13,66,173,262,244,144,53,11,1
1,13,66,173,262,245,145,53,11,1
1,13,66,173,262,246,150,57,12,1
1,13,66,173,263,242,133,40,5
1,13,66,173,263,243,136,43,6
1,13,66,173,263,243,136,43,6
1,13,66,173,263,245,139,44,6
1,13,66,173,263,246,141,45,6
1,13,66,173,263,246,145,53,11,1
1,13,66,173,263,246,145,53,11,1
1,13,66,173,263,247,146,53,11,1
1,13,66,173,263,249,147,49,7
1,13,66,173,263,249,151,55,11,1
1,13,66,173,263,249,151,57,12,1
1,13,66,173,263,252,160,67,17,2
1,13,66,173,264,247,141,45,6
1,13,66,173,264,247,141,45,6
1,13,66,173,264,248,142,45,6
1,13,66,173,264,248,146,53,11,1
1,13,66,173,264,248,146,53,11,1
1,13,66,173,264,248,146,53,11,1
1,13,66,173,264,250,147,49,7
1,13,66,173,264,250,147,49,7
1,13,66,173,264,251,152,57,12,1
1,13,66,173,264,252,154,58,12,1
1,13,66,173,264,254,157,59,12,1
1,13,66,173,264,255,163,68,17,2
1,13,66,173,264,257,167,71,18,2
1,13,66,173,265,249,142,45,6
1,13,66,173,265,251,147,49,7
1,13,66,173,265,251,149,54,11,1
1,13,66,173,265,253,152,55,11,1
1,13,66,173,265,253,154,58,12,1
1,13,66,173,265,255,157,59,12,1
1,13,66,173,265,255,157,59,12,1
1,13,66,173,265,257,158,59,12,1
1,13,66,173,265,257,164,68,17,2
1,13,66,173,266,255,155,58,12,1
1,13,66,173,266,257,158,59,12,1
1,13,66,173,266,258,157,54,8
1,13,66,173,266,258,161,60,12,1
1,13,66,173,266,259,165,68,17,2
1,13,66,173,266,261,170,72,18,2
1,13,66,173,266,263,173,73,18,2
1,13,66,173,266,264,173,73,18,2
1,13,66,173,267,259,157,54,8
1,13,66,173,267,260,161,60,12,1
1,13,66,173,267,263,167,64,13,1
1,13,66,173,267,263,171,72,18,2
1,13,66,173,267,264,167,64,13,1
1,13,66,173,267,266,174,73,18,2
1,13,66,173,267,266,174,73,18,2
1,13,66,173,268,264,167,64,13,1
1,13,66,173,268,268,177,74,18,2
1,13,66,173,268,269,177,74,18,2
1,13,66,173,269,271,178,74,18,2
1,13,66,173,269,273,183,78,19,2
1,13,66,174,259,219,101,23,1
1,13,66,174,260,221,99,18
1,13,66,174,260,224,109,28,3
1,13,66,174,261,225,104,20
1,13,66,174,262,231,116,29,2
1,13,66,174,262,231,116,30,3
1,13,66,174,262,232,120,34,4
1,13,66,174,263,234,120,33,4
1,13,66,174,263,235,122,34,4
1,13,66,174,264,238,125,35,4
1,13,66,174,264,239,127,36,4
1,13,66,174,264,240,131,40,5
1,13,66,174,265,241,128,36,4
1,13,66,174,265,242,131,39,5
1,13,66,174,265,243,134,42,6
1,13,66,174,265,244,136,43,6
1,13,66,174,265,246,141,45,6
1,13,66,174,265,246,143,52,11,1
1,13,66,174,265,248,149,56,12,1
1,13,66,174,266,245,134,40,5
1,13,66,174,266,246,137,43,6
1,13,66,174,266,247,139,44,6
1,13,66,174,266,247,139,44,6
1,13,66,174,266,249,146,53,11,1
1,13,66,174,266,249,146,53,11,1
1,13,66,174,266,249,146,53,11,1
1,13,66,174,267,252,147,49,7
1,13,66,174,267,252,149,54,11,1
1,13,66,174,267,254,152,55,11,1
1,13,66,174,267,255,155,58,12,1
1,13,66,174,268,252,143,45,6
1,13,66,174,268,254,150,54,11,1
1,13,66,174,268,255,152,53,8
1,13,66,174,268,255,153,57,12,1
1,13,66,174,268,260,165,68,17,2
1,13,66,174,269,257,152,52,8
1,13,66,174,269,259,158,59,12,1
1,13,66,174,270,261,157,54,8
1,13,66,174,270,261,157,54,8
1,13,66,174,270,261,159,59,12,1
1,13,66,174,270,263,162,60,12,1
1,13,66,174,270,265,167,64,13,1
1,13,66,174,270,267,174,73,18,2
1,13,66,174,270,269,177,74,18,2
1,13,66,174,271,262,156,53,8
1,13,66,174,271,266,169,69,17,2
1,13,66,174,271,267,167,59,9
1,13,66,174,271,268,174,73,18,2
1,13,66,174,271,269,175,73,18,2
1,13,66,174,271,271,180,77,19,2
1,13,66,174,272,265,159,54,8
1,13,66,174,272,268,168,64,13,1
1,13,66,174,272,272,178,74,18,2
1,13,66,174,272,273,181,77,19,2
1,13,66,174,272,274,183,78,19,2
1,13,66,174,272,276,184,78,19,2
1,13,66,174,273,270,167,59,9
1,13,66,174,273,273,178,74,18,2
1,13,66,174,273,278,187,79,19,2
1,13,66,174,274,276,182,77,19,2
1,13,66,174,274,279,185,78,19,2
1,13,66,174,274,279,187,79,19,2
1,13,66,174,274,281,188,79,19,2
1,13,66,174,274,285,200,92,25,3
1,13,66,174,275,280,187,79,19,2
1,13,66,174,275,282,188,79,19,2
1,13,66,174,275,288,203,93,25,3
1,13,66,174,277,291,204,93,25,3
1,13,66,174,277,299,228,123,45,10,1
1,13,66,175,260,207,70,1
1,13,66,175,264,225,98,16
1,13,66,175,267,242,130,39,5
1,13,66,175,268,240,117,24
1,13,66,175,268,244,129,36,4
1,13,66,175,268,244,129,36,4
1,13,66,175,269,247,132,37,4
1,13,66,175,269,248,135,40,5
1,13,66,175,269,249,138,43,6
1,13,66,175,270,252,141,44,6
1,13,66,175,270,253,143,45,6
1,13,66,175,270,255,150,54,11,1
1,13,66,175,271,255,144,45,6
1,13,66,175,271,257,151,54,11,1
1,13,66,175,271,258,154,57,12,1
1,13,66,175,271,261,161,60,12,1
1,13,66,175,272,256,141,40,4
1,13,66,175,272,260,150,47,6
1,13,66,175,272,261,157,58,12,1
1,13,66,175,272,262,157,54,8
1,13,66,175,272,262,159,59,12,1
1,13,66,175,272,264,163,60,12,1
1,13,66,175,273,263,156,53,8
1,13,66,175,273,264,160,59,12,1
1,13,66,175,273,265,162,60,12,1
1,13,66,175,273,267,169,69,17,2
1,13,66,175,273,268,168,64,13,1
1,13,66,175,273,270,175,73,18,2
1,13,66,175,274,266,159,54,8
1,13,66,175,274,269,168,64,13,1
1,13,66,175,274,269,170,69,17,2
1,13,66,175,274,271,175,73,18,2
1,13,66,175,275,271,167,59,9
1,13,66,175,275,273,176,73,18,2
1,13,66,175,275,275,179,74,18,2
1,13,66,175,275,276,182,77,19,2
1,13,66,175,276,273,166,56,8
1,13,66,175,276,276,179,74,18,2
1,13,66,175,276,276,179,74,18,2
1,13,66,175,276,276,179,74,18,2
1,13,66,175,276,277,172,60,9
1,13,66,175,276,277,176,66,13,1
1,13,66,175,276,278,184,78,19,2
1,13,66,175,276,279,185,78,19,2
1,13,66,175,276,280,187,79,19,2
1,13,66,175,277,280,185,78,19,2
1,13,66,175,277,280,185,78,19,2
1,13,66,175,277,282,188,79,19,2
1,13,66,175,278,282,186,78,19,2
1,13,66,175,278,283,188,79,19,2
1,13,66,175,278,288,201,92,25,3
1,13,66,175,278,291,204,93,25,3
1,13,66,175,279,285,189,79,19,2
1,13,66,175,279,285,189,79,19,2
1,13,66,175,279,285,189,79,19,2
1,13,66,175,279,289,197,84,20,2
1,13,66,175,279,300,228,123,45,10,1
1,13,66,175,280,290,197,84,20,2
1,13,66,175,280,291,192,75,15,1
1,13,66,175,280,294,205,93,25,3
1,13,66,175,280,294,207,94,25,3
1,13,66,175,281,292,198,84,20,2
1,13,66,175,281,294,205,93,25,3
1,13,66,175,281,297,208,94,25,3
1,13,66,175,282,297,208,94,25,3
1,13,66,175,282,309,238,128,46,10,1
1,13,66,175,283,311,239,128,46,10,1
1,13,66,175,284,312,239,128,46,10,1
1,13,66,176,268,231,102,17
1,13,66,176,271,243,118,24
1,13,66,176,272,249,131,36,4
1,13,66,176,274,257,141,40,4
1,13,66,176,275,259,142,40,4
1,13,66,176,275,262,150,47,6
1,13,66,176,275,265,160,59,12,1
1,13,66,176,276,264,151,47,6
1,13,66,176,276,265,155,52,8
1,13,66,176,276,268,163,60,12,1
1,13,66,176,277,270,164,60,12,1
1,13,66,176,278,274,166,56,8
1,13,66,176,278,277,176,66,13,1
1,13,66,176,279,275,166,56,8
1,13,66,176,279,275,166,56,8
1,13,66,176,279,278,172,60,9
1,13,66,176,279,279,176,66,13,1
1,13,66,176,279,279,180,74,18,2
1,13,66,176,279,283,188,79,19,2
1,13,66,176,280,277,167,56,8
1,13,66,176,280,280,176,66,13,1
1,13,66,176,280,285,189,79,19,2
1,13,66,176,281,286,189,79,19,2
1,13,66,176,281,286,189,79,19,2
1,13,66,176,282,287,182,65,10
1,13,66,176,282,291,192,75,15,1
1,13,66,176,282,292,192,75,15,1
1,13,66,176,283,288,182,65,10
1,13,66,176,283,292,192,75,15,1
1,13,66,176,283,293,196,81,19,2
1,13,66,176,283,293,198,84,20,2
1,13,66,176,283,296,202,85,20,2
1,13,66,176,284,294,196,81,19,2
1,13,66,176,284,298,202,85,20,2
1,13,66,176,284,302,212,95,25,3
1,13,66,176,285,300,209,94,25,3
1,13,66,176,285,312,239,128,46,10,1
1,13,66,176,286,301,202,80,16,1
1,13,66,176,286,306,212,90,21,2
1,13,66,176,287,306,212,90,21,2
1,13,66,176,287,307,212,90,21,2
1,13,66,176,287,311,222,100,26,3
1,13,66,176,288,312,222,100,26,3
1,13,66,177,276,255,135,37,4
1,13,66,177,279,267,152,47,6
1,13,66,177,280,272,161,54,8
1,13,66,177,280,273,165,60,12,1
1,13,66,177,280,274,167,59,9
1,13,66,177,282,278,167,56,8
1,13,66,177,282,280,172,60,9
1,13,66,177,282,281,176,66,13,1
1,13,66,177,282,283,183,75,18,2
1,13,66,177,283,283,177,66,13,1
1,13,66,177,283,285,184,75,18,2
1,13,66,177,283,286,187,78,19,2
1,13,66,177,283,287,189,79,19,2
1,13,66,177,284,289,190,79,19,2
1,13,66,177,285,289,182,65,10
1,13,66,177,285,292,193,80,19,2
1,13,66,177,285,294,196,81,19,2
1,13,66,177,286,296,199,84,20,2
1,13,66,177,286,298,202,85,20,2
1,13,66,177,286,298,206,93,25,3
1,13,66,177,286,300,209,94,25,3
1,13,66,177,287,297,197,81,19,2
1,13,66,177,287,299,202,85,20,2
1,13,66,177,287,303,212,95,25,3
1,13,66,177,288,301,203,85,20,2
1,13,66,177,288,302,202,80,16,1
1,13,66,177,288,306,212,90,21,2
1,13,66,177,289,307,212,90,21,2
1,13,66,177,289,312,222,100,26,3
1,13,66,177,290,308,212,90,21,2
1,13,66,177,290,308,212,90,21,2
1,13,66,177,290,313,222,100,26,3
1,13,66,177,291,313,222,100,26,3
1,13,66,177,291,319,243,129,46,10,1
1,13,66,177,292,319,235,113,32,4
1,13,66,177,292,320,237,114,32,4
1,13,66,177,292,321,244,129,46,10,1
1,13,66,177,292,327,253,134,47,10,1
1,13,66,177,293,321,232,105,27,3
1,13,66,177,293,322,232,105,27,3
1,13,66,177,294,322,232,105,27,3
1,13,66,177,294,328,253,134,47,10,1
1,13,66,177,295,325,239,114,32,4
1,13,66,177,295,333,257,135,47,10,1
1,13,66,177,295,337,269,148,53,11,1
1,13,66,177,298,340,270,148,53,11,1
1,13,66,178,283,274,160,53,8
1,13,66,178,284,279,169,61,12,1
1,13,66,178,285,281,168,56,8
1,13,66,178,287,290,182,65,10
1,13,66,178,287,292,191,79,19,2
1,13,66,178,288,295,194,80,19,2
1,13,66,178,288,297,199,84,20,2
1,13,66,178,289,298,197,81,19,2
1,13,66,178,289,300,202,85,20,2
1,13,66,178,289,301,202,80,16,1
1,13,66,178,290,302,203,85,20,2
1,13,66,178,290,304,210,94,25,3
1,13,66,178,291,307,213,95,25,3
1,13,66,178,291,308,212,90,21,2
1,13,66,178,293,314,222,100,26,3
1,13,66,178,294,322,244,129,46,10,1
1,13,66,178,295,322,236,113,32,4
1,13,66,178,296,323,232,105,27,3
1,13,66,178,296,325,239,114,32,4
1,13,66,178,296,333,257,135,47,10,1
1,13,66,178,297,328,242,115,32,4
1,13,66,178,298,340,270,148,53,11,1
1,13,66,178,299,331,243,115,32,4
1,13,66,178,299,336,252,120,33,4
1,13,66,178,299,343,273,149,53,11,1
1,13,66,178,300,343,273,149,53,11,1
1,13,66,178,301,338,252,120,33,4
1,13,66,178,301,348,277,150,53,11,1
1,13,66,178,302,346,274,149,53,11,1
1,13,66,178,303,349,277,150,53,11,1
1,13,66,179,291,298,195,80,19,2
1,13,66,179,293,305,204,85,20,2
1,13,66,179,294,310,214,95,25,3
1,13,66,179,295,312,213,90,21,2
1,13,66,179,297,323,232,105,27,3
1,13,66,179,298,324,232,105,27,3
1,13,66,179,299,332,254,134,47,10,1
1,13,66,179,300,331,243,115,32,4
1,13,66,179,301,337,258,135,47,10,1
1,13,66,179,302,338,252,120,33,4
1,13,66,179,303,346,274,149,53,11,1
1,13,66,179,303,349,277,150,53,11,1
1,13,66,179,306,352,278,150,53,11,1
1,13,66,179,307,358,287,155,54,11,1
1,13,66,179,308,359,287,155,54,11,1
1,13,66,180,290,277,145,32
1,13,66,180,295,299,182,60,8
1,13,66,180,300,317,207,76,12
1,13,66,180,300,322,221,92,21,2
1,13,66,180,303,338,258,135,47,10,1
1,13,66,180,305,336,237,101,23,2
1,13,66,180,305,341,247,111,28,3
1,13,66,180,307,352,278,150,53,11,1
1,13,66,180,310,356,267,126,34,4
1,13,66,181,298,302,183,60,8
1,13,66,181,302,318,207,76,12
1,13,66,181,303,324,221,92,21,2
1,13,66,181,304,332,241,114,32,4
1,13,66,181,305,335,244,115,32,4
1,13,66,181,306,336,237,101,23,2
1,13,66,181,306,340,252,120,33,4
1,13,66,181,306,341,259,135,47,10,1
1,13,66,181,307,337,237,101,23,2
1,13,66,181,307,341,247,111,28,3
1,13,66,181,308,342,247,111,28,3
1,13,66,181,308,343,251,117,32,4
1,13,66,181,308,350,275,149,53,11,1
1,13,66,181,309,353,278,150,53,11,1
1,13,66,181,311,356,267,126,34,4
1,13,66,181,312,356,267,126,34,4
1,13,66,181,312,356,267,126,34,4
1,13,66,181,312,362,288,155,54,11,1
1,13,66,181,313,357,267,126,34,4
1,13,66,181,313,367,292,156,54,11,1
1,13,66,181,316,371,287,141,40,5
1,13,66,181,317,371,287,141,40,5
1,13,66,181,317,377,302,161,55,11,1
1,13,66,181,318,377,302,161,55,11,1
1,13,66,181,320,392,339,204,81,19,2
1,13,66,181,321,395,342,205,81,19,2
1,13,66,181,324,398,343,205,81,19,2
1,13,66,182,306,327,222,92,21,2
1,13,66,182,310,343,247,111,28,3
1,13,66,182,312,356,279,150,53,11,1
1,13,66,182,314,357,267,126,34,4
1,13,66,182,314,363,288,155,54,11,1
1,13,66,182,316,368,292,156,54,11,1
1,13,66,182,318,371,287,141,40,5
1,13,66,182,318,377,302,161,55,11,1
1,13,66,182,320,378,302,161,55,11,1
1,13,66,182,324,392,322,176,61,12,1
1,13,66,182,324,398,343,205,81,19,2
1,13,66,183,313,347,252,117,32,4
1,13,66,183,316,358,267,126,34,4
1,13,66,183,318,369,292,156,54,11,1
1,13,66,183,319,371,287,141,40,5
1,13,66,183,321,378,302,161,55,11,1
1,13,66,183,328,404,347,206,81,19,2
1,13,66,183,331,413,357,211,82,19,2
1,13,66,183,333,414,357,211,82,19,2
1,13,66,184,321,372,293,156,54,11,1
1,13,66,184,327,393,322,176,61,12,1
1,13,66,184,333,414,357,211,82,19,2
1,13,66,185,330,402,344,205,81,19,2
1,13,66,185,350,472,464,330,165,55,11,1
1,13,66,186,325,361,248,96,16
1,13,66,186,331,386,292,137,36,4
1,13,66,186,334,408,348,206,81,19,2
1,13,66,186,336,415,357,211,82,19,2
1,13,66,186,337,406,322,162,47,6
1,13,66,186,337,412,337,182,62,12,1
1,13,66,186,343,427,357,197,68,13,1
1,13,66,186,354,478,468,331,165,55,11,1
1,13,66,187,333,387,292,137,36,4
1,13,66,187,338,406,322,162,47,6
1,13,66,187,339,412,337,182,62,12,1
1,13,66,187,343,427,357,197,68,13,1
1,13,66,187,344,427,357,197,68,13,1
1,13,66,187,345,433,372,217,83,19,2
1,13,66,187,350,448,392,232,89,20,2
1,13,66,187,351,448,392,232,89,20,2
1,13,66,188,341,413,337,182,62,12,1
1,13,66,188,351,448,392,232,89,20,2
1,13,66,189,348,434,372,217,83,19,2
1,13,66,189,352,448,392,232,89,20,2
1,13,66,189,366,497,483,337,166,55,11,1
1,13,66,190,360,482,469,331,165,55,11,1
1,13,66,192,369,498,483,337,166,55,11,1
1,13,66,193,364,456,377,198,60,8
1,13,66,193,371,483,427,253,96,21,2
1,13,66,193,378,504,462,288,117,28,3
1,13,66,194,372,483,427,253,96,21,2
1,13,66,194,378,504,462,288,117,28,3
1,13,66,194,386,532,518,358,173,56,11,1
1,13,66,196,387,532,518,358,173,56,11,1
1,13,66,201,406,560,532,344,145,36,4
1,13,66,201,414,588,588,414,201,64,12,1
1,13,66,202,414,588,588,414,201,64,12,1
1,13,66,210,450,672,714,540,285,100,21,2
1,13,66,220,495,792,924,792,495,220,66,12,1
1,13,67,174,238,161,43,2
1,13,67,174,239,166,49,3
1,13,67,174,239,166,50,4
1,13,67,174,239,166,50,5
1,13,67,174,239,167,53,6
1,13,67,175,244,172,49,2
1,13,67,175,244,173,51,2
1,13,67,175,244,173,52,4
1,13,67,175,244,174,55,6
1,13,67,175,245,176,54,4
1,13,67,175,245,177,55,3
1,13,67,175,245,177,56,4
1,13,67,175,245,177,57,6
1,13,67,175,245,178,59,6
1,13,67,175,245,178,59,6
1,13,67,175,245,178,59,7
1,13,67,175,245,178,60,8
1,13,67,175,245,179,62,8
1,13,67,175,245,180,66,12,1
1,13,67,175,246,181,60,5
1,13,67,175,246,182,62,6
1,13,67,175,246,182,63,7
1,13,67,175,246,182,63,7
1,13,67,175,246,182,64,8
1,13,67,175,246,183,66,9
1,13,67,175,246,183,66,9
1,13,67,175,246,183,67,10
1,13,67,175,246,183,68,13,1
1,13,67,175,246,184,69,10
1,13,67,175,246,184,70,13,1
1,13,67,175,247,187,70,10
1,13,67,175,247,188,73,12
1,13,67,175,247,188,74,12
1,13,67,175,247,188,74,14,1
1,13,67,175,247,188,75,15,1
1,13,67,175,247,189,77,15,1
1,13,67,175,248,194,84,18,1
1,13,67,176,249,181,56,4
1,13,67,176,250,184,57,2
1,13,67,176,250,185,60,4
1,13,67,176,250,185,61,6
1,13,67,176,250,186,63,6
1,13,67,176,250,186,64,8
1,13,67,176,250,186,64,8
1,13,67,176,251,188,62,4
1,13,67,176,251,189,65,6
1,13,67,176,251,189,65,6
1,13,67,176,251,190,68,8
1,13,67,176,251,190,68,8
1,13,67,176,251,190,69,10
1,13,67,176,251,190,69,10
1,13,67,176,251,191,71,10
1,13,67,176,251,191,71,10
1,13,67,176,251,191,72,13,1
1,13,67,176,252,191,65,5
1,13,67,176,252,193,70,8
1,13,67,176,252,193,70,8
1,13,67,176,252,193,70,8
1,13,67,176,252,194,72,9
1,13,67,176,252,194,72,9
1,13,67,176,252,194,73,10
1,13,67,176,252,194,73,10
1,13,67,176,252,194,73,10
1,13,67,176,252,194,74,12
1,13,67,176,252,194,75,14,1
1,13,67,176,252,195,75,11
1,13,67,176,252,195,75,11
1,13,67,176,252,195,75,11
1,13,67,176,252,195,76,12
1,13,67,176,252,195,76,12
1,13,67,176,252,195,76,12
1,13,67,176,252,195,76,13,1
1,13,67,176,252,196,79,14
1,13,67,176,252,196,79,15,1
1,13,67,176,252,196,79,15,1
1,13,67,176,252,196,81,19,2
1,13,67,176,252,197,82,16,1
1,13,67,176,252,197,83,19,2
1,13,67,176,253,197,75,10
1,13,67,176,253,198,77,11
1,13,67,176,253,198,78,12
1,13,67,176,253,198,78,12
1,13,67,176,253,198,80,16,1
1,13,67,176,253,199,79,12
1,13,67,176,253,199,79,12
1,13,67,176,253,199,79,12
1,13,67,176,253,199,80,13
1,13,67,176,253,199,80,14,1
1,13,67,176,253,199,81,14
1,13,67,176,253,199,81,15,1
1,13,67,176,253,199,81,15,1
1,13,67,176,253,200,83,14
1,13,67,176,253,200,83,15
1,13,67,176,253,200,83,16,1
1,13,67,176,253,200,83,16,1
1,13,67,176,253,200,85,19,2
1,13,67,176,253,201,87,20,2
1,13,67,176,253,201,88,21,2
1,13,67,176,253,202,90,21,2
1,13,67,176,254,203,84,14
1,13,67,176,254,203,85,15
1,13,67,176,254,203,85,16,1
1,13,67,176,254,204,86,15
1,13,67,176,254,204,88,18,1
1,13,67,176,254,204,89,20,2
1,13,67,176,254,204,90,21,2
1,13,67,176,254,205,91,20,1
1,13,67,176,254,205,91,21,2
1,13,67,176,254,205,92,21,2
1,13,67,176,254,205,92,22,2
1,13,67,176,254,206,94,22,2
1,13,67,176,254,206,95,23,2
1,13,67,176,254,206,95,25,3
1,13,67,176,254,207,98,26,3
1,13,67,176,255,209,95,22,2
1,13,67,176,255,210,98,23,2
1,13,67,176,255,210,98,24,2
1,13,67,176,255,210,98,25,3
1,13,67,176,255,210,100,26,3
1,13,67,176,255,211,102,27,3
1,13,67,176,255,211,102,27,3
1,13,67,176,255,211,104,30,4
1,13,67,176,256,216,109,31,4
1,13,67,177,255,192,61,2
1,13,67,177,255,194,68,8
1,13,67,177,256,195,64,3
1,13,67,177,256,197,69,6
1,13,67,177,256,198,72,8
1,13,67,177,256,198,73,10
1,13,67,177,256,199,76,12
1,13,67,177,257,201,74,8
1,13,67,177,257,202,77,10
1,13,67,177,257,202,77,10
1,13,67,177,257,203,80,12
1,13,67,177,257,203,80,12
1,13,67,177,257,203,80,12
1,13,67,177,257,203,80,13,1
1,13,67,177,257,204,83,14
1,13,67,177,257,204,85,19,2
1,13,67,177,257,205,88,21,2
1,13,67,177,258,204,77,9
1,13,67,177,258,204,77,9
1,13,67,177,258,206,82,12
1,13,67,177,258,206,82,12
1,13,67,177,258,206,82,12
1,13,67,177,258,206,82,12
1,13,67,177,258,206,82,12
1,13,67,177,258,206,83,14,1
1,13,67,177,258,207,84,13
1,13,67,177,258,207,84,13
1,13,67,177,258,207,84,13
1,13,67,177,258,207,85,14
1,13,67,177,258,207,85,14
1,13,67,177,258,207,85,14
1,13,67,177,258,207,85,15,1
1,13,67,177,258,208,88,16
1,13,67,177,258,208,88,17,1
1,13,67,177,258,208,88,17,1
1,13,67,177,258,208,90,21,2
1,13,67,177,258,209,92,21,2
1,13,67,177,258,209,92,21,2
1,13,67,177,258,209,92,21,2
1,13,67,177,259,209,85,13
1,13,67,177,259,210,87,14
1,13,67,177,259,210,87,14
1,13,67,177,259,210,87,14
1,13,67,177,259,210,88,16,1
1,13,67,177,259,211,89,15
1,13,67,177,259,211,89,15
1,13,67,177,259,211,89,15
1,13,67,177,259,211,90,16
1,13,67,177,259,211,90,16
1,13,67,177,259,211,90,16
1,13,67,177,259,211,90,17,1
1,13,67,177,259,211,91,18,1
1,13,67,177,259,212,92,18,1
1,13,67,177,259,212,93,19,1
1,13,67,177,259,212,93,20,2
1,13,67,177,259,212,94,21,2
1,13,67,177,259,212,94,21,2
1,13,67,177,259,212,94,21,2
1,13,67,177,259,213,95,18
1,13,67,177,259,213,96,22,2
1,13,67,177,259,213,97,23,2
1,13,67,177,259,213,97,23,2
1,13,67,177,259,213,98,25,3
1,13,67,177,259,214,99,23,2
1,13,67,177,259,215,103,27,3
1,13,67,177,260,213,90,15
1,13,67,177,260,213,91,17,1
1,13,67,177,260,214,92,16
1,13,67,177,260,214,92,16
1,13,67,177,260,214,92,16
1,13,67,177,260,215,94,17
1,13,67,177,260,215,95,19,1
1,13,67,177,260,215,96,20,1
1,13,67,177,260,215,96,21,2
1,13,67,177,260,215,97,22,2
1,13,67,177,260,216,96,18
1,13,67,177,260,216,97,20,1
1,13,67,177,260,216,98,22,2
1,13,67,177,260,216,99,23,2
1,13,67,177,260,216,99,23,2
1,13,67,177,260,216,99,23,2
1,13,67,177,260,216,99,23,2
1,13,67,177,260,216,99,23,2
1,13,67,177,260,217,100,23,2
1,13,67,177,260,217,100,23,2
1,13,67,177,260,217,101,24,2
1,13,67,177,260,217,101,24,2
1,13,67,177,260,217,102,25,2
1,13,67,177,260,217,102,26,3
1,13,67,177,260,218,104,27,3
1,13,67,177,260,218,104,27,3
1,13,67,177,260,218,105,28,3
1,13,67,177,260,218,106,30,4
1,13,67,177,260,219,107,28,3
1,13,67,177,260,219,107,28,3
1,13,67,177,260,219,108,30,4
1,13,67,177,261,219,101,23,2
1,13,67,177,261,220,103,24,2
1,13,67,177,261,220,103,24,2
1,13,67,177,261,220,105,27,3
1,13,67,177,261,221,105,25,2
1,13,67,177,261,221,106,27,3
1,13,67,177,261,221,107,28,3
1,13,67,177,261,222,108,28,3
1,13,67,177,261,222,108,28,3
1,13,67,177,261,222,109,27,2
1,13,67,177,261,222,109,29,3
1,13,67,177,261,222,110,31,4
1,13,67,177,261,223,113,32,4
1,13,67,177,261,223,113,32,4
1,13,67,177,262,225,110,27,2
1,13,67,177,262,225,111,29,3
1,13,67,177,262,226,114,32,4
1,13,67,177,262,226,114,32,4
1,13,67,177,262,226,116,35,5
1,13,67,177,262,227,115,31,3
1,13,67,177,262,227,116,31,3
1,13,67,177,262,227,116,33,4
1,13,67,177,262,227,116,33,4
1,13,67,177,262,227,118,34,4
1,13,67,177,262,228,119,34,4
1,13,67,177,262,228,120,36,5
1,13,67,177,262,230,128,46,10,1
1,13,67,177,263,231,120,34,4
1,13,67,177,263,232,123,37,5
1,13,67,177,263,233,131,47,10,1
1,13,67,177,263,234,132,47,10,1
1,13,67,177,264,237,131,40,5
1,13,67,177,264,238,135,48,10,1
1,13,67,178,260,201,68,4
1,13,67,178,261,206,76,8
1,13,67,178,261,207,80,12
1,13,67,178,262,210,81,10
1,13,67,178,262,211,84,12
1,13,67,178,262,211,86,16,1
1,13,67,178,263,213,84,11
1,13,67,178,263,214,87,14,1
1,13,67,178,263,215,89,14
1,13,67,178,263,215,89,14
1,13,67,178,263,215,89,14
1,13,67,178,263,215,89,14
1,13,67,178,263,216,92,16
1,13,67,178,263,216,93,18
1,13,67,178,263,217,96,21,2
1,13,67,178,263,217,96,21,2
1,13,67,178,263,217,97,23,2
1,13,67,178,264,218,92,15
1,13,67,178,264,219,94,16
1,13,67,178,264,219,94,16
1,13,67,178,264,219,94,16
1,13,67,178,264,219,94,16
1,13,67,178,264,219,95,18,1
1,13,67,178,264,220,96,17
1,13,67,178,264,220,97,18
1,13,67,178,264,220,98,21,2
1,13,67,178,264,221,100,21,1
1,13,67,178,264,221,101,23,2
1,13,67,178,264,221,101,23,2
1,13,67,178,264,221,101,23,2
1,13,67,178,264,221,101,23,2
1,13,67,178,264,221,101,23,2
1,13,67,178,264,223,108,30,4
1,13,67,178,265,222,97,17
1,13,67,178,265,222,97,17
1,13,67,178,265,223,99,18
1,13,67,178,265,223,99,18
1,13,67,178,265,223,99,18
1,13,67,178,265,223,99,18
1,13,67,178,265,223,100,20,1
1,13,67,178,265,223,101,22,2
1,13,67,178,265,223,102,23,1
1,13,67,178,265,224,101,19
1,13,67,178,265,224,102,20
1,13,67,178,265,224,102,21,1
1,13,67,178,265,224,103,23,2
1,13,67,178,265,224,103,23,2
1,13,67,178,265,224,103,23,2
1,13,67,178,265,225,105,24,2
1,13,67,178,265,225,105,24,2
1,13,67,178,265,225,105,24,2
1,13,67,178,265,225,106,25,2
1,13,67,178,265,225,107,27,3
1,13,67,178,265,226,109,27,2
1,13,67,178,265,226,109,28,3
1,13,67,178,265,226,109,28,3
1,13,67,178,265,226,109,28,3
1,13,67,178,265,227,111,27,2
1,13,67,178,265,227,113,32,4
1,13,67,178,266,225,100,18
1,13,67,178,266,226,102,19
1,13,67,178,266,226,103,21,1
1,13,67,178,266,227,104,20
1,13,67,178,266,227,106,24,2
1,13,67,178,266,227,106,24,2
1,13,67,178,266,228,108,25,2
1,13,67,178,266,228,108,25,2
1,13,67,178,266,228,108,25,2
1,13,67,178,266,228,108,25,2
1,13,67,178,266,228,108,25,2
1,13,67,178,266,228,109,26,2
1,13,67,178,266,228,109,27,3
1,13,67,178,266,229,110,26,2
1,13,67,178,266,229,111,27,2
1,13,67,178,266,229,111,28,3
1,13,67,178,266,229,112,29,3
1,13,67,178,266,230,113,29,3
1,13,67,178,266,230,113,29,3
1,13,67,178,266,230,113,29,3
1,13,67,178,266,230,114,30,3
1,13,67,178,266,230,115,31,3
1,13,67,178,266,230,115,32,4
1,13,67,178,266,230,115,32,4
1,13,67,178,266,230,115,32,4
1,13,67,178,266,230,115,32,4
1,13,67,178,266,231,117,33,4
1,13,67,178,266,231,118,34,4
1,13,67,178,266,232,120,34,4
1,13,67,178,266,232,120,34,4
1,13,67,178,266,234,129,46,10,1
1,13,67,178,267,229,105,20
1,13,67,178,267,231,111,26,2
1,13,67,178,267,232,113,27,2
1,13,67,178,267,232,114,29,3
1,13,67,178,267,232,114,29,3
1,13,67,178,267,233,116,29,2
1,13,67,178,267,233,116,30,3
1,13,67,178,267,233,116,30,3
1,13,67,178,267,233,117,31,3
1,13,67,178,267,233,117,32,4
1,13,67,178,267,233,117,32,4
1,13,67,178,267,233,118,33,4
1,13,67,178,267,234,118,31,3
1,13,67,178,267,234,118,31,3
1,13,67,178,267,234,119,33,4
1,13,67,178,267,234,119,33,4
1,13,67,178,267,234,119,33,4
1,13,67,178,267,234,120,34,4
1,13,67,178,267,234,120,34,4
1,13,67,178,267,234,121,36,5
1,13,67,178,267,235,121,34,4
1,13,67,178,267,235,121,34,4
1,13,67,178,267,235,121,34,4
1,13,67,178,267,235,122,34,4
1,13,67,178,267,236,125,36,4
1,13,67,178,267,237,129,41,6
1,13,67,178,268,235,117,29,2
1,13,67,178,268,235,117,30,3
1,13,67,178,268,236,120,33,4
1,13,67,178,268,237,122,34,4
1,13,67,178,268,237,122,34,4
1,13,67,178,268,237,122,34,4
1,13,67,178,268,237,122,34,4
1,13,67,178,268,238,124,35,4
1,13,67,178,268,238,125,36,4
1,13,67,178,268,238,125,37,5
1,13,67,178,268,239,125,35,4
1,13,67,178,268,239,127,36,4
1,13,67,178,268,239,127,38,5
1,13,67,178,268,239,127,38,5
1,13,67,178,268,240,130,41,6
1,13,67,178,268,240,133,47,10,1
1,13,67,178,268,241,132,40,5
1,13,67,178,268,241,134,43,6
1,13,67,178,268,241,134,47,10,1
1,13,67,178,268,241,136,48,10,1
1,13,67,178,268,243,141,52,11,1
1,13,67,178,269,241,127,36,4
1,13,67,178,269,242,131,40,5
1,13,67,178,269,243,131,39,5
1,13,67,178,269,243,132,40,5
1,13,67,178,269,244,133,40,5
1,13,67,178,269,244,134,42,6
1,13,67,178,269,244,136,43,6
1,13,67,178,269,244,137,48,10,1
1,13,67,178,269,245,137,44,6
1,13,67,178,269,246,143,52,11,1
1,13,67,178,269,247,145,53,11,1
1,13,67,178,270,247,137,43,6
1,13,67,178,270,248,139,44,6
1,13,67,178,270,248,141,45,6
1,13,67,178,270,248,143,52,11,1
1,13,67,178,270,249,140,44,6
1,13,67,178,270,249,146,53,11,1
1,13,67,178,270,250,146,53,11,1
1,13,67,178,270,250,146,53,11,1
1,13,67,178,270,251,151,57,12,1
1,13,67,178,271,253,147,49,7
1,13,67,178,271,254,152,55,11,1
1,13,67,178,271,255,153,57,12,1
1,13,67,178,272,259,158,59,12,1
1,13,67,179,267,219,88,12
1,13,67,179,267,221,96,21,2
1,13,67,179,268,223,94,16,1
1,13,67,179,268,224,96,16
1,13,67,179,268,224,96,16
1,13,67,179,269,228,101,18
1,13,67,179,269,228,101,18
1,13,67,179,269,228,101,18
1,13,67,179,269,228,102,20,1
1,13,67,179,269,229,105,23,2
1,13,67,179,269,229,105,23,2
1,13,67,179,269,230,108,25,2
1,13,67,179,269,230,108,25,2
1,13,67,179,270,231,104,19
1,13,67,179,270,231,104,19
1,13,67,179,270,232,106,20
1,13,67,179,270,232,106,20
1,13,67,179,270,233,110,25,2
1,13,67,179,270,233,110,25,2
1,13,67,179,270,234,113,28,3
1,13,67,179,270,234,114,29,3
1,13,67,179,270,235,117,32,4
1,13,67,179,271,235,109,21
1,13,67,179,271,235,109,21
1,13,67,179,271,235,110,23,1
1,13,67,179,271,236,113,26,2
1,13,67,179,271,236,113,26,2
1,13,67,179,271,237,115,27,2
1,13,67,179,271,237,115,27,2
1,13,67,179,271,237,116,29,3
1,13,67,179,271,238,117,28,2
1,13,67,179,271,238,118,29,2
1,13,67,179,271,238,118,30,3
1,13,67,179,271,238,118,30,3
1,13,67,179,271,238,119,31,3
1,13,67,179,271,239,121,33,4
1,13,67,179,271,239,122,34,4
1,13,67,179,271,239,122,34,4
1,13,67,179,271,239,122,34,4
1,13,67,179,271,239,122,34,4
1,13,67,179,271,239,122,34,4
1,13,67,179,271,240,125,36,4
1,13,67,179,271,240,125,37,5
1,13,67,179,272,238,112,22
1,13,67,179,272,240,118,28,2
1,13,67,179,272,241,121,31,3
1,13,67,179,272,241,121,31,3
1,13,67,179,272,241,121,31,3
1,13,67,179,272,241,122,33,4
1,13,67,179,272,242,123,32,3
1,13,67,179,272,242,124,34,4
1,13,67,179,272,242,124,34,4
1,13,67,179,272,242,124,34,4
1,13,67,179,272,242,124,34,4
1,13,67,179,272,243,126,35,4
1,13,67,179,272,243,126,35,4
1,13,67,179,272,243,127,36,4
1,13,67,179,272,244,131,41,6
1,13,67,179,272,245,135,47,10,1
1,13,67,179,272,246,136,43,6
1,13,67,179,273,243,121,29,2
1,13,67,179,273,244,124,32,3
1,13,67,179,273,244,125,34,4
1,13,67,179,273,245,127,35,4
1,13,67,179,273,245,127,35,4
1,13,67,179,273,245,127,35,4
1,13,67,179,273,246,129,36,4
1,13,67,179,273,246,129,36,4
1,13,67,179,273,246,129,36,4
1,13,67,179,273,246,129,36,4
1,13,67,179,273,246,129,36,4
1,13,67,179,273,246,130,38,5
1,13,67,179,273,246,131,39,5
1,13,67,179,273,247,132,39,5
1,13,67,179,273,247,132,39,5
1,13,67,179,273,247,133,40,5
1,13,67,179,273,247,133,40,5
1,13,67,179,273,248,134,40,5
1,13,67,179,273,248,134,40,5
1,13,67,179,273,248,134,40,5
1,13,67,179,273,248,135,42,6
1,13,67,179,273,248,138,48,10,1
1,13,67,179,273,249,138,43,6
1,13,67,179,273,250,143,52,11,1
1,13,67,179,273,251,146,53,11,1
1,13,67,179,274,248,130,36,4
1,13,67,179,274,248,130,36,4
1,13,67,179,274,248,130,36,4
1,13,67,179,274,249,132,37,4
1,13,67,179,274,250,135,40,5
1,13,67,179,274,250,135,40,5
1,13,67,179,274,250,135,40,5
1,13,67,179,274,251,138,43,6
1,13,67,179,274,251,138,43,6
1,13,67,179,274,251,138,43,6
1,13,67,179,274,252,140,44,6
1,13,67,179,274,252,140,44,6
1,13,67,179,274,252,141,45,6
1,13,67,179,274,252,142,49,10,1
1,13,67,179,274,253,143,45,6
1,13,67,179,274,253,146,53,11,1
1,13,67,179,274,254,147,53,11,1
1,13,67,179,275,251,133,37,4
1,13,67,179,275,252,136,40,5
1,13,67,179,275,254,141,44,6
1,13,67,179,275,254,141,44,6
1,13,67,179,275,254,142,45,6
1,13,67,179,275,255,143,45,6
1,13,67,179,275,255,143,45,6
1,13,67,179,275,256,144,45,6
1,13,67,179,275,256,148,53,11,1
1,13,67,179,275,256,148,53,11,1
1,13,67,179,275,257,148,49,7
1,13,67,179,275,257,150,54,11,1
1,13,67,179,275,257,150,54,11,1
1,13,67,179,275,258,151,54,11,1
1,13,67,179,275,258,151,54,11,1
1,13,67,179,275,258,152,55,11,1
1,13,67,179,275,258,153,57,12,1
1,13,67,179,275,258,154,57,12,1
1,13,67,179,275,261,164,68,17,2
1,13,67,179,276,257,144,45,6
1,13,67,179,276,259,149,49,7
1,13,67,179,276,259,151,54,11,1
1,13,67,179,276,260,150,49,7
1,13,67,179,276,260,153,55,11,1
1,13,67,179,276,262,157,58,12,1
1,13,67,179,276,262,158,59,12,1
1,13,67,179,276,263,159,59,12,1
1,13,67,179,276,264,166,68,17,2
1,13,67,179,277,264,157,54,8
1,13,67,179,277,264,159,59,12,1
1,13,67,179,277,265,160,59,12,1
1,13,67,179,277,265,162,60,12,1
1,13,67,179,277,268,169,69,17,2
1,13,67,179,278,270,168,64,13,1
1,13,67,179,278,270,170,69,17,2
1,13,67,179,278,272,175,73,18,2
1,13,67,179,278,273,176,73,18,2
1,13,67,179,279,276,179,74,18,2
1,13,67,179,279,277,179,74,18,2
1,13,67,179,280,281,185,78,19,2
1,13,67,180,270,217,75,2
1,13,67,180,273,232,100,16
1,13,67,180,274,235,103,17
1,13,67,180,274,237,108,20
1,13,67,180,274,238,112,25,2
1,13,67,180,274,239,116,29,2
1,13,67,180,275,241,113,22
1,13,67,180,275,241,114,24,1
1,13,67,180,275,242,117,27,2
1,13,67,180,275,244,124,34,4
1,13,67,180,275,244,124,34,4
1,13,67,180,276,244,116,23
1,13,67,180,276,245,118,24
1,13,67,180,276,246,123,31,3
1,13,67,180,276,246,123,31,3
1,13,67,180,276,247,125,32,3
1,13,67,180,276,247,126,34,4
1,13,67,180,276,247,126,34,4
1,13,67,180,276,248,129,36,4
1,13,67,180,276,248,129,36,4
1,13,67,180,277,247,119,24
1,13,67,180,277,249,125,30,2
1,13,67,180,277,250,128,33,3
1,13,67,180,277,251,131,36,4
1,13,67,180,277,251,131,36,4
1,13,67,180,277,251,131,36,4
1,13,67,180,277,251,131,36,4
1,13,67,180,277,251,131,36,4
1,13,67,180,277,251,131,36,4
1,13,67,180,277,251,131,36,4
1,13,67,180,277,252,135,40,5
1,13,67,180,277,252,135,40,5
1,13,67,180,278,254,134,37,4
1,13,67,180,278,254,134,37,4
1,13,67,180,278,254,134,37,4
1,13,67,180,278,254,135,39,5
1,13,67,180,278,255,137,40,5
1,13,67,180,278,256,140,43,6
1,13,67,180,278,256,140,43,6
1,13,67,180,278,257,142,44,6
1,13,67,180,278,257,143,45,6
1,13,67,180,278,258,148,53,11,1
1,13,67,180,279,257,137,38,4
1,13,67,180,279,257,137,38,4
1,13,67,180,279,258,140,41,5
1,13,67,180,279,258,140,41,5
1,13,67,180,279,258,140,41,5
1,13,67,180,279,259,141,40,4
1,13,67,180,279,259,143,44,6
1,13,67,180,279,259,143,44,6
1,13,67,180,279,260,145,45,6
1,13,67,180,279,260,145,45,6
1,13,67,180,279,260,145,45,6
1,13,67,180,279,260,145,45,6
1,13,67,180,279,262,150,47,6
1,13,67,180,279,262,150,49,7
1,13,67,180,279,262,152,54,11,1
1,13,67,180,279,262,152,54,11,1
1,13,67,180,279,262,152,54,11,1
1,13,67,180,279,262,153,55,11,1
1,13,67,180,279,262,154,57,12,1
1,13,67,180,279,266,166,68,17,2
1,13,67,180,280,261,142,40,4
1,13,67,180,280,261,143,42,5
1,13,67,180,280,262,146,45,6
1,13,67,180,280,262,146,45,6
1,13,67,180,280,262,146,45,6
1,13,67,180,280,263,148,46,6
1,13,67,180,280,263,148,46,6
1,13,67,180,280,264,150,47,6
1,13,67,180,280,264,151,49,7
1,13,67,180,280,264,151,49,7
1,13,67,180,280,264,153,54,11,1
1,13,67,180,280,265,151,47,6
1,13,67,180,280,265,154,52,8
1,13,67,180,280,265,155,55,11,1
1,13,67,180,280,266,157,54,8
1,13,67,180,280,266,158,58,12,1
1,13,67,180,280,267,160,59,12,1
1,13,67,180,280,268,163,60,12,1
1,13,67,180,281,265,149,46,6
1,13,67,180,281,266,152,49,7
1,13,67,180,281,267,156,55,11,1
1,13,67,180,281,268,158,56,11,1
1,13,67,180,281,268,159,58,12,1
1,13,67,180,281,269,159,54,8
1,13,67,180,281,269,161,59,12,1
1,13,67,180,281,269,161,59,12,1
1,13,67,180,281,269,161,59,12,1
1,13,67,180,281,269,162,60,12,1
1,13,67,180,281,271,164,60,12,1
1,13,67,180,281,272,170,69,17,2
1,13,67,180,282,271,160,54,8
1,13,67,180,282,272,161,54,8
1,13,67,180,282,272,164,60,12,1
1,13,67,180,282,272,164,60,12,1
1,13,67,180,282,274,166,56,8
1,13,67,180,282,274,169,64,13,1
1,13,67,180,282,274,171,69,17,2
1,13,67,180,282,275,170,64,13,1
1,13,67,180,282,276,176,73,18,2
1,13,67,180,282,278,182,77,19,2
1,13,67,180,283,273,161,54,8
1,13,67,180,283,274,165,60,12,1
1,13,67,180,283,275,167,59,9
1,13,67,180,283,276,166,56,8
1,13,67,180,283,276,170,64,13,1
1,13,67,180,283,279,172,60,9
1,13,67,180,283,279,176,66,13,1
1,13,67,180,283,279,179,74,18,2
1,13,67,180,283,280,176,66,13,1
1,13,67,180,283,280,180,74,18,2
1,13,67,180,283,280,180,74,18,2
1,13,67,180,283,280,180,74,18,2
1,13,67,180,283,282,185,78,19,2
1,13,67,180,284,283,183,75,18,2
1,13,67,180,284,283,184,77,19,2
1,13,67,180,284,284,186,78,19,2
1,13,67,180,285,286,187,78,19,2
1,13,67,180,285,287,189,79,19,2
1,13,67,180,285,287,189,79,19,2
1,13,67,180,285,289,190,79,19,2
1,13,67,180,285,292,202,92,25,3
1,13,67,180,286,292,192,75,15,1
1,13,67,180,287,298,206,93,25,3
1,13,67,181,278,241,107,18
1,13,67,181,278,241,107,18
1,13,67,181,280,250,120,24
1,13,67,181,280,250,120,24
1,13,67,181,280,251,124,29,2
1,13,67,181,281,253,123,25
1,13,67,181,281,256,133,36,4
1,13,67,181,281,256,133,36,4
1,13,67,181,281,259,144,49,10,1
1,13,67,181,282,259,136,37,4
1,13,67,181,282,260,138,38,4
1,13,67,181,282,260,138,38,4
1,13,67,181,282,260,139,40,5
1,13,67,181,282,261,141,40,4
1,13,67,181,282,261,141,41,5
1,13,67,181,282,262,145,45,6
1,13,67,181,282,262,145,45,6
1,13,67,181,283,264,143,40,4
1,13,67,181,283,264,144,42,5
1,13,67,181,283,265,147,45,6
1,13,67,181,283,266,150,47,6
1,13,67,181,284,266,144,40,4
1,13,67,181,284,267,147,43,5
1,13,67,181,284,268,150,46,6
1,13,67,181,284,268,150,46,6
1,13,67,181,284,269,152,47,6
1,13,67,181,284,269,152,47,6
1,13,67,181,284,269,152,47,6
1,13,67,181,284,269,153,49,7
1,13,67,181,284,270,156,52,8
1,13,67,181,284,270,157,55,11,1
1,13,67,181,284,270,157,55,11,1
1,13,67,181,284,271,159,56,11,1
1,13,67,181,284,272,163,60,12,1
1,13,67,181,285,271,153,47,6
1,13,67,181,285,271,153,47,6
1,13,67,181,285,274,161,54,8
1,13,67,181,285,275,165,60,12,1
1,13,67,181,285,275,165,60,12,1
1,13,67,181,285,275,165,60,12,1
1,13,67,181,285,276,166,56,8
1,13,67,181,285,277,172,69,17,2
1,13,67,181,286,275,160,53,8
1,13,67,181,286,276,162,54,8
1,13,67,181,286,276,162,54,8
1,13,67,181,286,277,166,60,12,1
1,13,67,181,286,277,166,60,12,1
1,13,67,181,286,278,166,56,8
1,13,67,181,286,278,166,56,8
1,13,67,181,286,278,168,59,9
1,13,67,181,286,278,168,61,12,1
1,13,67,181,286,279,171,64,13,1
1,13,67,181,286,280,175,70,17,2
1,13,67,181,286,281,176,66,13,1
1,13,67,181,286,282,180,74,18,2
1,13,67,181,286,283,184,77,19,2
1,13,67,181,287,280,167,56,8
1,13,67,181,287,280,169,61,12,1
1,13,67,181,287,281,168,56,8
1,13,67,181,287,282,172,60,9
1,13,67,181,287,283,173,60,9
1,13,67,181,287,283,176,66,13,1
1,13,67,181,287,284,177,66,13,1
1,13,67,181,287,284,181,74,18,2
1,13,67,181,287,287,189,79,19,2
1,13,67,181,288,282,168,56,8
1,13,67,181,288,282,168,56,8
1,13,67,181,288,283,171,59,9
1,13,67,181,288,284,175,65,13,1
1,13,67,181,288,285,177,66,13,1
1,13,67,181,288,287,184,75,18,2
1,13,67,181,288,287,184,75,18,2
1,13,67,181,288,288,182,65,10
1,13,67,181,288,288,187,78,19,2
1,13,67,181,288,289,189,79,19,2
1,13,67,181,288,289,189,79,19,2
1,13,67,181,288,290,190,79,19,2
1,13,67,181,288,290,190,79,19,2
1,13,67,181,288,290,190,79,19,2
1,13,67,181,289,289,185,75,18,2
1,13,67,181,289,290,182,65,10
1,13,67,181,289,291,190,79,19,2
1,13,67,181,289,292,191,79,19,2
1,13,67,181,289,292,191,79,19,2
1,13,67,181,289,293,193,80,19,2
1,13,67,181,289,294,196,81,19,2
1,13,67,181,290,291,182,65,10
1,13,67,181,290,293,191,79,19,2
1,13,67,181,290,295,192,75,15,1
1,13,67,181,290,295,194,80,19,2
1,13,67,181,290,296,196,81,19,2
1,13,67,181,290,299,202,85,20,2
1,13,67,181,290,299,206,93,25,3
1,13,67,181,291,296,194,80,19,2
1,13,67,181,291,298,197,81,19,2
1,13,67,181,291,298,199,84,20,2
1,13,67,181,291,300,202,85,20,2
1,13,67,181,291,302,203,85,20,2
1,13,67,181,291,304,212,95,25,3
1,13,67,181,292,302,202,80,16,1
1,13,67,181,292,304,210,94,25,3
1,13,67,181,292,304,210,94,25,3
1,13,67,181,292,307,213,95,25,3
1,13,67,181,293,308,212,90,21,2
1,13,67,181,294,314,222,100,26,3
1,13,67,181,294,320,243,129,46,10,1
1,13,67,181,295,322,244,129,46,10,1
1,13,67,182,283,251,117,23,1
1,13,67,182,285,259,127,26
1,13,67,182,286,265,140,38,4
1,13,67,182,286,265,140,38,4
1,13,67,182,287,269,145,40,4
1,13,67,182,288,272,148,41,4
1,13,67,182,288,273,151,44,5
1,13,67,182,288,274,154,47,6
1,13,67,182,288,274,154,47,6
1,13,67,182,288,274,154,47,6
1,13,67,182,288,277,165,60,12,1
1,13,67,182,289,277,157,48,6
1,13,67,182,289,277,157,48,6
1,13,67,182,289,278,161,53,8
1,13,67,182,289,279,163,54,8
1,13,67,182,289,280,167,60,12,1
1,13,67,182,290,283,168,56,8
1,13,67,182,290,283,168,56,8
1,13,67,182,290,283,170,61,12,1
1,13,67,182,290,283,170,61,12,1
1,13,67,182,290,283,170,61,12,1
1,13,67,182,290,285,175,65,13,1
1,13,67,182,290,285,176,66,13,1
1,13,67,182,291,285,169,56,8
1,13,67,182,291,285,169,56,8
1,13,67,182,291,285,169,56,8
1,13,67,182,291,286,172,59,9
1,13,67,182,291,287,174,60,9
1,13,67,182,291,287,176,65,13,1
1,13,67,182,291,288,178,66,13,1
1,13,67,182,292,288,172,57,8
1,13,67,182,292,290,179,66,13,1
1,13,67,182,292,292,182,65,10
1,13,67,182,292,292,186,75,18,2
1,13,67,182,292,293,188,76,18,2
1,13,67,182,292,294,191,79,19,2
1,13,67,182,292,294,191,79,19,2
1,13,67,182,292,294,191,79,19,2
1,13,67,182,292,296,196,81,19,2
1,13,67,182,293,294,183,65,10
1,13,67,182,293,295,189,76,18,2
1,13,67,182,293,297,192,75,15,1
1,13,67,182,293,297,194,80,19,2
1,13,67,182,293,298,193,75,15,1
1,13,67,182,294,296,184,65,10
1,13,67,182,294,299,193,75,15,1
1,13,67,182,294,299,195,80,19,2
1,13,67,182,294,299,195,80,19,2
1,13,67,182,294,299,195,80,19,2
1,13,67,182,294,300,197,81,19,2
1,13,67,182,294,301,198,81,19,2
1,13,67,182,294,301,200,84,20,2
1,13,67,182,294,302,202,85,20,2
1,13,67,182,294,303,203,85,20,2
1,13,67,182,294,305,210,94,25,3
1,13,67,182,295,302,198,81,19,2
1,13,67,182,295,302,198,81,19,2
1,13,67,182,295,303,201,84,20,2
1,13,67,182,295,305,204,85,20,2
1,13,67,182,295,306,210,94,25,3
1,13,67,182,295,308,213,95,25,3
1,13,67,182,296,306,202,80,16,1
1,13,67,182,296,306,204,85,20,2
1,13,67,182,296,306,204,85,20,2
1,13,67,182,296,310,212,90,21,2
1,13,67,182,296,310,212,90,21,2
1,13,67,182,296,310,214,95,25,3
1,13,67,182,296,310,214,95,25,3
1,13,67,182,297,311,212,90,21,2
1,13,67,182,297,311,214,95,25,3
1,13,67,182,297,312,213,90,21,2
1,13,67,182,297,315,222,100,26,3
1,13,67,182,298,313,213,90,21,2
1,13,67,182,298,317,223,100,26,3
1,13,67,182,298,323,244,129,46,10,1
1,13,67,182,299,325,245,129,46,10,1
1,13,67,182,300,324,232,105,27,3
1,13,67,182,300,332,254,134,47,10,1
1,13,67,182,302,337,258,135,47,10,1
1,13,67,183,291,275,150,43,5
1,13,67,183,293,283,161,49,6
1,13,67,183,293,284,165,54,8
1,13,67,183,294,288,170,56,8
1,13,67,183,294,289,174,62,12,1
1,13,67,183,295,291,173,57,8
1,13,67,183,295,292,176,60,9
1,13,67,183,295,293,180,66,13,1
1,13,67,183,295,294,182,65,10
1,13,67,183,296,296,183,67,13,1
1,13,67,183,296,296,183,67,13,1
1,13,67,183,296,299,193,79,19,2
1,13,67,183,296,300,195,80,19,2
1,13,67,183,297,299,185,65,10
1,13,67,183,297,302,196,80,19,2
1,13,67,183,297,302,196,80,19,2
1,13,67,183,297,303,198,81,19,2
1,13,67,183,297,303,198,81,19,2
1,13,67,183,297,303,198,81,19,2
1,13,67,183,298,305,199,81,19,2
1,13,67,183,298,307,204,85,20,2
1,13,67,183,298,307,204,85,20,2
1,13,67,183,299,308,202,82,19,2
1,13,67,183,299,309,203,80,16,1
1,13,67,183,299,309,205,85,20,2
1,13,67,183,299,309,205,85,20,2
1,13,67,183,299,312,212,90,21,2
1,13,67,183,299,312,214,95,25,3
1,13,67,183,300,312,208,86,20,2
1,13,67,183,300,314,213,90,21,2
1,13,67,183,300,314,215,95,25,3
1,13,67,183,300,318,223,100,26,3
1,13,67,183,301,316,214,90,21,2
1,13,67,183,301,316,214,90,21,2
1,13,67,183,301,317,218,96,25,3
1,13,67,183,301,320,224,100,26,3
1,13,67,183,301,326,245,129,46,10,1
1,13,67,183,302,321,224,100,26,3
1,13,67,183,302,326,237,113,32,4
1,13,67,183,303,326,232,105,27,3
1,13,67,183,303,327,233,105,27,3
1,13,67,183,303,330,242,115,32,4
1,13,67,183,303,333,254,134,47,10,1
1,13,67,183,304,328,233,105,27,3
1,13,67,183,305,332,241,114,32,4
1,13,67,183,305,335,244,115,32,4
1,13,67,183,305,338,258,135,47,10,1
1,13,67,183,306,335,244,115,32,4
1,13,67,183,306,339,258,135,47,10,1
1,13,67,183,306,347,274,149,53,11,1
1,13,67,183,307,340,252,120,33,4
1,13,67,183,308,350,275,149,53,11,1
1,13,67,183,309,353,278,150,53,11,1
1,13,67,184,296,281,146,32
1,13,67,184,298,294,175,59,9
1,13,67,184,299,297,177,58,8
1,13,67,184,299,299,184,67,13,1
1,13,67,184,300,301,182,60,8
1,13,67,184,300,302,186,65,10
1,13,67,184,301,303,183,60,8
1,13,67,184,301,308,200,81,19,2
1,13,67,184,301,308,200,81,19,2
1,13,67,184,301,309,202,80,16,1
1,13,67,184,302,311,203,82,19,2
1,13,67,184,302,312,206,85,20,2
1,13,67,184,303,315,209,86,20,2
1,13,67,184,303,315,209,86,20,2
1,13,67,184,303,317,214,90,21,2
1,13,67,184,303,317,214,90,21,2
1,13,67,184,303,318,218,96,25,3
1,13,67,184,304,318,207,76,12
1,13,67,184,304,320,219,96,25,3
1,13,67,184,304,322,221,92,21,2
1,13,67,184,305,319,207,76,12
1,13,67,184,305,324,221,92,21,2
1,13,67,184,305,324,225,100,26,3
1,13,67,184,307,331,234,105,27,3
1,13,67,184,307,333,241,114,32,4
1,13,67,184,307,335,244,115,32,4
1,13,67,184,307,339,258,135,47,10,1
1,13,67,184,308,336,237,101,23,2
1,13,67,184,308,336,244,115,32,4
1,13,67,184,309,337,237,101,23,2
1,13,67,184,309,341,247,111,28,3
1,13,67,184,309,341,252,120,33,4
1,13,67,184,309,342,247,111,28,3
1,13,67,184,309,342,259,135,47,10,1
1,13,67,184,309,342,259,135,47,10,1
1,13,67,184,310,341,248,116,32,4
1,13,67,184,310,350,275,149,53,11,1
1,13,67,184,311,345,254,120,33,4
1,13,67,184,311,353,278,150,53,11,1
1,13,67,184,313,356,267,126,34,4
1,13,67,184,313,356,279,150,53,11,1
1,13,67,184,313,356,279,150,53,11,1
1,13,67,184,315,363,288,155,54,11,1
1,13,67,185,300,287,150,33
1,13,67,185,304,306,184,60,8
1,13,67,185,304,306,184,60,8
1,13,67,185,306,318,210,86,20,2
1,13,67,185,307,320,207,76,12
1,13,67,185,307,321,213,87,20,2
1,13,67,185,308,322,208,76,12
1,13,67,185,308,325,219,91,21,2
1,13,67,185,308,326,221,92,21,2
1,13,67,185,308,326,221,92,21,2
1,13,67,185,308,326,223,97,25,3
1,13,67,185,309,328,222,92,21,2
1,13,67,185,309,332,234,105,27,3
1,13,67,185,310,334,235,105,27,3
1,13,67,185,310,336,237,101,23,2
1,13,67,185,311,338,237,101,23,2
1,13,67,185,312,339,237,101,23,2
1,13,67,185,312,342,248,116,32,4
1,13,67,185,312,343,247,111,28,3
1,13,67,185,312,343,247,111,28,3
1,13,67,185,312,344,251,117,32,4
1,13,67,185,312,345,260,135,47,10,1
1,13,67,185,313,344,247,111,28,3
1,13,67,185,313,346,254,120,33,4
1,13,67,185,313,348,263,136,47,10,1
1,13,67,185,314,347,252,117,32,4
1,13,67,185,314,356,279,150,53,11,1
1,13,67,185,315,356,267,126,34,4
1,13,67,185,315,357,279,150,53,11,1
1,13,67,185,316,357,267,126,34,4
1,13,67,185,316,358,267,126,34,4
1,13,67,185,317,358,267,126,34,4
1,13,67,185,317,362,283,151,53,11,1
1,13,67,185,317,364,288,155,54,11,1
1,13,67,185,317,368,292,156,54,11,1
1,13,67,185,318,366,289,155,54,11,1
1,13,67,185,318,369,292,156,54,11,1
1,13,67,185,320,371,287,141,40,5
1,13,67,185,321,378,302,161,55,11,1
1,13,67,186,308,312,188,61,8
1,13,67,186,311,325,209,76,12
1,13,67,186,312,331,223,92,21,2
1,13,67,186,312,331,223,92,21,2
1,13,67,186,314,340,237,101,23,2
1,13,67,186,314,342,246,115,32,4
1,13,67,186,315,342,238,101,23,2
1,13,67,186,315,345,247,111,28,3
1,13,67,186,316,347,248,111,28,3
1,13,67,186,316,348,252,117,32,4
1,13,67,186,318,358,267,126,34,4
1,13,67,186,318,358,267,126,34,4
1,13,67,186,318,360,280,150,53,11,1
1,13,67,186,319,359,267,126,34,4
1,13,67,186,319,359,267,126,34,4
1,13,67,186,320,361,268,126,34,4
1,13,67,186,320,369,292,156,54,11,1
1,13,67,186,322,372,287,141,40,5
1,13,67,186,322,372,293,156,54,11,1
1,13,67,186,323,373,287,141,40,5
1,13,67,186,323,378,302,161,55,11,1
1,13,67,186,324,379,302,161,55,11,1
1,13,67,186,326,396,340,204,81,19,2
1,13,67,186,328,393,322,176,61,12,1
1,13,67,186,330,402,344,205,81,19,2
1,13,67,187,316,337,227,93,21,2
1,13,67,187,319,350,249,111,28,3
1,13,67,187,319,351,253,117,32,4
1,13,67,187,319,351,253,117,32,4
1,13,67,187,319,352,256,120,33,4
1,13,67,187,321,360,267,126,34,4
1,13,67,187,321,361,274,141,48,10,1
1,13,67,187,322,362,268,126,34,4
1,13,67,187,322,366,284,151,53,11,1
1,13,67,187,324,373,293,156,54,11,1
1,13,67,187,324,373,293,156,54,11,1
1,13,67,187,324,373,293,156,54,11,1
1,13,67,187,325,374,287,141,40,5
1,13,67,187,325,379,302,161,55,11,1
1,13,67,187,327,382,303,161,55,11,1
1,13,67,187,330,394,322,176,61,12,1
1,13,67,187,331,402,344,205,81,19,2
1,13,67,187,331,405,347,206,81,19,2
1,13,67,187,334,408,348,206,81,19,2
1,13,67,187,334,408,348,206,81,19,2
1,13,67,187,336,415,357,211,82,19,2
1,13,67,188,323,357,257,118,32,4
1,13,67,188,325,365,269,126,34,4
1,13,67,188,327,375,287,141,40,5
1,13,67,188,327,376,294,156,54,11,1
1,13,67,188,327,376,294,156,54,11,1
1,13,67,188,329,383,303,161,55,11,1
1,13,67,188,335,408,348,206,81,19,2
1,13,67,188,335,408,348,206,81,19,2
1,13,67,188,337,415,357,211,82,19,2
1,13,67,188,339,418,358,211,82,19,2
1,13,67,189,328,362,248,96,16
1,13,67,189,331,382,298,157,54,11,1
1,13,67,189,333,386,292,137,36,4
1,13,67,189,334,387,292,137,36,4
1,13,67,189,335,398,323,176,61,12,1
1,13,67,189,338,406,322,162,47,6
1,13,67,189,339,406,322,162,47,6
1,13,67,189,339,412,337,182,62,12,1
1,13,67,189,340,418,358,211,82,19,2
1,13,67,189,344,427,357,197,68,13,1
1,13,67,190,331,365,249,96,16
1,13,67,190,336,388,292,137,36,4
1,13,67,190,336,388,292,137,36,4
1,13,67,190,340,406,322,162,47,6
1,13,67,190,340,412,349,206,81,19,2
1,13,67,190,341,407,322,162,47,6
1,13,67,190,341,412,337,182,62,12,1
1,13,67,190,342,413,337,182,62,12,1
1,13,67,190,346,427,357,197,68,13,1
1,13,67,190,346,433,372,217,83,19,2
1,13,67,190,348,434,372,217,83,19,2
1,13,67,190,352,448,392,232,89,20,2
1,13,67,190,360,482,469,331,165,55,11,1
1,13,67,191,339,391,293,137,36,4
1,13,67,191,343,408,322,162,47,6
1,13,67,191,344,414,337,182,62,12,1
1,13,67,191,344,418,353,207,81,19,2
1,13,67,191,345,422,359,211,82,19,2
1,13,67,191,347,427,357,197,68,13,1
1,13,67,191,348,428,357,197,68,13,1
1,13,67,191,349,434,372,217,83,19,2
1,13,67,191,353,448,392,232,89,20,2
1,13,67,191,354,449,392,232,89,20,2
1,13,67,191,360,482,469,331,165,55,11,1
1,13,67,192,347,417,338,182,62,12,1
1,13,67,192,351,435,372,217,83,19,2
1,13,67,192,355,449,392,232,89,20,2
1,13,67,192,369,498,483,337,166,55,11,1
1,13,67,193,354,438,373,217,83,19,2
1,13,67,193,357,450,392,232,89,20,2
1,13,67,193,369,498,483,337,166,55,11,1
1,13,67,195,365,456,377,198,60,8
1,13,67,195,370,492,474,332,165,55,11,1
1,13,67,195,371,483,427,253,96,21,2
1,13,67,195,372,483,427,253,96,21,2
1,13,67,195,378,504,462,288,117,28,3
1,13,67,196,367,457,377,198,60,8
1,13,67,196,373,483,427,253,96,21,2
1,13,67,196,373,483,427,253,96,21,2
1,13,67,196,375,502,484,337,166,55,11,1
1,13,67,196,379,504,462,288,117,28,3
1,13,67,196,387,532,518,358,173,56,11,1
1,13,67,197,375,484,427,253,96,21,2
1,13,67,197,380,504,462,288,117,28,3
1,13,67,197,387,532,518,358,173,56,11,1
1,13,67,199,390,533,518,358,173,56,11,1
1,13,67,202,406,560,532,344,145,36,4
1,13,67,202,414,588,588,414,201,64,12,1
1,13,67,203,407,560,532,344,145,36,4
1,13,67,203,414,588,588,414,201,64,12,1
1,13,67,204,415,588,588,414,201,64,12,1
1,13,67,210,450,672,714,540,285,100,21,2
1,13,67,211,450,672,714,540,285,100,21,2
1,13,67,220,495,792,924,792,495,220,66,12,1
1,13,68,183,267,201,64,4
1,13,68,183,268,206,71,6
1,13,68,183,268,206,72,8
1,13,68,183,268,207,75,10
1,13,68,183,269,211,78,9
1,13,68,183,269,212,82,12
1,13,68,183,269,212,83,15,1
1,13,68,183,269,213,86,16,1
1,13,68,184,273,213,72,4
1,13,68,184,273,214,76,8
1,13,68,184,274,217,77,6
1,13,68,184,274,218,80,8
1,13,68,184,274,219,84,12
1,13,68,184,274,219,84,12
1,13,68,184,275,222,85,10
1,13,68,184,275,223,88,12
1,13,68,184,275,223,88,12
1,13,68,184,275,224,91,14
1,13,68,184,275,224,92,16
1,13,68,184,275,224,92,17,1
1,13,68,184,275,225,96,21,2
1,13,68,184,276,228,95,15
1,13,68,184,276,228,95,15
1,13,68,184,276,228,96,16
1,13,68,184,276,228,96,16
1,13,68,184,276,228,96,17,1
1,13,68,184,276,229,99,18
1,13,68,184,276,229,99,19,1
1,13,68,184,276,229,101,23,2
1,13,68,184,276,230,103,23,2
1,13,68,184,276,230,103,23,2
1,13,68,184,277,233,102,18
1,13,68,184,277,234,107,24,2
1,13,68,184,277,235,111,27,2
1,13,68,184,277,235,111,28,3
1,13,68,184,277,236,114,29,3
1,13,68,184,278,240,118,31,3
1,13,68,184,278,241,122,34,4
1,13,68,185,279,226,84,8
1,13,68,185,280,231,92,12
1,13,68,185,280,232,96,16
1,13,68,185,281,235,97,14
1,13,68,185,281,236,100,16
1,13,68,185,281,236,100,16
1,13,68,185,281,236,100,16
1,13,68,185,281,236,100,16
1,13,68,185,281,237,104,20
1,13,68,185,281,237,104,21,2
1,13,68,185,281,237,105,23,2
1,13,68,185,282,239,103,18,1
1,13,68,185,282,240,105,18
1,13,68,185,282,240,105,18
1,13,68,185,282,240,105,18
1,13,68,185,282,241,108,20
1,13,68,185,282,241,108,20
1,13,68,185,282,241,108,21,1
1,13,68,185,282,241,109,23,2
1,13,68,185,282,242,112,25,2
1,13,68,185,282,242,112,25,2
1,13,68,185,282,243,117,32,4
1,13,68,185,283,244,110,20
1,13,68,185,283,244,110,20
1,13,68,185,283,245,112,21
1,13,68,185,283,245,113,23,1
1,13,68,185,283,245,114,25,2
1,13,68,185,283,245,114,25,2
1,13,68,185,283,246,116,26,2
1,13,68,185,283,246,117,27,2
1,13,68,185,283,246,117,28,3
1,13,68,185,283,246,118,29,2
1,13,68,185,283,247,120,30,3
1,13,68,185,283,247,120,30,3
1,13,68,185,283,247,121,32,4
1,13,68,185,283,248,124,34,4
1,13,68,185,284,250,121,28,2
1,13,68,185,284,251,124,31,3
1,13,68,185,284,251,124,31,3
1,13,68,185,284,251,125,32,3
1,13,68,185,284,251,126,34,4
1,13,68,185,284,251,126,34,4
1,13,68,185,284,252,128,35,4
1,13,68,185,284,252,129,36,4
1,13,68,185,284,253,131,36,4
1,13,68,185,284,253,133,41,6
1,13,68,185,285,256,132,36,4
1,13,68,185,285,257,136,40,5
1,13,68,185,285,257,136,40,5
1,13,68,185,285,258,140,43,6
1,13,68,185,285,260,148,53,11,1
1,13,68,185,286,262,143,44,6
1,13,68,185,286,264,152,54,11,1
1,13,68,185,287,269,159,58,12,1
1,13,68,186,284,233,84,4
1,13,68,186,286,244,104,16
1,13,68,186,286,244,104,16
1,13,68,186,287,248,109,18
1,13,68,186,287,249,112,20
1,13,68,186,287,249,112,20
1,13,68,186,287,249,113,23,2
1,13,68,186,287,251,121,32,4
1,13,68,186,288,253,117,22
1,13,68,186,288,253,117,22
1,13,68,186,288,254,120,24
1,13,68,186,288,254,121,27,2
1,13,68,186,288,254,121,27,2
1,13,68,186,288,254,121,27,2
1,13,68,186,288,255,124,29,2
1,13,68,186,288,256,129,36,4
1,13,68,186,289,257,122,24
1,13,68,186,289,257,122,24
1,13,68,186,289,257,122,24
1,13,68,186,289,257,123,26,1
1,13,68,186,289,258,125,27,1
1,13,68,186,289,258,126,29,2
1,13,68,186,289,258,126,29,2
1,13,68,186,289,258,126,29,2
1,13,68,186,289,258,127,31,3
1,13,68,186,289,259,129,32,3
1,13,68,186,289,259,129,32,3
1,13,68,186,289,259,130,34,4
1,13,68,186,289,260,133,36,4
1,13,68,186,289,260,133,36,4
1,13,68,186,289,260,133,36,4
1,13,68,186,289,260,133,36,4
1,13,68,186,289,260,133,36,4
1,13,68,186,290,260,125,25
1,13,68,186,290,261,129,30,2
1,13,68,186,290,262,131,31,2
1,13,68,186,290,262,132,33,3
1,13,68,186,290,263,134,34,3
1,13,68,186,290,263,134,34,3
1,13,68,186,290,263,135,36,4
1,13,68,186,290,263,135,36,4
1,13,68,186,290,264,137,37,4
1,13,68,186,290,264,137,37,4
1,13,68,186,290,264,137,37,4
1,13,68,186,290,264,138,38,4
1,13,68,186,290,265,141,40,4
1,13,68,186,290,265,141,41,5
1,13,68,186,290,265,142,43,6
1,13,68,186,291,267,140,38,4
1,13,68,186,291,267,140,38,4
1,13,68,186,291,267,140,38,4
1,13,68,186,291,267,141,40,5
1,13,68,186,291,268,143,40,4
1,13,68,186,291,268,143,41,5
1,13,68,186,291,269,145,42,5
1,13,68,186,291,269,146,44,6
1,13,68,186,291,269,147,45,6
1,13,68,186,291,269,147,45,6
1,13,68,186,291,269,147,45,6
1,13,68,186,291,270,150,47,6
1,13,68,186,291,271,152,47,6
1,13,68,186,291,271,154,54,11,1
1,13,68,186,292,273,151,46,6
1,13,68,186,292,274,153,47,6
1,13,68,186,292,274,153,47,6
1,13,68,186,292,274,154,49,7
1,13,68,186,292,274,157,55,11,1
1,13,68,186,292,275,158,55,11,1
1,13,68,186,292,275,159,56,11,1
1,13,68,186,292,275,160,58,12,1
1,13,68,186,292,277,165,60,12,1
1,13,68,186,293,280,166,56,8
1,13,68,186,293,280,166,60,12,1
1,13,68,186,293,280,166,60,12,1
1,13,68,186,293,282,175,70,17,2
1,13,68,186,294,285,172,60,9
1,13,68,186,294,286,177,66,13,1
1,13,68,186,295,291,185,75,18,2
1,13,68,187,292,257,116,20
1,13,68,187,292,257,116,20
1,13,68,187,293,261,122,24,1
1,13,68,187,293,262,124,24
1,13,68,187,294,266,129,26
1,13,68,187,294,266,129,26
1,13,68,187,294,267,133,31,2
1,13,68,187,294,267,133,31,2
1,13,68,187,294,268,137,36,4
1,13,68,187,294,268,137,36,4
1,13,68,187,294,268,137,36,4
1,13,68,187,294,269,141,40,4
1,13,68,187,295,269,132,27
1,13,68,187,295,270,135,30,1
1,13,68,187,295,271,138,33,2
1,13,68,187,295,271,139,35,3
1,13,68,187,295,272,141,36,3
1,13,68,187,295,272,142,38,4
1,13,68,187,295,272,142,38,4
1,13,68,187,295,272,142,38,4
1,13,68,187,295,272,142,38,4
1,13,68,187,295,273,145,40,4
1,13,68,187,295,274,149,45,6
1,13,68,187,296,274,141,34,2
1,13,68,187,296,275,144,37,3
1,13,68,187,296,276,147,40,4
1,13,68,187,296,276,147,40,4
1,13,68,187,296,276,147,40,4
1,13,68,187,296,276,147,40,4
1,13,68,187,296,276,148,42,5
1,13,68,187,296,276,148,42,5
1,13,68,187,296,277,150,43,5
1,13,68,187,296,277,150,43,5
1,13,68,187,296,277,151,45,6
1,13,68,187,296,278,154,47,6
1,13,68,187,296,278,154,47,6
1,13,68,187,296,278,154,47,6
1,13,68,187,296,279,158,52,8
1,13,68,187,296,279,159,55,11,1
1,13,68,187,297,279,150,41,4
1,13,68,187,297,279,150,41,4
1,13,68,187,297,280,153,44,5
1,13,68,187,297,280,153,44,5
1,13,68,187,297,280,154,46,6
1,13,68,187,297,281,156,47,6
1,13,68,187,297,281,156,47,6
1,13,68,187,297,281,156,47,6
1,13,68,187,297,281,156,47,6
1,13,68,187,297,281,156,47,6
1,13,68,187,297,281,156,47,6
1,13,68,187,297,282,158,48,6
1,13,68,187,297,282,159,50,7
1,13,68,187,297,282,161,55,11,1
1,13,68,187,297,283,163,56,11,1
1,13,68,187,297,284,166,56,8
1,13,68,187,297,284,167,60,12,1
1,13,68,187,298,283,156,45,5
1,13,68,187,298,284,159,48,6
1,13,68,187,298,285,162,51,7
1,13,68,187,298,286,164,52,7
1,13,68,187,298,286,165,54,8
1,13,68,187,298,286,165,54,8
1,13,68,187,298,286,166,57,11,1
1,13,68,187,298,287,168,56,8
1,13,68,187,298,287,169,60,12,1
1,13,68,187,298,287,170,61,12,1
1,13,68,187,298,288,170,56,8
1,13,68,187,298,288,171,61,12,1
1,13,68,187,298,288,171,61,12,1
1,13,68,187,298,289,177,70,17,2
1,13,68,187,299,290,170,56,8
1,13,68,187,299,290,170,56,8
1,13,68,187,299,290,172,61,12,1
1,13,68,187,299,291,174,62,12,1
1,13,68,187,299,292,175,60,9
1,13,68,187,299,292,177,65,13,1
1,13,68,187,299,292,178,66,13,1
1,13,68,187,299,293,179,66,13,1
1,13,68,187,299,296,191,79,19,2
1,13,68,187,300,296,182,65,10
1,13,68,187,300,297,187,75,18,2
1,13,68,187,300,298,189,76,18,2
1,13,68,187,300,299,193,79,19,2
1,13,68,187,301,302,193,75,15,1
1,13,68,187,301,303,196,80,19,2
1,13,68,187,301,303,196,80,19,2
1,13,68,187,301,303,198,81,19,2
1,13,68,187,302,308,204,85,20,2
1,13,68,187,303,314,215,95,25,3
1,13,68,188,298,271,132,29,2
1,13,68,188,299,275,136,28
1,13,68,188,300,279,142,32,1
1,13,68,188,300,281,149,40,4
1,13,68,188,300,281,149,40,4
1,13,68,188,300,281,149,40,4
1,13,68,188,300,281,149,40,4
1,13,68,188,301,284,151,39,3
1,13,68,188,301,285,154,42,4
1,13,68,188,301,285,154,42,4
1,13,68,188,301,285,155,44,5
1,13,68,188,301,286,158,47,6
1,13,68,188,301,286,158,47,6
1,13,68,188,302,288,157,43,4
1,13,68,188,302,289,160,46,5
1,13,68,188,302,290,163,49,6
1,13,68,188,302,290,163,49,6
1,13,68,188,302,290,163,49,6
1,13,68,188,302,290,163,49,6
1,13,68,188,302,290,163,49,6
1,13,68,188,302,291,166,52,7
1,13,68,188,302,291,167,54,8
1,13,68,188,302,291,168,57,11,1
1,13,68,188,302,292,170,56,8
1,13,68,188,302,292,170,56,8
1,13,68,188,302,292,171,60,12,1
1,13,68,188,302,294,179,70,17,2
1,13,68,188,303,293,166,50,6
1,13,68,188,303,293,166,50,6
1,13,68,188,303,293,166,50,6
1,13,68,188,303,294,169,53,7
1,13,68,188,303,294,169,53,7
1,13,68,188,303,295,172,56,8
1,13,68,188,303,295,172,56,8
1,13,68,188,303,295,172,56,8
1,13,68,188,303,295,174,61,12,1
1,13,68,188,303,296,176,62,12,1
1,13,68,188,303,296,176,62,12,1
1,13,68,188,303,297,180,66,13,1
1,13,68,188,304,297,172,54,7
1,13,68,188,304,298,175,57,8
1,13,68,188,304,298,175,57,8
1,13,68,188,304,298,176,59,9
1,13,68,188,304,299,177,58,8
1,13,68,188,304,299,178,60,9
1,13,68,188,304,299,179,63,12,1
1,13,68,188,304,299,179,63,12,1
1,13,68,188,304,300,180,61,9
1,13,68,188,304,300,182,66,13,1
1,13,68,188,304,300,182,66,13,1
1,13,68,188,304,301,184,65,10
1,13,68,188,304,301,184,67,13,1
1,13,68,188,304,301,184,67,13,1
1,13,68,188,304,303,193,79,19,2
1,13,68,188,305,301,178,58,8
1,13,68,188,305,303,185,67,13,1
1,13,68,188,305,303,185,67,13,1
1,13,68,188,305,304,186,65,10
1,13,68,188,305,305,192,76,18,2
1,13,68,188,305,306,194,77,18,2
1,13,68,188,305,307,197,80,19,2
1,13,68,188,305,307,198,81,19,2
1,13,68,188,306,306,187,65,10
1,13,68,188,306,306,188,68,13,1
1,13,68,188,306,309,196,75,15,1
1,13,68,188,306,310,200,81,19,2
1,13,68,188,306,310,200,81,19,2
1,13,68,188,306,310,200,81,19,2
1,13,68,188,306,310,200,81,19,2
1,13,68,188,306,310,200,81,19,2
1,13,68,188,306,312,205,85,20,2
1,13,68,188,307,313,203,80,16,1
1,13,68,188,307,313,203,82,19,2
1,13,68,188,307,314,206,85,20,2
1,13,68,188,307,316,209,86,20,2
1,13,68,188,307,317,215,95,25,3
1,13,68,188,308,319,214,90,21,2
1,13,68,188,308,319,214,90,21,2
1,13,68,188,308,321,219,96,25,3
1,13,68,188,309,325,225,100,26,3
1,13,68,188,312,343,259,135,47,10,1
1,13,68,189,305,288,148,32
1,13,68,189,305,289,152,37,2
1,13,68,189,306,294,161,44,4
1,13,68,189,306,295,165,49,6
1,13,68,189,306,295,165,49,6
1,13,68,189,307,298,167,48,5
1,13,68,189,307,299,170,51,6
1,13,68,189,307,299,170,51,6
1,13,68,189,307,300,174,56,8
1,13,68,189,308,303,176,55,7
1,13,68,189,308,304,179,58,8
1,13,68,189,308,304,179,58,8
1,13,68,189,308,304,180,60,9
1,13,68,189,308,305,182,60,8
1,13,68,189,308,305,183,64,12,1
1,13,68,189,308,305,184,66,13,1
1,13,68,189,309,307,182,59,8
1,13,68,189,309,307,182,59,8
1,13,68,189,309,307,182,59,8
1,13,68,189,309,308,184,60,8
1,13,68,189,309,308,185,62,9
1,13,68,189,309,309,188,65,10
1,13,68,189,309,309,189,68,13,1
1,13,68,189,309,309,189,68,13,1
1,13,68,189,309,309,189,68,13,1
1,13,68,189,309,311,196,77,18,2
1,13,68,189,309,312,200,81,19,2
1,13,68,189,310,311,188,63,9
1,13,68,189,310,312,191,66,10
1,13,68,189,310,312,192,69,13,1
1,13,68,189,310,314,198,75,15,1
1,13,68,189,310,315,200,76,15,1
1,13,68,189,310,315,202,81,19,2
1,13,68,189,310,315,202,81,19,2
1,13,68,189,310,315,202,81,19,2
1,13,68,189,311,315,194,67,10
1,13,68,189,311,316,198,73,14,1
1,13,68,189,311,317,201,76,15,1
1,13,68,189,311,318,205,82,19,2
1,13,68,189,311,318,205,82,19,2
1,13,68,189,311,319,207,83,19,2
1,13,68,189,311,319,208,85,20,2
1,13,68,189,311,320,207,76,12
1,13,68,189,311,320,210,86,20,2
1,13,68,189,311,320,210,86,20,2
1,13,68,189,312,321,207,80,16,1
1,13,68,189,312,321,208,83,19,2
1,13,68,189,312,322,207,76,12
1,13,68,189,312,322,211,86,20,2
1,13,68,189,312,323,213,87,20,2
1,13,68,189,312,324,216,90,21,2
1,13,68,189,312,324,216,90,21,2
1,13,68,189,312,325,220,96,25,3
1,13,68,189,312,326,221,92,21,2
1,13,68,189,313,325,214,87,20,2
1,13,68,189,313,326,217,90,21,2
1,13,68,189,313,327,219,91,21,2
1,13,68,189,313,328,223,97,25,3
1,13,68,189,313,329,222,92,21,2
1,13,68,189,313,329,226,100,26,3
1,13,68,189,313,333,239,113,32,4
1,13,68,189,314,329,220,91,21,2
1,13,68,189,314,332,229,101,26,3
1,13,68,189,315,336,235,105,27,3
1,13,68,189,315,338,237,101,23,2
1,13,68,189,316,342,246,115,32,4
1,13,68,189,316,344,247,111,28,3
1,13,68,189,316,346,260,135,47,10,1
1,13,68,189,317,349,263,136,47,10,1
1,13,68,189,319,360,280,150,53,11,1
1,13,68,190,310,297,155,34
1,13,68,190,312,310,185,64,12,1
1,13,68,190,313,313,186,60,8
1,13,68,190,313,313,186,60,8
1,13,68,190,313,313,186,60,8
1,13,68,190,313,313,186,60,8
1,13,68,190,313,314,190,65,10
1,13,68,190,314,316,189,61,8
1,13,68,190,314,317,192,64,9
1,13,68,190,314,317,192,64,9
1,13,68,190,314,318,196,70,13,1
1,13,68,190,314,319,199,73,14,1
1,13,68,190,315,321,198,68,10
1,13,68,190,315,322,202,74,14,1
1,13,68,190,315,324,207,76,12
1,13,68,190,315,324,209,83,19,2
1,13,68,190,315,324,209,83,19,2
1,13,68,190,316,327,209,76,12
1,13,68,190,316,327,211,81,16,1
1,13,68,190,316,328,215,87,20,2
1,13,68,190,316,328,215,87,20,2
1,13,68,190,316,328,215,87,20,2
1,13,68,190,316,329,218,90,21,2
1,13,68,190,316,330,221,92,21,2
1,13,68,190,317,329,210,76,12
1,13,68,190,317,331,218,88,20,2
1,13,68,190,317,331,218,88,20,2
1,13,68,190,317,332,221,91,21,2
1,13,68,190,317,333,223,92,21,2
1,13,68,190,317,333,223,92,21,2
1,13,68,190,317,333,225,97,25,3
1,13,68,190,317,335,230,101,26,3
1,13,68,190,318,335,224,92,21,2
1,13,68,190,318,335,224,92,21,2
1,13,68,190,318,335,224,92,21,2
1,13,68,190,318,336,228,98,25,3
1,13,68,190,318,338,233,102,26,3
1,13,68,190,319,340,234,102,26,3
1,13,68,190,319,341,237,105,27,3
1,13,68,190,319,342,237,101,23,2
1,13,68,190,319,342,239,106,27,3
1,13,68,190,319,344,246,115,32,4
1,13,68,190,319,346,251,117,32,4
1,13,68,190,320,344,238,101,23,2
1,13,68,190,320,344,240,106,27,3
1,13,68,190,320,347,247,111,28,3
1,13,68,190,320,348,248,111,28,3
1,13,68,190,320,350,261,135,47,10,1
1,13,68,190,321,351,253,117,32,4
1,13,68,190,321,351,253,117,32,4
1,13,68,190,321,353,264,136,47,10,1
1,13,68,190,322,352,253,117,32,4
1,13,68,190,322,353,256,120,33,4
1,13,68,190,322,361,280,150,53,11,1
1,13,68,190,323,360,267,126,34,4
1,13,68,190,323,360,267,126,34,4
1,13,68,190,324,366,284,151,53,11,1
1,13,68,190,325,373,293,156,54,11,1
1,13,68,191,315,307,165,39,1
1,13,68,191,318,322,193,62,8
1,13,68,191,318,322,193,62,8
1,13,68,191,319,327,202,69,10
1,13,68,191,319,329,210,80,16,1
1,13,68,191,320,332,211,76,12
1,13,68,191,320,334,219,88,20,2
1,13,68,191,321,335,214,77,12
1,13,68,191,321,337,222,89,20,2
1,13,68,191,321,338,225,92,21,2
1,13,68,191,321,338,225,92,21,2
1,13,68,191,321,338,225,92,21,2
1,13,68,191,321,338,225,92,21,2
1,13,68,191,322,341,228,93,21,2
1,13,68,191,322,341,228,93,21,2
1,13,68,191,322,344,237,101,23,2
1,13,68,191,323,346,238,103,26,3
1,13,68,191,323,347,239,101,23,2
1,13,68,191,324,349,240,101,23,2
1,13,68,191,324,350,244,107,27,3
1,13,68,191,324,352,249,111,28,3
1,13,68,191,324,352,249,111,28,3
1,13,68,191,324,353,253,117,32,4
1,13,68,191,324,353,253,117,32,4
1,13,68,191,324,356,265,136,47,10,1
1,13,68,191,325,354,250,111,28,3
1,13,68,191,325,355,254,117,32,4
1,13,68,191,325,356,257,120,33,4
1,13,68,191,326,358,257,118,32,4
1,13,68,191,326,362,267,126,34,4
1,13,68,191,327,362,263,122,33,4
1,13,68,191,327,364,268,126,34,4
1,13,68,191,327,365,269,126,34,4
1,13,68,191,327,365,275,141,48,10,1
1,13,68,191,327,368,284,151,53,11,1
1,13,68,191,328,366,269,126,34,4
1,13,68,191,328,374,293,156,54,11,1
1,13,68,191,329,373,288,152,53,11,1
1,13,68,191,329,376,294,156,54,11,1
1,13,68,191,330,376,287,141,40,5
1,13,68,191,330,377,294,156,54,11,1
1,13,68,191,331,383,303,161,55,11,1
1,13,68,192,323,332,203,67,9
1,13,68,192,325,341,218,78,12
1,13,68,192,326,347,232,94,21,2
1,13,68,192,326,347,232,94,21,2
1,13,68,192,327,351,238,98,22,2
1,13,68,192,327,352,241,101,23,2
1,13,68,192,327,353,245,107,27,3
1,13,68,192,328,355,244,102,23,2
1,13,68,192,328,356,248,108,27,3
1,13,68,192,328,357,251,111,28,3
1,13,68,192,328,358,255,117,32,4
1,13,68,192,329,360,254,112,28,3
1,13,68,192,329,361,258,118,32,4
1,13,68,192,330,365,264,122,33,4
1,13,68,192,330,367,269,126,34,4
1,13,68,192,330,367,269,126,34,4
1,13,68,192,331,369,270,126,34,4
1,13,68,192,331,369,270,126,34,4
1,13,68,192,331,371,279,142,48,10,1
1,13,68,192,331,374,288,152,53,11,1
1,13,68,192,332,372,273,127,34,4
1,13,68,192,332,378,294,156,54,11,1
1,13,68,192,333,379,288,141,40,5
1,13,68,192,333,380,295,156,54,11,1
1,13,68,192,334,381,289,141,40,5
1,13,68,192,334,383,298,157,54,11,1
1,13,68,192,334,383,298,157,54,11,1
1,13,68,192,334,385,303,161,55,11,1
1,13,68,192,335,387,304,161,55,11,1
1,13,68,192,338,399,323,176,61,12,1
1,13,68,192,340,412,349,206,81,19,2
1,13,68,193,331,357,242,99,22,2
1,13,68,193,333,364,248,96,16
1,13,68,193,333,366,258,113,28,3
1,13,68,193,333,367,262,119,32,4
1,13,68,193,334,372,271,126,34,4
1,13,68,193,335,375,274,127,34,4
1,13,68,193,337,384,290,141,40,5
1,13,68,193,337,386,292,137,36,4
1,13,68,193,337,386,299,157,54,11,1
1,13,68,193,337,386,299,157,54,11,1
1,13,68,193,337,388,304,161,55,11,1
1,13,68,193,338,388,292,137,36,4
1,13,68,193,339,393,308,162,55,11,1
1,13,68,193,341,402,324,176,61,12,1
1,13,68,193,342,406,322,162,47,6
1,13,68,193,342,412,349,206,81,19,2
1,13,68,193,343,413,337,182,62,12,1
1,13,68,193,345,418,353,207,81,19,2
1,13,68,193,346,422,359,211,82,19,2
1,13,68,194,337,369,250,96,16
1,13,68,194,338,377,272,124,33,4
1,13,68,194,339,381,278,128,34,4
1,13,68,194,340,387,291,141,40,5
1,13,68,194,341,390,292,137,36,4
1,13,68,194,341,390,292,137,36,4
1,13,68,194,341,392,303,158,54,11,1
1,13,68,194,342,392,293,137,36,4
1,13,68,194,342,396,309,162,55,11,1
1,13,68,194,342,396,309,162,55,11,1
1,13,68,194,345,408,322,162,47,6
1,13,68,194,346,409,322,162,47,6
1,13,68,194,346,414,337,182,62,12,1
1,13,68,194,347,419,353,207,81,19,2
1,13,68,194,348,423,359,211,82,19,2
1,13,68,194,350,428,357,197,68,13,1
1,13,68,194,350,428,363,212,82,19,2
1,13,68,194,351,435,372,217,83,19,2
1,13,68,195,341,375,254,97,16
1,13,68,195,345,395,294,137,36,4
1,13,68,195,345,395,294,137,36,4
1,13,68,195,346,402,313,163,55,11,1
1,13,68,195,348,410,322,162,47,6
1,13,68,195,348,411,329,177,61,12,1
1,13,68,195,349,412,323,162,47,6
1,13,68,195,349,416,337,182,62,12,1
1,13,68,195,350,418,338,182,62,12,1
1,13,68,195,352,429,363,212,82,19,2
1,13,68,195,353,430,357,197,68,13,1
1,13,68,195,353,435,372,217,83,19,2
1,13,68,195,355,438,373,217,83,19,2
1,13,68,195,358,450,392,232,89,20,2
1,13,68,196,349,401,298,138,36,4
1,13,68,196,352,415,324,162,47,6
1,13,68,196,353,421,339,182,62,12,1
1,13,68,196,354,428,358,208,81,19,2
1,13,68,196,355,431,357,197,68,13,1
1,13,68,196,356,433,358,197,68,13,1
1,13,68,196,357,439,373,217,83,19,2
1,13,68,196,360,451,392,232,89,20,2
1,13,68,196,361,453,393,232,89,20,2
1,13,68,196,370,492,474,332,165,55,11,1
1,13,68,197,357,427,343,183,62,12,1
1,13,68,197,359,438,368,213,82,19,2
1,13,68,197,360,442,374,217,83,19,2
1,13,68,197,363,454,393,232,89,20,2
1,13,68,197,371,492,474,332,165,55,11,1
1,13,68,197,375,502,484,337,166,55,11,1
1,13,68,198,364,448,378,218,83,19,2
1,13,68,198,366,457,394,232,89,20,2
1,13,68,198,367,456,377,198,60,8
1,13,68,198,373,483,427,253,96,21,2
1,13,68,198,376,502,484,337,166,55,11,1
1,13,68,199,370,458,377,198,60,8
1,13,68,199,375,483,427,253,96,21,2
1,13,68,199,376,484,427,253,96,21,2
1,13,68,199,381,504,462,288,117,28,3
1,13,68,200,373,461,378,198,60,8
1,13,68,200,378,485,427,253,96,21,2
1,13,68,200,378,485,427,253,96,21,2
1,13,68,200,383,505,462,288,117,28,3
1,13,68,200,390,533,518,358,173,56,11,1
1,13,68,201,381,488,428,253,96,21,2
1,13,68,201,385,506,462,288,117,28,3
1,13,68,201,385,512,489,338,166,55,11,1
1,13,68,201,391,533,518,358,173,56,11,1
1,13,68,203,396,537,519,358,173,56,11,1
1,13,68,204,406,560,532,344,145,36,4
1,13,68,205,408,560,532,344,145,36,4
1,13,68,205,415,588,588,414,201,64,12,1
1,13,68,206,410,561,532,344,145,36,4
1,13,68,206,416,588,588,414,201,64,12,1
1,13,68,207,418,589,588,414,201,64,12,1
1,13,68,212,450,672,714,540,285,100,21,2
1,13,68,213,451,672,714,540,285,100,21,2
1,13,68,221,495,792,924,792,495,220,66,12,1
1,13,69,192,297,246,92,8
1,13,69,192,298,251,100,12
1,13,69,192,298,252,104,16
1,13,69,192,299,257,111,18
1,13,69,192,299,258,116,25,2
1,13,69,192,300,264,127,31,3
1,13,69,193,303,258,100,8
1,13,69,193,304,264,112,16
1,13,69,193,305,269,120,20
1,13,69,193,305,269,120,20
1,13,69,193,305,270,124,24
1,13,69,193,306,274,128,24
1,13,69,193,306,274,128,24
1,13,69,193,306,274,129,27,2
1,13,69,193,306,275,132,29,2
1,13,69,193,306,276,137,36,4
1,13,69,193,307,279,135,27
1,13,69,193,307,280,140,34,3
1,13,69,193,307,281,144,38,4
1,13,69,193,307,281,144,38,4
1,13,69,193,307,281,145,40,4
1,13,69,193,308,287,156,47,6
1,13,69,193,309,294,172,61,12,1
1,13,69,194,311,282,132,24
1,13,69,194,311,282,132,24
1,13,69,194,312,287,140,28
1,13,69,194,312,287,141,31,2
1,13,69,194,312,288,145,36,4
1,13,69,194,313,291,145,30
1,13,69,194,313,292,149,35,2
1,13,69,194,313,293,153,40,4
1,13,69,194,313,293,153,40,4
1,13,69,194,313,293,153,40,4
1,13,69,194,313,295,162,52,8
1,13,69,194,314,297,157,40,3
1,13,69,194,314,297,158,42,4
1,13,69,194,314,297,158,42,4
1,13,69,194,314,298,161,45,5
1,13,69,194,314,298,161,45,5
1,13,69,194,314,298,162,47,6
1,13,69,194,314,299,165,49,6
1,13,69,194,315,303,169,50,6
1,13,69,194,315,304,174,56,8
1,13,69,194,315,304,174,56,8
1,13,69,194,315,305,178,62,12,1
1,13,69,194,316,309,181,60,9
1,13,69,194,316,310,186,67,13,1
1,13,69,194,317,317,202,81,19,2
1,13,69,195,318,300,152,32
1,13,69,195,318,300,152,32
1,13,69,195,318,301,157,40,4
1,13,69,195,319,305,161,39,2
1,13,69,195,319,306,165,44,4
1,13,69,195,319,306,165,44,4
1,13,69,195,320,309,167,43,3
1,13,69,195,320,310,170,46,4
1,13,69,195,320,311,174,51,6
1,13,69,195,320,311,174,51,6
1,13,69,195,320,311,174,51,6
1,13,69,195,320,312,178,56,8
1,13,69,195,320,313,182,60,8
1,13,69,195,321,314,176,50,5
1,13,69,195,321,315,179,53,6
1,13,69,195,321,315,179,53,6
1,13,69,195,321,315,179,53,6
1,13,69,195,321,316,182,56,7
1,13,69,195,321,316,183,58,8
1,13,69,195,321,317,186,60,8
1,13,69,195,321,317,186,60,8
1,13,69,195,321,317,187,64,12,1
1,13,69,195,322,320,188,60,8
1,13,69,195,322,320,188,60,8
1,13,69,195,322,321,191,63,9
1,13,69,195,322,321,192,65,10
1,13,69,195,322,321,193,68,13,1
1,13,69,195,322,322,195,69,13,1
1,13,69,195,322,322,195,69,13,1
1,13,69,195,322,324,204,81,19,2
1,13,69,195,323,327,204,76,15,1
1,13,69,195,323,328,207,76,12
1,13,69,195,323,328,209,83,19,2
1,13,69,195,324,333,216,87,20,2
1,13,69,195,324,335,223,92,21,2
1,13,69,195,325,339,228,98,25,3
1,13,69,196,324,313,164,36
1,13,69,196,325,319,177,48,4
1,13,69,196,326,324,186,55,6
1,13,69,196,326,325,190,60,8
1,13,69,196,326,325,190,60,8
1,13,69,196,326,325,190,60,8
1,13,69,196,326,325,190,60,8
1,13,69,196,327,328,192,59,7
1,13,69,196,327,329,195,62,8
1,13,69,196,327,329,195,62,8
1,13,69,196,327,329,195,62,8
1,13,69,196,327,329,195,62,8
1,13,69,196,327,329,195,62,8
1,13,69,196,327,330,199,67,10
1,13,69,196,327,330,199,68,12,1
1,13,69,196,327,330,200,70,13,1
1,13,69,196,328,333,201,66,9
1,13,69,196,328,333,201,66,9
1,13,69,196,328,334,204,69,10
1,13,69,196,328,334,204,69,10
1,13,69,196,328,334,205,72,13,1
1,13,69,196,328,335,208,75,14,1
1,13,69,196,328,336,211,76,12
1,13,69,196,328,336,213,83,19,2
1,13,69,196,329,337,207,70,10
1,13,69,196,329,338,211,76,14,1
1,13,69,196,329,339,213,76,12
1,13,69,196,329,339,214,79,15,1
1,13,69,196,329,339,215,81,16,1
1,13,69,196,329,340,218,85,19,2
1,13,69,196,329,341,221,88,20,2
1,13,69,196,329,342,225,92,21,2
1,13,69,196,330,344,224,89,20,2
1,13,69,196,330,345,227,92,21,2
1,13,69,196,330,345,227,92,21,2
1,13,69,196,330,346,229,93,21,2
1,13,69,196,330,346,229,93,21,2
1,13,69,196,330,346,231,98,25,3
1,13,69,196,331,351,239,101,23,2
1,13,69,196,331,351,239,103,26,3
1,13,69,196,332,357,250,111,28,3
1,13,69,196,332,358,255,117,32,4
1,13,69,196,334,369,276,141,48,10,1
1,13,69,197,330,327,180,45,2
1,13,69,197,332,338,202,64,8
1,13,69,197,332,338,202,64,8
1,13,69,197,332,338,202,64,8
1,13,69,197,333,342,208,68,9
1,13,69,197,333,343,211,71,10
1,13,69,197,333,343,211,71,10
1,13,69,197,333,343,212,74,13,1
1,13,69,197,333,344,215,76,12
1,13,69,197,333,345,220,85,19,2
1,13,69,197,334,347,217,75,11
1,13,69,197,334,347,217,75,11
1,13,69,197,334,348,220,78,12
1,13,69,197,334,348,221,81,15,1
1,13,69,197,334,348,221,81,15,1
1,13,69,197,334,349,224,84,16,1
1,13,69,197,334,350,229,92,21,2
1,13,69,197,335,351,223,79,12
1,13,69,197,335,351,223,79,12
1,13,69,197,335,352,227,85,16,1
1,13,69,197,335,352,227,85,16,1
1,13,69,197,335,353,231,91,20,2
1,13,69,197,335,354,234,94,21,2
1,13,69,197,335,354,234,94,21,2
1,13,69,197,335,354,234,94,21,2
1,13,69,197,335,354,234,94,21,2
1,13,69,197,335,354,234,94,21,2
1,13,69,197,336,357,237,95,21,2
1,13,69,197,336,358,240,98,22,2
1,13,69,197,336,359,243,101,23,2
1,13,69,197,336,359,244,104,26,3
1,13,69,197,336,362,255,117,32,4
1,13,69,197,337,361,243,99,22,2
1,13,69,197,337,362,246,102,23,2
1,13,69,197,337,363,250,108,27,3
1,13,69,197,337,363,250,108,27,3
1,13,69,197,337,364,253,111,28,3
1,13,69,197,337,365,255,112,28,3
1,13,69,197,338,369,262,119,32,4
1,13,69,197,339,374,271,126,34,4
1,13,69,197,339,374,271,126,34,4
1,13,69,197,339,376,280,142,48,10,1
1,13,69,197,341,387,299,157,54,11,1
1,13,69,198,338,352,218,73,10
1,13,69,198,338,352,218,73,10
1,13,69,198,339,357,227,80,12
1,13,69,198,340,361,233,84,13
1,13,69,198,340,361,233,84,13
1,13,69,198,340,362,237,90,17,1
1,13,69,198,340,363,241,96,21,2
1,13,69,198,340,363,241,96,21,2
1,13,69,198,340,363,241,96,21,2
1,13,69,198,340,364,245,101,23,2
1,13,69,198,341,367,247,100,22,2
1,13,69,198,341,367,247,100,22,2
1,13,69,198,341,368,248,96,16
1,13,69,198,341,368,250,103,23,2
1,13,69,198,341,369,254,109,27,3
1,13,69,198,342,371,253,104,23,2
1,13,69,198,342,371,253,104,23,2
1,13,69,198,342,372,257,110,27,3
1,13,69,198,342,373,260,113,28,3
1,13,69,198,342,373,260,113,28,3
1,13,69,198,342,373,260,113,28,3
1,13,69,198,342,374,264,119,32,4
1,13,69,198,343,376,263,114,28,3
1,13,69,198,343,376,263,114,28,3
1,13,69,198,343,379,273,126,34,4
1,13,69,198,344,381,273,124,33,4
1,13,69,198,344,382,276,127,34,4
1,13,69,198,344,383,278,128,34,4
1,13,69,198,344,384,285,143,48,10,1
1,13,69,198,345,385,279,128,34,4
1,13,69,198,345,390,292,137,36,4
1,13,69,198,345,391,300,157,54,11,1
1,13,69,198,346,391,292,141,40,5
1,13,69,198,346,394,303,158,54,11,1
1,13,69,198,347,398,309,162,55,11,1
1,13,69,199,344,367,238,88,16,1
1,13,69,199,345,371,243,89,14
1,13,69,199,346,376,252,96,16
1,13,69,199,346,377,257,105,23,2
1,13,69,199,346,377,257,105,23,2
1,13,69,199,346,377,257,105,23,2
1,13,69,199,347,381,263,109,24,2
1,13,69,199,347,382,267,115,28,3
1,13,69,199,347,383,271,121,32,4
1,13,69,199,348,386,273,119,29,3
1,13,69,199,348,386,273,119,29,3
1,13,69,199,348,387,277,125,33,4
1,13,69,199,348,388,280,128,34,4
1,13,69,199,348,388,280,128,34,4
1,13,69,199,348,390,289,144,48,10,1
1,13,69,199,349,391,283,129,34,4
1,13,69,199,349,391,283,129,34,4
1,13,69,199,349,394,292,137,36,4
1,13,69,199,350,395,289,133,35,4
1,13,69,199,350,397,294,137,36,4
1,13,69,199,350,397,296,142,40,5
1,13,69,199,350,399,305,158,54,11,1
1,13,69,199,351,400,299,143,40,5
1,13,69,199,351,403,311,162,55,11,1
1,13,69,199,352,406,314,163,55,11,1
1,13,69,199,352,406,314,163,55,11,1
1,13,69,199,353,412,322,162,47,6
1,13,69,199,354,415,330,177,61,12,1
1,13,69,199,354,419,338,182,62,12,1
1,13,69,199,356,428,358,208,81,19,2
1,13,69,200,351,385,259,98,16
1,13,69,200,352,392,277,120,29,3
1,13,69,200,353,396,283,124,30,3
1,13,69,200,353,397,287,130,34,4
1,13,69,200,354,401,293,134,35,4
1,13,69,200,354,402,296,137,36,4
1,13,69,200,354,402,296,137,36,4
1,13,69,200,355,405,299,138,36,4
1,13,69,200,355,406,303,144,40,5
1,13,69,200,355,409,315,163,55,11,1
1,13,69,200,356,412,318,164,55,11,1
1,13,69,200,356,412,318,164,55,11,1
1,13,69,200,357,416,324,168,56,11,1
1,13,69,200,357,417,324,162,47,6
1,13,69,200,358,419,325,162,47,6
1,13,69,200,358,421,334,178,61,12,1
1,13,69,200,358,423,339,182,62,12,1
1,13,69,200,359,430,358,208,81,19,2
1,13,69,200,361,435,358,197,68,13,1
1,13,69,200,362,439,368,213,82,19,2
1,13,69,200,362,442,374,217,83,19,2
1,13,69,201,356,395,269,103,17
1,13,69,201,359,411,303,139,36,4
1,13,69,201,359,411,303,139,36,4
1,13,69,201,359,411,303,139,36,4
1,13,69,201,359,412,307,145,40,5
1,13,69,201,361,422,326,162,47,6
1,13,69,201,361,422,328,169,56,11,1
1,13,69,201,362,425,329,163,47,6
1,13,69,201,362,428,341,182,62,12,1
1,13,69,201,363,431,344,183,62,12,1
1,13,69,201,365,440,360,197,68,13,1
1,13,69,201,365,442,369,213,82,19,2
1,13,69,201,365,444,374,217,83,19,2
1,13,69,201,367,449,378,218,83,19,2
1,13,69,201,367,449,378,218,83,19,2
1,13,69,201,369,458,394,232,89,20,2
1,13,69,202,364,421,313,144,37,4
1,13,69,202,366,431,333,164,47,6
1,13,69,202,367,437,348,184,62,12,1
1,13,69,202,367,437,348,184,62,12,1
1,13,69,202,368,443,361,197,68,13,1
1,13,69,202,369,446,364,198,68,13,1
1,13,69,202,370,452,379,218,83,19,2
1,13,69,202,370,452,379,218,83,19,2
1,13,69,202,371,456,377,198,60,8
1,13,69,202,372,461,395,232,89,20,2
1,13,69,202,373,464,398,233,89,20,2
1,13,69,203,372,447,358,189,63,12,1
1,13,69,203,374,458,383,219,83,19,2
1,13,69,203,375,460,377,198,60,8
1,13,69,203,376,467,399,233,89,20,2
1,13,69,203,380,485,427,253,96,21,2
1,13,69,203,386,512,489,338,166,55,11,1
1,13,69,204,379,465,379,198,60,8
1,13,69,204,379,468,393,224,84,19,2
1,13,69,204,380,473,403,234,89,20,2
1,13,69,204,383,487,427,253,96,21,2
1,13,69,204,384,489,428,253,96,21,2
1,13,69,204,388,507,462,288,117,28,3
1,13,69,204,388,513,489,338,166,55,11,1
1,13,69,205,383,471,383,199,60,8
1,13,69,205,387,492,429,253,96,21,2
1,13,69,205,387,492,429,253,96,21,2
1,13,69,205,391,510,463,288,117,28,3
1,13,69,205,397,537,519,358,173,56,11,1
1,13,69,206,391,498,433,254,96,21,2
1,13,69,206,394,513,464,288,117,28,3
1,13,69,206,399,538,519,358,173,56,11,1
1,13,69,207,400,532,504,344,167,55,11,1
1,13,69,208,406,547,524,359,173,56,11,1
1,13,69,208,410,560,532,344,145,36,4
1,13,69,209,413,562,532,344,145,36,4
1,13,69,209,419,589,588,414,201,64,12,1
1,13,69,210,416,565,533,344,145,36,4
1,13,69,210,421,590,588,414,201,64,12,1
1,13,69,211,424,593,589,414,201,64,12,1
1,13,69,215,452,672,714,540,285,100,21,2
1,13,69,216,454,673,714,540,285,100,21,2
1,13,69,223,496,792,924,792,495,220,66,12,1
1,13,70,201,328,296,128,16
1,13,70,201,329,302,140,24
1,13,70,201,330,309,157,40,4
1,13,70,202,336,320,160,32
1,13,70,202,336,320,160,32
1,13,70,202,337,325,168,36
1,13,70,202,337,326,173,44,4
1,13,70,202,338,332,185,53,6
1,13,70,202,338,333,190,60,8
1,13,70,202,339,339,202,70,13,1
1,13,70,203,343,338,180,40
1,13,70,203,344,344,193,52,4
1,13,70,203,344,345,198,60,8
1,13,70,203,345,349,202,59,6
1,13,70,203,345,350,206,64,8
1,13,70,203,345,350,206,64,8
1,13,70,203,346,355,214,69,9
1,13,70,203,346,356,219,76,12
1,13,70,203,346,356,219,77,14,1
1,13,70,203,347,363,236,94,21,2
1,13,70,204,350,357,205,56,4
1,13,70,204,351,363,218,68,8
1,13,70,204,351,363,218,68,8
1,13,70,204,352,368,227,75,10
1,13,70,204,352,368,227,75,10
1,13,70,204,352,369,231,80,12
1,13,70,204,353,373,236,82,12
1,13,70,204,353,373,236,82,12
1,13,70,204,353,373,237,85,15,1
1,13,70,204,353,374,240,88,16,1
1,13,70,204,353,375,245,96,21,2
1,13,70,204,353,376,248,96,16
1,13,70,204,354,380,253,101,22,2
1,13,70,204,354,380,254,103,23,2
1,13,70,204,355,386,266,114,28,3
1,13,70,204,355,387,271,121,32,4
1,13,70,205,358,382,243,84,12
1,13,70,205,358,382,243,84,12
1,13,70,205,359,387,252,91,14
1,13,70,205,359,387,253,94,17,1
1,13,70,205,359,388,256,96,16
1,13,70,205,359,388,257,100,21,2
1,13,70,205,360,391,258,95,15
1,13,70,205,360,392,262,101,19,1
1,13,70,205,360,393,266,107,23,2
1,13,70,205,360,393,266,107,23,2
1,13,70,205,360,393,266,107,23,2
1,13,70,205,360,395,275,121,32,4
1,13,70,205,361,397,272,111,24,2
1,13,70,205,361,398,276,117,28,3
1,13,70,205,361,399,279,120,29,3
1,13,70,205,362,404,289,130,34,4
1,13,70,205,362,404,289,130,34,4
1,13,70,205,362,406,296,137,36,4
1,13,70,205,364,417,319,164,55,11,1
1,13,70,206,365,401,268,100,16
1,13,70,206,365,401,268,100,16
1,13,70,206,365,402,273,109,23,2
1,13,70,206,366,406,278,110,21,1
1,13,70,206,366,407,282,116,25,2
1,13,70,206,366,407,282,116,25,2
1,13,70,206,367,411,288,120,26,2
1,13,70,206,367,412,292,126,30,3
1,13,70,206,367,412,292,126,30,3
1,13,70,206,367,413,296,132,34,4
1,13,70,206,367,414,300,137,36,4
1,13,70,206,368,416,298,130,31,3
1,13,70,206,368,417,302,136,35,4
1,13,70,206,368,418,305,139,36,4
1,13,70,206,368,418,305,139,36,4
1,13,70,206,369,421,308,140,36,4
1,13,70,206,369,422,312,146,40,5
1,13,70,206,369,425,324,165,55,11,1
1,13,70,206,370,429,328,162,47,6
1,13,70,206,370,429,330,169,56,11,1
1,13,70,206,371,436,345,183,62,12,1
1,13,70,207,371,415,284,109,18
1,13,70,207,372,421,298,125,27,2
1,13,70,207,373,426,308,135,32,3
1,13,70,207,373,427,312,141,36,4
1,13,70,207,373,427,312,141,36,4
1,13,70,207,373,427,312,141,36,4
1,13,70,207,373,427,312,141,36,4
1,13,70,207,374,431,318,145,37,4
1,13,70,207,374,431,318,145,37,4
1,13,70,207,374,431,318,145,37,4
1,13,70,207,374,432,322,151,41,5
1,13,70,207,375,436,328,155,42,5
1,13,70,207,375,438,335,164,47,6
1,13,70,207,375,438,337,171,56,11,1
1,13,70,207,376,441,338,165,47,6
1,13,70,207,376,442,343,175,57,11,1
1,13,70,207,376,444,350,184,62,12,1
1,13,70,207,377,447,353,185,62,12,1
1,13,70,207,378,453,366,198,68,13,1
1,13,70,207,379,460,383,219,83,19,2
1,13,70,208,377,430,304,124,24,1
1,13,70,208,379,441,328,150,38,4
1,13,70,208,379,441,328,150,38,4
1,13,70,208,380,446,338,160,43,5
1,13,70,208,380,447,342,166,47,6
1,13,70,208,380,448,347,176,57,11,1
1,13,70,208,381,451,348,170,48,6
1,13,70,208,381,453,357,186,62,12,1
1,13,70,208,382,457,363,190,63,12,1
1,13,70,208,382,457,363,190,63,12,1
1,13,70,208,383,462,373,200,68,13,1
1,13,70,208,383,464,377,198,60,8
1,13,70,208,383,465,385,219,83,19,2
1,13,70,208,385,472,394,224,84,19,2
1,13,70,208,386,477,404,234,89,20,2
1,13,70,209,385,456,348,165,44,5
1,13,70,209,386,461,358,175,49,6
1,13,70,209,387,467,373,195,64,12,1
1,13,70,209,387,468,377,201,68,13,1
1,13,70,209,388,472,381,198,60,8
1,13,70,209,388,472,383,205,69,13,1
1,13,70,209,389,478,398,225,84,19,2
1,13,70,209,390,483,408,235,89,20,2
1,13,70,209,391,487,414,239,90,20,2
1,13,70,209,392,494,429,253,96,21,2
1,13,70,210,393,481,388,200,60,8
1,13,70,210,393,482,393,210,70,13,1
1,13,70,210,394,488,408,230,85,19,2
1,13,70,210,395,493,418,240,90,20,2
1,13,70,210,396,499,431,253,96,21,2
1,13,70,210,397,502,434,254,96,21,2
1,13,70,210,400,517,465,288,117,28,3
1,13,70,210,403,533,504,344,167,55,11,1
1,13,70,211,398,491,398,205,61,8
1,13,70,211,400,503,428,245,91,20,2
1,13,70,211,401,508,438,255,96,21,2
1,13,70,211,401,508,438,255,96,21,2
1,13,70,211,404,523,469,289,117,28,3
1,13,70,211,406,536,505,344,167,55,11,1
1,13,70,211,409,548,524,359,173,56,11,1
1,13,70,212,406,518,448,260,97,21,2
1,13,70,212,408,529,473,290,117,28,3
1,13,70,212,412,551,525,359,173,56,11,1
1,13,70,213,418,564,532,344,145,36,4
1,13,70,214,421,567,539,365,174,56,11,1
1,13,70,214,422,569,534,344,145,36,4
1,13,70,214,427,594,589,414,201,64,12,1
1,13,70,215,426,575,538,345,145,36,4
1,13,70,215,430,597,590,414,201,64,12,1
1,13,70,216,434,603,594,415,201,64,12,1
1,13,70,219,457,674,714,540,285,100,21,2
1,13,70,220,460,677,715,540,285,100,21,2
1,13,70,226,499,793,924,792,495,220,66,12,1
1,13,71,210,360,352,176,32
1,13,71,211,368,376,208,48
1,13,71,211,369,383,226,68,8
1,13,71,212,376,401,246,76,8
1,13,71,212,377,407,259,88,12
1,13,71,212,377,408,264,96,16
1,13,71,212,378,414,277,109,23,2
1,13,71,213,384,426,284,104,16
1,13,71,213,384,426,284,104,16
1,13,71,213,385,431,293,111,18
1,13,71,213,385,432,298,120,25,2
1,13,71,213,386,438,311,133,31,3
1,13,71,213,386,439,316,141,36,4
1,13,71,214,391,445,309,120,20
1,13,71,214,392,451,323,136,29,2
1,13,71,214,392,452,328,145,36,4
1,13,71,214,393,456,333,146,34,3
1,13,71,214,393,457,337,152,38,4
1,13,71,214,393,457,337,152,38,4
1,13,71,214,394,463,351,168,47,6
1,13,71,214,395,470,369,191,63,12,1
1,13,71,215,398,465,339,145,31,2
1,13,71,215,399,471,353,161,40,4
1,13,71,215,399,471,353,161,40,4
1,13,71,215,400,476,363,171,45,5
1,13,71,215,400,476,363,171,45,5
1,13,71,215,400,477,367,177,49,6
1,13,71,215,401,481,373,181,50,6
1,13,71,215,401,483,382,197,64,12,1
1,13,71,215,401,484,385,198,60,8
1,13,71,215,402,488,392,207,69,13,1
1,13,71,215,403,495,410,230,85,19,2
1,13,71,216,406,491,383,186,51,6
1,13,71,216,406,491,383,186,51,6
1,13,71,216,407,496,393,196,56,7
1,13,71,216,407,497,397,202,60,8
1,13,71,216,407,497,398,206,66,12,1
1,13,71,216,408,502,408,216,71,13,1
1,13,71,216,408,502,408,216,71,13,1
1,13,71,216,408,504,417,232,85,19,2
1,13,71,216,410,513,433,246,91,20,2
1,13,71,216,410,515,440,255,96,21,2
1,13,71,217,413,511,413,211,62,8
1,13,71,217,413,511,413,211,62,8
1,13,71,217,413,512,418,221,72,13,1
1,13,71,217,414,517,428,231,77,14,1
1,13,71,217,415,523,443,251,92,20,2
1,13,71,217,415,524,447,257,96,21,2
1,13,71,217,416,528,453,261,97,21,2
1,13,71,217,416,528,453,261,97,21,2
1,13,71,217,418,539,478,291,117,28,3
1,13,71,218,419,526,433,226,68,9
1,13,71,218,421,538,463,266,98,21,2
1,13,71,218,421,538,463,266,98,21,2
1,13,71,218,421,538,463,266,98,21,2
1,13,71,218,423,549,488,296,118,28,3
1,13,71,218,427,571,540,365,174,56,11,1
1,13,71,219,427,553,483,281,104,22,2
1,13,71,219,428,559,498,301,119,28,3
1,13,71,219,431,576,536,344,145,36,4
1,13,71,219,431,577,544,366,174,56,11,1
1,13,71,220,436,585,543,346,145,36,4
1,13,71,220,440,607,595,415,201,64,12,1
1,13,71,221,441,595,553,351,146,36,4
1,13,71,221,442,602,574,386,181,57,11,1
1,13,71,221,444,613,599,416,201,64,12,1
1,13,71,222,449,623,609,421,202,64,12,1
1,13,71,224,466,681,716,540,285,100,21,2
1,13,71,225,470,687,720,541,285,100,21,2
1,13,71,230,505,797,925,792,495,220,66,12,1
1,13,72,220,400,432,256,64
1,13,72,221,409,464,312,112,16
1,13,72,222,417,489,350,140,24
1,13,72,222,418,496,369,165,40,4
1,13,72,223,425,515,394,181,44,4
1,13,72,223,426,521,408,197,53,6
1,13,72,223,426,522,413,206,60,8
1,13,72,223,427,528,427,223,72,13,1
1,13,72,224,433,541,438,222,64,8
1,13,72,224,433,541,438,222,64,8
1,13,72,224,434,546,448,232,69,9
1,13,72,224,434,547,453,242,79,14,1
1,13,72,224,435,554,472,268,98,21,2
1,13,72,225,440,561,468,247,75,10
1,13,72,225,441,567,483,267,90,16,1
1,13,72,225,441,568,488,277,100,21,2
1,13,72,225,442,573,498,287,105,22,2
1,13,72,225,443,579,513,307,120,28,3
1,13,72,226,447,582,503,282,96,17,1
1,13,72,226,448,588,518,302,111,23,2
1,13,72,226,448,588,518,302,111,23,2
1,13,72,226,449,594,533,322,126,29,3
1,13,72,226,450,601,552,348,145,36,4
1,13,72,226,452,612,579,387,181,57,11,1
1,13,72,227,455,609,553,337,132,30,3
1,13,72,227,456,615,568,357,147,36,4
1,13,72,227,457,622,589,392,182,57,11,1
1,13,72,227,459,633,614,422,202,64,12,1
1,13,72,228,462,630,588,372,153,37,4
1,13,72,228,464,643,624,427,203,64,12,1
1,13,72,229,470,658,644,442,209,65,12,1
1,13,72,230,480,697,725,542,285,100,21,2
1,13,72,231,485,707,735,547,286,100,21,2
1,13,72,235,515,807,930,793,495,220,66,12,1
1,13,73,231,450,552,416,176,32
1,13,73,232,459,585,479,242,68,8
1,13,73,233,467,611,523,283,88,12
1,13,73,233,468,618,543,313,113,23,2
1,13,73,234,475,638,573,338,124,25,2
1,13,73,234,476,644,588,358,139,31,3
1,13,73,234,476,645,593,368,149,36,4
1,13,73,235,483,665,623,393,160,38,4
1,13,73,235,483,665,623,393,160,38,4
1,13,73,235,485,678,659,448,210,65,12,1
1,13,73,236,490,686,658,428,181,45,5
1,13,73,236,491,693,679,463,216,66,12,1
1,13,73,237,498,714,714,498,237,73,13,1
1,13,73,237,500,727,750,553,287,100,21,2
1,13,73,238,506,742,770,568,293,101,21,2
1,13,73,241,530,827,945,799,496,220,66,12,1
1,13,74,242,501,681,608,344,112,16
1,13,74,243,510,715,678,429,173,40,4
1,13,74,244,518,742,728,484,209,53,6
1,13,74,244,519,749,749,519,244,74,13,1
1,13,74,245,526,770,784,554,265,81,14,1
1,13,74,245,527,777,805,589,300,102,21,2
1,13,74,246,534,798,840,624,321,109,22,2
1,13,74,248,551,862,980,820,503,221,66,12,1
1,13,75,253,553,819,833,575,258,68,8
1,13,75,254,562,854,910,680,349,117,23,2
1,13,75,255,570,882,966,750,405,145,31,3
1,13,75,256,579,918,1050,876,531,229,67,12,1
1,13,76,264,606,966,1092,876,489,181,40,4
1,13,76,265,615,1002,1176,1002,615,265,76,13,1
1,13,77,275,660,1122,1386,1254,825,385,121,23,2
1,13,78,286,715,1287,1716,1716,1287,715,286,78,13,1
