1,14,78,220,330,252,84,8
1,14,78,221,337,267,94,9
1,14,78,221,337,268,97,10
1,14,78,221,337,268,97,11
1,14,78,221,337,268,98,12
1,14,78,221,337,269,100,12
1,14,78,221,337,269,101,14
1,14,78,221,337,269,101,15,1
1,14,78,221,337,269,102,16,1
1,14,78,221,338,273,104,13
1,14,78,221,338,274,108,16
1,14,78,221,338,274,108,17
1,14,78,221,338,274,108,17,1
1,14,78,221,338,274,109,19,1
1,14,78,221,339,280,119,23,1
1,14,78,222,343,279,104,12
1,14,78,222,343,280,106,12
1,14,78,222,343,280,106,13
1,14,78,222,343,280,107,14
1,14,78,222,343,280,107,15,1
1,14,78,222,343,281,110,16
1,14,78,222,343,281,110,16,1
1,14,78,222,343,282,114,20,1
1,14,78,222,344,282,105,10
1,14,78,222,344,283,107,11
1,14,78,222,344,283,109,14
1,14,78,222,344,284,110,13
1,14,78,222,344,284,111,14
1,14,78,222,344,284,112,16
1,14,78,222,344,284,112,17,1
1,14,78,222,344,284,112,17,1
1,14,78,222,344,285,113,15
1,14,78,222,344,285,114,16
1,14,78,222,344,285,114,16
1,14,78,222,344,285,114,17
1,14,78,222,344,285,114,17
1,14,78,222,344,285,114,17,1
1,14,78,222,344,285,115,18
1,14,78,222,344,285,115,19,1
1,14,78,222,344,286,117,18
1,14,78,222,344,286,117,19,1
1,14,78,222,344,286,118,20,1
1,14,78,222,344,286,118,21,1
1,14,78,222,344,286,119,23,2
1,14,78,222,345,288,115,15
1,14,78,222,345,289,117,16
1,14,78,222,345,289,118,17
1,14,78,222,345,289,118,17
1,14,78,222,345,289,118,18,1
1,14,78,222,345,289,119,18
1,14,78,222,345,289,119,19
1,14,78,222,345,289,120,21,1
1,14,78,222,345,290,121,19
1,14,78,222,345,290,121,19
1,14,78,222,345,290,121,19
1,14,78,222,345,290,121,20,1
1,14,78,222,345,290,122,20
1,14,78,222,345,290,122,21
1,14,78,222,345,290,122,21,1
1,14,78,222,345,290,122,21,1
1,14,78,222,345,290,123,23,1
1,14,78,222,345,290,123,23,2
1,14,78,222,345,290,124,25,2
1,14,78,222,345,291,124,21
1,14,78,222,345,291,125,22
1,14,78,222,345,291,125,23,1
1,14,78,222,345,291,125,24,1
1,14,78,222,345,291,125,24,2
1,14,78,222,345,291,126,24,1
1,14,78,222,345,291,126,25,2
1,14,78,222,345,291,126,26,2
1,14,78,222,345,291,127,27,2
1,14,78,222,345,292,130,29,3
1,14,78,222,345,292,130,30,3
1,14,78,222,346,294,125,20
1,14,78,222,346,295,128,22
1,14,78,222,346,295,129,23
1,14,78,222,346,295,129,24,1
1,14,78,222,346,295,129,25,2
1,14,78,222,346,295,130,26,1
1,14,78,222,346,295,130,26,2
1,14,78,222,346,296,132,24
1,14,78,222,346,296,132,26,1
1,14,78,222,346,296,133,27,1
1,14,78,222,346,296,133,28,2
1,14,78,222,346,296,133,28,2
1,14,78,222,346,296,133,29,2
1,14,78,222,346,296,134,29,2
1,14,78,222,346,296,134,30,3
1,14,78,222,346,296,135,32,3
1,14,78,222,346,297,135,27,1
1,14,78,222,346,297,136,30,2
1,14,78,222,346,297,137,31,2
1,14,78,222,346,297,137,32,3
1,14,78,222,346,297,137,32,3
1,14,78,222,346,297,138,33,3
1,14,78,222,346,297,138,35,4
1,14,78,222,346,298,140,34,3
1,14,78,222,346,298,141,36,4
1,14,78,222,347,301,140,31,2
1,14,78,222,347,302,143,32,2
1,14,78,222,347,302,144,34,3
1,14,78,222,347,302,144,35,3
1,14,78,222,347,302,144,36,4
1,14,78,222,347,302,145,37,4
1,14,78,222,347,303,149,41,5
1,14,78,222,348,308,155,42,5
1,14,78,223,349,292,115,15,1
1,14,78,223,349,292,116,16
1,14,78,223,350,294,114,12
1,14,78,223,350,295,117,14
1,14,78,223,350,296,119,15
1,14,78,223,350,296,120,17,1
1,14,78,223,350,296,121,18
1,14,78,223,350,297,122,17
1,14,78,223,350,297,123,18
1,14,78,223,350,297,124,20
1,14,78,223,350,297,124,20
1,14,78,223,350,297,124,21,1
1,14,78,223,350,298,126,20
1,14,78,223,350,298,126,20
1,14,78,223,350,298,127,23,1
1,14,78,223,350,298,127,23,2
1,14,78,223,350,298,128,25,2
1,14,78,223,350,298,128,25,2
1,14,78,223,350,300,135,31,3
1,14,78,223,351,299,122,16
1,14,78,223,351,299,123,18,1
1,14,78,223,351,300,125,18
1,14,78,223,351,301,127,19
1,14,78,223,351,301,127,19
1,14,78,223,351,301,128,20
1,14,78,223,351,301,128,21,1
1,14,78,223,351,301,128,21,1
1,14,78,223,351,301,129,22
1,14,78,223,351,301,130,25,2
1,14,78,223,351,302,130,21
1,14,78,223,351,302,130,21
1,14,78,223,351,302,131,22
1,14,78,223,351,302,131,22
1,14,78,223,351,302,131,23,1
1,14,78,223,351,302,131,24,2
1,14,78,223,351,302,132,25,2
1,14,78,223,351,302,133,27,2
1,14,78,223,351,303,134,24
1,14,78,223,351,303,134,26,2
1,14,78,223,351,303,135,27,1
1,14,78,223,351,303,135,27,2
1,14,78,223,351,303,136,29,2
1,14,78,223,351,303,136,30,3
1,14,78,223,351,304,138,28,1
1,14,78,223,351,304,138,29,2
1,14,78,223,351,304,139,32,3
1,14,78,223,351,304,139,32,3
1,14,78,223,351,305,142,33,3
1,14,78,223,352,304,130,20
1,14,78,223,352,305,132,21
1,14,78,223,352,305,133,22
1,14,78,223,352,305,133,22
1,14,78,223,352,305,133,23,1
1,14,78,223,352,305,134,25,2
1,14,78,223,352,305,135,26,1
1,14,78,223,352,306,135,23
1,14,78,223,352,306,135,23
1,14,78,223,352,306,135,23
1,14,78,223,352,306,135,23
1,14,78,223,352,306,135,23
1,14,78,223,352,306,136,24
1,14,78,223,352,306,136,26,2
1,14,78,223,352,306,137,26
1,14,78,223,352,306,137,27,1
1,14,78,223,352,306,137,27,2
1,14,78,223,352,306,138,29,2
1,14,78,223,352,306,138,29,2
1,14,78,223,352,307,137,24
1,14,78,223,352,307,138,25
1,14,78,223,352,307,138,25
1,14,78,223,352,307,138,25
1,14,78,223,352,307,138,26,1
1,14,78,223,352,307,138,27,2
1,14,78,223,352,307,139,26
1,14,78,223,352,307,139,27,1
1,14,78,223,352,307,139,27,1
1,14,78,223,352,307,139,28,2
1,14,78,223,352,307,139,28,2
1,14,78,223,352,307,140,29,2
1,14,78,223,352,307,140,29,2
1,14,78,223,352,307,140,30,3
1,14,78,223,352,307,141,31,2
1,14,78,223,352,307,141,32,3
1,14,78,223,352,308,141,28,1
1,14,78,223,352,308,142,30,2
1,14,78,223,352,308,142,30,2
1,14,78,223,352,308,143,31,2
1,14,78,223,352,308,143,31,2
1,14,78,223,352,308,143,31,2
1,14,78,223,352,308,143,31,2
1,14,78,223,352,308,143,32,2
1,14,78,223,352,308,143,32,3
1,14,78,223,352,308,144,34,3
1,14,78,223,352,308,144,34,3
1,14,78,223,352,308,145,36,4
1,14,78,223,352,308,145,36,4
1,14,78,223,352,309,144,28
1,14,78,223,352,309,146,33,2
1,14,78,223,352,309,146,34,3
1,14,78,223,352,309,146,34,3
1,14,78,223,352,309,146,35,3
1,14,78,223,352,309,147,35,3
1,14,78,223,352,309,147,37,4
1,14,78,223,352,309,148,38,4
1,14,78,223,352,310,150,37,3
1,14,78,223,352,310,150,38,4
1,14,78,223,353,310,140,25
1,14,78,223,353,310,141,27,1
1,14,78,223,353,311,142,26
1,14,78,223,353,311,142,26
1,14,78,223,353,311,143,27
1,14,78,223,353,311,143,27
1,14,78,223,353,311,143,28,1
1,14,78,223,353,311,144,30,2
1,14,78,223,353,311,144,30,2
1,14,78,223,353,311,145,31,2
1,14,78,223,353,311,145,31,2
1,14,78,223,353,311,145,32,3
1,14,78,223,353,312,146,30,1
1,14,78,223,353,312,146,31,2
1,14,78,223,353,312,146,31,2
1,14,78,223,353,312,146,31,2
1,14,78,223,353,312,147,32,2
1,14,78,223,353,312,147,33,3
1,14,78,223,353,312,148,33,2
1,14,78,223,353,312,148,33,2
1,14,78,223,353,312,148,34,2
1,14,78,223,353,312,148,34,3
1,14,78,223,353,312,148,34,3
1,14,78,223,353,312,148,34,3
1,14,78,223,353,312,149,36,3
1,14,78,223,353,312,150,38,4
1,14,78,223,353,313,149,33,2
1,14,78,223,353,313,149,33,2
1,14,78,223,353,313,150,34,2
1,14,78,223,353,313,150,35,3
1,14,78,223,353,313,150,35,3
1,14,78,223,353,313,150,36,4
1,14,78,223,353,313,151,36,3
1,14,78,223,353,313,151,36,3
1,14,78,223,353,313,151,36,3
1,14,78,223,353,313,151,37,4
1,14,78,223,353,313,151,37,4
1,14,78,223,353,313,152,38,4
1,14,78,223,353,313,152,38,4
1,14,78,223,353,313,152,38,4
1,14,78,223,353,313,152,39,4
1,14,78,223,353,313,153,41,5
1,14,78,223,353,314,153,37,3
1,14,78,223,353,314,154,37,3
1,14,78,223,353,314,154,37,3
1,14,78,223,353,314,154,38,3
1,14,78,223,353,314,154,39,4
1,14,78,223,353,314,154,39,4
1,14,78,223,353,314,155,40,4
1,14,78,223,353,314,155,42,5
1,14,78,223,353,314,155,42,5
1,14,78,223,353,314,156,42,5
1,14,78,223,353,315,157,40,4
1,14,78,223,353,315,157,41,4
1,14,78,223,353,315,158,43,5
1,14,78,223,354,316,149,29
1,14,78,223,354,316,151,33,2
1,14,78,223,354,317,153,34,2
1,14,78,223,354,317,154,35,2
1,14,78,223,354,317,154,35,2
1,14,78,223,354,317,154,36,3
1,14,78,223,354,317,155,37,3
1,14,78,223,354,317,155,37,3
1,14,78,223,354,317,155,38,4
1,14,78,223,354,317,156,39,4
1,14,78,223,354,318,157,38,3
1,14,78,223,354,318,158,40,4
1,14,78,223,354,318,158,40,4
1,14,78,223,354,318,158,40,4
1,14,78,223,354,318,159,41,4
1,14,78,223,354,318,159,41,4
1,14,78,223,354,318,159,41,4
1,14,78,223,354,318,159,42,5
1,14,78,223,354,318,159,42,5
1,14,78,223,354,318,160,43,5
1,14,78,223,354,318,161,46,6
1,14,78,223,354,319,161,40,3
1,14,78,223,354,319,161,42,4
1,14,78,223,354,319,161,42,4
1,14,78,223,354,319,161,43,5
1,14,78,223,354,319,162,42,4
1,14,78,223,354,319,162,44,5
1,14,78,223,354,319,162,44,5
1,14,78,223,354,319,162,44,5
1,14,78,223,354,319,162,44,5
1,14,78,223,354,319,163,44,5
1,14,78,223,354,319,163,45,5
1,14,78,223,354,319,163,45,5
1,14,78,223,354,319,163,46,6
1,14,78,223,354,319,164,47,6
1,14,78,223,354,320,165,45,5
1,14,78,223,354,320,165,47,6
1,14,78,223,354,320,166,47,6
1,14,78,223,354,320,167,50,7
1,14,78,223,354,320,169,56,11,1
1,14,78,223,354,321,171,56,11,1
1,14,78,223,354,321,172,57,11,1
1,14,78,223,355,323,165,43,4
1,14,78,223,355,323,165,44,5
1,14,78,223,355,323,166,45,5
1,14,78,223,355,324,169,46,5
1,14,78,223,355,324,169,48,6
1,14,78,223,355,324,170,49,6
1,14,78,223,355,324,171,51,7
1,14,78,223,355,325,172,49,6
1,14,78,223,355,325,173,50,6
1,14,78,223,355,325,174,52,7
1,14,78,223,355,325,174,52,7
1,14,78,223,355,325,175,57,11,1
1,14,78,223,355,325,176,58,11,1
1,14,78,223,355,326,176,53,7
1,14,78,223,355,326,178,58,11,1
1,14,78,223,355,326,179,61,12,1
1,14,78,223,355,327,181,61,12,1
1,14,78,223,356,330,180,53,6
1,14,78,223,356,330,180,54,7
1,14,78,223,356,330,181,59,11,1
1,14,78,223,356,331,186,63,12,1
1,14,78,224,355,303,121,14
1,14,78,224,355,304,124,16
1,14,78,224,355,304,124,17,1
1,14,78,224,355,305,128,20
1,14,78,224,355,306,132,25,2
1,14,78,224,356,307,127,18,1
1,14,78,224,356,308,129,18
1,14,78,224,356,309,132,21,1
1,14,78,224,356,309,133,22
1,14,78,224,356,310,135,22
1,14,78,224,356,311,140,29,2
1,14,78,224,356,312,143,31,3
1,14,78,224,357,309,125,13
1,14,78,224,357,312,134,20
1,14,78,224,357,312,135,22,1
1,14,78,224,357,313,137,22
1,14,78,224,357,313,137,22
1,14,78,224,357,313,137,22
1,14,78,224,357,313,138,25,2
1,14,78,224,357,313,139,26,1
1,14,78,224,357,314,139,23
1,14,78,224,357,314,140,24
1,14,78,224,357,314,141,27,2
1,14,78,224,357,315,142,25
1,14,78,224,357,315,143,26
1,14,78,224,357,315,143,27,1
1,14,78,224,357,315,144,29,2
1,14,78,224,357,315,145,31,2
1,14,78,224,357,315,145,31,2
1,14,78,224,357,316,147,31,1
1,14,78,224,357,316,147,31,2
1,14,78,224,357,316,148,34,3
1,14,78,224,357,317,151,35,3
1,14,78,224,357,317,152,38,4
1,14,78,224,358,315,137,21
1,14,78,224,358,316,140,24,1
1,14,78,224,358,317,142,24
1,14,78,224,358,317,142,24
1,14,78,224,358,318,145,26
1,14,78,224,358,318,145,26
1,14,78,224,358,318,146,28
1,14,78,224,358,318,146,29,2
1,14,78,224,358,319,147,27
1,14,78,224,358,319,147,27
1,14,78,224,358,319,147,27
1,14,78,224,358,319,148,30,2
1,14,78,224,358,319,149,31,2
1,14,78,224,358,319,149,31,2
1,14,78,224,358,319,149,32,3
1,14,78,224,358,320,150,29
1,14,78,224,358,320,151,32,2
1,14,78,224,358,320,152,33,2
1,14,78,224,358,320,152,34,3
1,14,78,224,358,320,153,36,3
1,14,78,224,358,320,154,38,4
1,14,78,224,358,320,154,38,4
1,14,78,224,358,321,155,35,2
1,14,78,224,358,321,155,36,3
1,14,78,224,358,321,155,36,3
1,14,78,224,358,321,155,37,4
1,14,78,224,358,321,156,38,4
1,14,78,224,358,321,156,38,4
1,14,78,224,358,321,157,40,4
1,14,78,224,358,322,159,40,4
1,14,78,224,358,322,160,43,5
1,14,78,224,359,320,145,25
1,14,78,224,359,321,147,26
1,14,78,224,359,322,150,28
1,14,78,224,359,322,150,28
1,14,78,224,359,322,151,31,2
1,14,78,224,359,322,152,32,1
1,14,78,224,359,322,152,33,3
1,14,78,224,359,323,152,29
1,14,78,224,359,323,152,29
1,14,78,224,359,323,152,29
1,14,78,224,359,323,153,31,1
1,14,78,224,359,323,154,33,2
1,14,78,224,359,323,154,33,2
1,14,78,224,359,323,154,33,2
1,14,78,224,359,323,154,33,2
1,14,78,224,359,323,156,37,3
1,14,78,224,359,324,154,30
1,14,78,224,359,324,155,31
1,14,78,224,359,324,155,32,1
1,14,78,224,359,324,156,34,2
1,14,78,224,359,324,156,34,2
1,14,78,224,359,324,157,35,2
1,14,78,224,359,324,157,36,3
1,14,78,224,359,324,157,37,4
1,14,78,224,359,324,158,38,4
1,14,78,224,359,324,159,40,4
1,14,78,224,359,324,160,42,5
1,14,78,224,359,325,158,35,2
1,14,78,224,359,325,158,35,2
1,14,78,224,359,325,159,36,2
1,14,78,224,359,325,159,36,2
1,14,78,224,359,325,159,37,3
1,14,78,224,359,325,159,37,3
1,14,78,224,359,325,160,38,3
1,14,78,224,359,325,160,38,3
1,14,78,224,359,325,161,40,3
1,14,78,224,359,325,161,40,4
1,14,78,224,359,325,161,40,4
1,14,78,224,359,325,161,40,4
1,14,78,224,359,325,161,40,4
1,14,78,224,359,325,162,42,4
1,14,78,224,359,326,162,39,3
1,14,78,224,359,326,163,40,3
1,14,78,224,359,326,163,41,4
1,14,78,224,359,326,164,42,4
1,14,78,224,359,326,164,42,4
1,14,78,224,359,326,164,42,4
1,14,78,224,359,326,164,42,4
1,14,78,224,359,326,164,43,4
1,14,78,224,359,326,165,45,5
1,14,78,224,359,326,165,45,5
1,14,78,224,359,326,166,47,6
1,14,78,224,359,327,166,41,3
1,14,78,224,359,327,167,45,5
1,14,78,224,359,327,167,45,5
1,14,78,224,359,327,168,47,6
1,14,78,224,359,328,170,46,5
1,14,78,224,359,328,171,49,6
1,14,78,224,359,328,172,51,7
1,14,78,224,359,328,173,56,11,1
1,14,78,224,359,329,176,57,11,1
1,14,78,224,359,330,180,61,12,1
1,14,78,224,360,326,155,30
1,14,78,224,360,326,155,30
1,14,78,224,360,327,157,31
1,14,78,224,360,327,157,31
1,14,78,224,360,327,159,35,2
1,14,78,224,360,327,159,35,2
1,14,78,224,360,327,160,37,3
1,14,78,224,360,327,160,37,3
1,14,78,224,360,327,160,38,4
1,14,78,224,360,328,159,32
1,14,78,224,360,328,161,36,2
1,14,78,224,360,328,161,36,2
1,14,78,224,360,328,162,38,3
1,14,78,224,360,328,163,40,4
1,14,78,224,360,328,165,44,5
1,14,78,224,360,329,164,39,3
1,14,78,224,360,329,164,39,3
1,14,78,224,360,329,164,39,3
1,14,78,224,360,329,165,40,3
1,14,78,224,360,329,165,40,3
1,14,78,224,360,329,165,40,3
1,14,78,224,360,329,165,41,4
1,14,78,224,360,329,165,41,4
1,14,78,224,360,329,165,41,4
1,14,78,224,360,329,165,41,4
1,14,78,224,360,329,166,42,4
1,14,78,224,360,329,166,42,4
1,14,78,224,360,329,166,42,4
1,14,78,224,360,329,166,42,4
1,14,78,224,360,329,166,43,5
1,14,78,224,360,329,167,44,5
1,14,78,224,360,329,168,47,6
1,14,78,224,360,330,167,41,3
1,14,78,224,360,330,167,42,4
1,14,78,224,360,330,167,42,4
1,14,78,224,360,330,167,42,4
1,14,78,224,360,330,167,42,4
1,14,78,224,360,330,168,43,4
1,14,78,224,360,330,169,44,4
1,14,78,224,360,330,169,45,5
1,14,78,224,360,330,169,45,5
1,14,78,224,360,330,169,45,5
1,14,78,224,360,330,169,45,5
1,14,78,224,360,331,171,46,5
1,14,78,224,360,331,171,46,5
1,14,78,224,360,331,171,46,5
1,14,78,224,360,331,172,47,5
1,14,78,224,360,331,172,47,5
1,14,78,224,360,331,172,48,6
1,14,78,224,360,331,172,48,6
1,14,78,224,360,331,173,49,6
1,14,78,224,360,331,173,49,6
1,14,78,224,360,331,173,49,6
1,14,78,224,360,331,173,49,6
1,14,78,224,360,331,173,49,6
1,14,78,224,360,331,176,57,11,1
1,14,78,224,360,332,174,48,5
1,14,78,224,360,332,175,50,6
1,14,78,224,360,332,176,52,7
1,14,78,224,360,332,178,58,11,1
1,14,78,224,360,333,178,51,6
1,14,78,224,360,333,179,53,7
1,14,78,224,360,333,180,58,11,1
1,14,78,224,360,333,182,61,12,1
1,14,78,224,360,333,182,62,12,1
1,14,78,224,361,332,167,39,2
1,14,78,224,361,332,167,40,3
1,14,78,224,361,333,168,39,2
1,14,78,224,361,333,170,43,4
1,14,78,224,361,333,170,43,4
1,14,78,224,361,333,170,43,4
1,14,78,224,361,333,171,44,4
1,14,78,224,361,333,172,46,5
1,14,78,224,361,334,172,43,3
1,14,78,224,361,334,172,44,4
1,14,78,224,361,334,172,44,4
1,14,78,224,361,334,172,44,4
1,14,78,224,361,334,173,45,4
1,14,78,224,361,334,173,46,5
1,14,78,224,361,334,173,46,5
1,14,78,224,361,334,174,47,5
1,14,78,224,361,334,174,47,5
1,14,78,224,361,334,174,47,5
1,14,78,224,361,334,174,48,6
1,14,78,224,361,334,176,51,6
1,14,78,224,361,335,174,45,4
1,14,78,224,361,335,174,45,4
1,14,78,224,361,335,175,46,4
1,14,78,224,361,335,175,47,5
1,14,78,224,361,335,176,48,5
1,14,78,224,361,335,176,49,6
1,14,78,224,361,335,177,50,6
1,14,78,224,361,335,177,50,6
1,14,78,224,361,335,177,50,6
1,14,78,224,361,335,177,50,6
1,14,78,224,361,335,178,51,6
1,14,78,224,361,335,178,51,6
1,14,78,224,361,335,178,51,6
1,14,78,224,361,335,179,53,7
1,14,78,224,361,336,178,50,6
1,14,78,224,361,336,179,50,5
1,14,78,224,361,336,179,51,6
1,14,78,224,361,336,179,51,6
1,14,78,224,361,336,179,51,6
1,14,78,224,361,336,180,52,6
1,14,78,224,361,336,180,53,7
1,14,78,224,361,336,180,53,7
1,14,78,224,361,336,181,53,6
1,14,78,224,361,336,181,54,7
1,14,78,224,361,336,181,54,7
1,14,78,224,361,336,182,56,8
1,14,78,224,361,336,183,59,11,1
1,14,78,224,361,336,183,59,11,1
1,14,78,224,361,336,184,62,12,1
1,14,78,224,361,337,182,52,6
1,14,78,224,361,337,182,53,6
1,14,78,224,361,337,182,54,7
1,14,78,224,361,337,183,53,6
1,14,78,224,361,337,183,53,6
1,14,78,224,361,337,184,55,7
1,14,78,224,361,337,184,55,7
1,14,78,224,361,337,184,56,7
1,14,78,224,361,337,184,57,8
1,14,78,224,361,337,184,59,11,1
1,14,78,224,361,337,186,62,12,1
1,14,78,224,361,338,186,56,7
1,14,78,224,361,338,187,58,8
1,14,78,224,361,338,187,62,12,1
1,14,78,224,361,338,188,63,12,1
1,14,78,224,361,338,189,64,12,1
1,14,78,224,361,339,190,61,9
1,14,78,224,361,339,192,67,13,1
1,14,78,224,362,338,177,46,4
1,14,78,224,362,338,178,48,5
1,14,78,224,362,339,179,47,4
1,14,78,224,362,339,180,49,5
1,14,78,224,362,339,181,51,6
1,14,78,224,362,339,181,51,6
1,14,78,224,362,339,182,52,6
1,14,78,224,362,340,182,50,5
1,14,78,224,362,340,183,52,6
1,14,78,224,362,340,183,52,6
1,14,78,224,362,340,184,53,6
1,14,78,224,362,340,184,53,6
1,14,78,224,362,340,184,53,6
1,14,78,224,362,340,184,54,7
1,14,78,224,362,340,185,55,7
1,14,78,224,362,340,185,55,7
1,14,78,224,362,340,186,56,7
1,14,78,224,362,340,186,57,8
1,14,78,224,362,341,186,55,7
1,14,78,224,362,341,187,54,6
1,14,78,224,362,341,187,56,7
1,14,78,224,362,341,188,56,7
1,14,78,224,362,341,188,56,7
1,14,78,224,362,341,188,58,8
1,14,78,224,362,341,190,63,12,1
1,14,78,224,362,341,191,64,12,1
1,14,78,224,362,341,191,64,12,1
1,14,78,224,362,342,190,59,8
1,14,78,224,362,342,191,59,8
1,14,78,224,362,342,191,60,8
1,14,78,224,362,342,192,64,12,1
1,14,78,224,362,342,192,64,12,1
1,14,78,224,362,342,193,65,12,1
1,14,78,224,362,342,194,65,12,1
1,14,78,224,362,342,194,67,13,1
1,14,78,224,362,343,195,63,9
1,14,78,224,362,343,195,65,12,1
1,14,78,224,362,343,196,68,13,1
1,14,78,224,362,343,197,68,13,1
1,14,78,224,362,343,197,69,13,1
1,14,78,224,362,344,198,68,13,1
1,14,78,224,362,344,199,69,13,1
1,14,78,224,363,345,191,57,7
1,14,78,224,363,345,192,59,8
1,14,78,224,363,345,193,59,7
1,14,78,224,363,346,194,59,7
1,14,78,224,363,346,194,60,8
1,14,78,224,363,346,196,62,8
1,14,78,224,363,346,196,65,12,1
1,14,78,224,363,346,197,62,8
1,14,78,224,363,346,198,68,13,1
1,14,78,224,363,347,197,61,8
1,14,78,224,363,347,198,62,8
1,14,78,224,363,347,198,66,12,1
1,14,78,224,363,347,199,64,9
1,14,78,224,363,347,199,68,13,1
1,14,78,224,363,347,200,69,13,1
1,14,78,224,363,347,201,68,12,1
1,14,78,224,363,347,201,69,13,1
1,14,78,224,363,348,202,66,9
1,14,78,224,363,348,203,70,13,1
1,14,78,224,363,348,206,78,18,2
1,14,78,224,363,349,205,69,10
1,14,78,224,363,349,206,72,13,1
1,14,78,224,363,349,207,78,18,2
1,14,78,224,363,349,208,76,15,1
1,14,78,224,363,349,209,79,18,2
1,14,78,224,364,351,203,66,9
1,14,78,224,364,352,205,66,9
1,14,78,224,364,352,207,69,10
1,14,78,224,364,352,207,72,13,1
1,14,78,224,364,352,208,72,13,1
1,14,78,224,364,354,215,79,15,1
1,14,78,224,364,354,216,83,19,2
1,14,78,224,364,354,217,84,19,2
1,14,78,224,364,355,218,84,19,2
1,14,78,224,365,358,218,79,15,1
1,14,78,225,361,317,136,20
1,14,78,225,362,319,135,18,1
1,14,78,225,362,321,141,22
1,14,78,225,362,322,145,27,2
1,14,78,225,362,322,145,27,2
1,14,78,225,362,323,147,26
1,14,78,225,362,323,149,31,2
1,14,78,225,362,324,152,33,2
1,14,78,225,363,325,147,26,1
1,14,78,225,363,326,149,26
1,14,78,225,363,326,149,26
1,14,78,225,363,327,152,28
1,14,78,225,363,327,153,31,2
1,14,78,225,363,327,155,35,3
1,14,78,225,363,328,156,33,1
1,14,78,225,363,328,156,33,2
1,14,78,225,363,328,156,34,3
1,14,78,225,363,329,161,40,4
1,14,78,225,363,329,161,40,4
1,14,78,225,363,330,163,39,3
1,14,78,225,364,329,153,30,2
1,14,78,225,364,330,154,28
1,14,78,225,364,330,155,30,1
1,14,78,225,364,331,157,30
1,14,78,225,364,331,157,30
1,14,78,225,364,331,158,33,2
1,14,78,225,364,332,159,31
1,14,78,225,364,332,159,31
1,14,78,225,364,332,160,33,1
1,14,78,225,364,332,161,35,2
1,14,78,225,364,332,161,36,3
1,14,78,225,364,332,162,37,2
1,14,78,225,364,332,162,38,4
1,14,78,225,364,333,164,38,3
1,14,78,225,364,333,164,38,3
1,14,78,225,364,333,164,38,3
1,14,78,225,364,333,165,40,4
1,14,78,225,364,333,166,42,4
1,14,78,225,364,333,167,44,5
1,14,78,225,364,334,168,42,4
1,14,78,225,364,334,168,42,4
1,14,78,225,364,334,169,44,4
1,14,78,225,364,335,172,46,5
1,14,78,225,365,333,157,29
1,14,78,225,365,333,157,29
1,14,78,225,365,334,160,32,1
1,14,78,225,365,334,161,34,2
1,14,78,225,365,335,162,32
1,14,78,225,365,335,162,32
1,14,78,225,365,335,162,32
1,14,78,225,365,335,165,38,2
1,14,78,225,365,336,164,33
1,14,78,225,365,336,166,37,2
1,14,78,225,365,336,167,39,3
1,14,78,225,365,337,169,40,3
1,14,78,225,365,337,169,40,3
1,14,78,225,365,337,170,42,4
1,14,78,225,365,337,170,42,4
1,14,78,225,365,337,170,42,4
1,14,78,225,365,337,172,46,5
1,14,78,225,365,338,171,40,2
1,14,78,225,365,338,172,42,3
1,14,78,225,365,338,172,43,4
1,14,78,225,365,338,172,43,4
1,14,78,225,365,338,173,44,4
1,14,78,225,365,338,173,44,4
1,14,78,225,365,338,173,44,4
1,14,78,225,365,338,173,44,4
1,14,78,225,365,338,173,45,5
1,14,78,225,365,338,175,49,6
1,14,78,225,365,339,177,49,5
1,14,78,225,365,339,177,49,6
1,14,78,225,365,339,178,51,6
1,14,78,225,365,340,180,51,6
1,14,78,225,365,340,180,51,6
1,14,78,225,365,341,186,62,12,1
1,14,78,225,366,337,163,33,1
1,14,78,225,366,338,165,33
1,14,78,225,366,338,166,36,2
1,14,78,225,366,339,167,34
1,14,78,225,366,339,167,34
1,14,78,225,366,339,167,34
1,14,78,225,366,339,170,41,4
1,14,78,225,366,340,171,39,2
1,14,78,225,366,340,172,41,3
1,14,78,225,366,340,173,44,5
1,14,78,225,366,341,173,40,2
1,14,78,225,366,341,174,42,3
1,14,78,225,366,341,174,42,3
1,14,78,225,366,341,175,44,4
1,14,78,225,366,341,175,44,4
1,14,78,225,366,341,175,44,4
1,14,78,225,366,341,175,44,4
1,14,78,225,366,341,175,44,4
1,14,78,225,366,341,176,46,5
1,14,78,225,366,341,178,50,6
1,14,78,225,366,342,177,44,3
1,14,78,225,366,342,177,45,4
1,14,78,225,366,342,177,45,4
1,14,78,225,366,342,177,45,4
1,14,78,225,366,342,177,45,4
1,14,78,225,366,342,178,46,4
1,14,78,225,366,342,178,47,5
1,14,78,225,366,342,178,47,5
1,14,78,225,366,342,179,48,5
1,14,78,225,366,342,179,49,6
1,14,78,225,366,342,180,50,5
1,14,78,225,366,343,179,46,4
1,14,78,225,366,343,179,46,4
1,14,78,225,366,343,180,48,5
1,14,78,225,366,343,180,48,5
1,14,78,225,366,343,181,50,6
1,14,78,225,366,343,181,50,6
1,14,78,225,366,343,182,51,6
1,14,78,225,366,343,182,51,6
1,14,78,225,366,343,182,51,6
1,14,78,225,366,343,182,51,6
1,14,78,225,366,343,185,59,11,1
1,14,78,225,366,344,184,52,6
1,14,78,225,366,344,184,52,6
1,14,78,225,366,344,184,52,6
1,14,78,225,366,344,185,53,6
1,14,78,225,366,344,185,53,6
1,14,78,225,366,344,188,62,12,1
1,14,78,225,366,345,188,56,7
1,14,78,225,366,345,188,56,7
1,14,78,225,366,345,188,56,7
1,14,78,225,366,345,189,58,8
1,14,78,225,366,345,189,58,8
1,14,78,225,366,345,191,64,12,1
1,14,78,225,366,346,194,67,13,1
1,14,78,225,366,347,196,65,12,1
1,14,78,225,367,342,170,35
1,14,78,225,367,343,174,40,2
1,14,78,225,367,343,175,43,4
1,14,78,225,367,344,177,43,3
1,14,78,225,367,344,178,45,4
1,14,78,225,367,345,180,46,4
1,14,78,225,367,345,180,46,4
1,14,78,225,367,345,180,46,4
1,14,78,225,367,345,181,48,5
1,14,78,225,367,345,181,48,5
1,14,78,225,367,346,182,47,4
1,14,78,225,367,346,182,47,4
1,14,78,225,367,346,183,48,4
1,14,78,225,367,346,183,49,5
1,14,78,225,367,346,183,49,5
1,14,78,225,367,346,183,49,5
1,14,78,225,367,346,184,50,5
1,14,78,225,367,346,184,51,6
1,14,78,225,367,346,184,51,6
1,14,78,225,367,346,184,51,6
1,14,78,225,367,347,184,48,4
1,14,78,225,367,347,185,50,5
1,14,78,225,367,347,185,50,5
1,14,78,225,367,347,186,51,5
1,14,78,225,367,347,187,53,6
1,14,78,225,367,347,187,53,6
1,14,78,225,367,347,187,53,6
1,14,78,225,367,347,187,53,6
1,14,78,225,367,347,187,53,6
1,14,78,225,367,347,190,60,9
1,14,78,225,367,348,188,53,6
1,14,78,225,367,348,188,53,6
1,14,78,225,367,348,189,54,6
1,14,78,225,367,348,189,54,6
1,14,78,225,367,348,189,55,7
1,14,78,225,367,348,190,56,7
1,14,78,225,367,348,190,56,7
1,14,78,225,367,348,190,56,7
1,14,78,225,367,349,193,59,8
1,14,78,225,367,349,193,59,8
1,14,78,225,367,349,193,59,8
1,14,78,225,367,349,194,60,8
1,14,78,225,367,349,195,64,12,1
1,14,78,225,367,349,197,68,13,1
1,14,78,225,367,350,195,59,7
1,14,78,225,367,350,196,62,9
1,14,78,225,367,350,197,62,8
1,14,78,225,367,350,197,65,12,1
1,14,78,225,367,350,198,66,12,1
1,14,78,225,367,350,199,68,13,1
1,14,78,225,367,350,199,68,13,1
1,14,78,225,367,351,199,62,8
1,14,78,225,367,351,200,64,9
1,14,78,225,367,351,201,68,12,1
1,14,78,225,367,351,201,69,13,1
1,14,78,225,367,351,201,69,13,1
1,14,78,225,367,352,204,70,13,1
1,14,78,225,368,348,183,47,4
1,14,78,225,368,349,185,48,4
1,14,78,225,368,349,185,48,4
1,14,78,225,368,349,186,49,4
1,14,78,225,368,349,187,52,6
1,14,78,225,368,350,188,51,5
1,14,78,225,368,350,189,53,6
1,14,78,225,368,350,189,53,6
1,14,78,225,368,350,189,53,6
1,14,78,225,368,350,189,53,6
1,14,78,225,368,350,189,53,6
1,14,78,225,368,351,190,52,5
1,14,78,225,368,351,191,54,6
1,14,78,225,368,351,191,54,6
1,14,78,225,368,351,191,54,6
1,14,78,225,368,351,192,55,6
1,14,78,225,368,351,192,56,7
1,14,78,225,368,351,193,57,7
1,14,78,225,368,351,193,57,7
1,14,78,225,368,351,193,58,8
1,14,78,225,368,351,194,59,7
1,14,78,225,368,352,193,55,6
1,14,78,225,368,352,193,55,6
1,14,78,225,368,352,193,55,6
1,14,78,225,368,352,194,56,6
1,14,78,225,368,352,194,57,7
1,14,78,225,368,352,194,57,7
1,14,78,225,368,352,195,59,8
1,14,78,225,368,352,195,59,8
1,14,78,225,368,352,196,60,8
1,14,78,225,368,352,196,60,8
1,14,78,225,368,352,196,60,8
1,14,78,225,368,352,198,65,12,1
1,14,78,225,368,353,196,58,7
1,14,78,225,368,353,196,58,7
1,14,78,225,368,353,197,59,7
1,14,78,225,368,353,197,59,7
1,14,78,225,368,353,197,60,8
1,14,78,225,368,353,197,60,8
1,14,78,225,368,353,197,60,8
1,14,78,225,368,353,198,61,8
1,14,78,225,368,353,198,61,8
1,14,78,225,368,353,199,62,8
1,14,78,225,368,353,199,62,8
1,14,78,225,368,353,199,63,9
1,14,78,225,368,353,199,65,12,1
1,14,78,225,368,353,200,66,12,1
1,14,78,225,368,353,200,66,12,1
1,14,78,225,368,353,200,66,12,1
1,14,78,225,368,353,201,68,13,1
1,14,78,225,368,353,202,70,13,1
1,14,78,225,368,354,199,61,8
1,14,78,225,368,354,199,61,8
1,14,78,225,368,354,200,62,8
1,14,78,225,368,354,200,62,8
1,14,78,225,368,354,201,62,8
1,14,78,225,368,354,201,64,9
1,14,78,225,368,354,202,66,10
1,14,78,225,368,354,203,69,13,1
1,14,78,225,368,354,203,69,13,1
1,14,78,225,368,354,203,69,13,1
1,14,78,225,368,354,203,69,13,1
1,14,78,225,368,354,204,70,13,1
1,14,78,225,368,355,204,65,9
1,14,78,225,368,355,204,66,9
1,14,78,225,368,355,205,70,13,1
1,14,78,225,368,355,207,72,13,1
1,14,78,225,368,355,209,78,18,2
1,14,78,225,368,356,208,69,10
1,14,78,225,368,356,208,71,13,1
1,14,78,225,368,356,208,71,13,1
1,14,78,225,368,356,208,72,13,1
1,14,78,225,368,356,210,76,15,1
1,14,78,225,368,356,211,79,18,2
1,14,78,225,368,357,213,77,15,1
1,14,78,225,368,357,214,80,18,2
1,14,78,225,368,358,217,83,19,2
1,14,78,225,369,354,194,55,6
1,14,78,225,369,355,196,56,6
1,14,78,225,369,355,197,58,7
1,14,78,225,369,355,197,58,7
1,14,78,225,369,355,198,59,7
1,14,78,225,369,355,199,61,8
1,14,78,225,369,356,199,59,7
1,14,78,225,369,356,200,61,8
1,14,78,225,369,356,200,61,8
1,14,78,225,369,356,201,62,8
1,14,78,225,369,356,201,62,8
1,14,78,225,369,356,201,63,9
1,14,78,225,369,356,202,66,12,1
1,14,78,225,369,357,202,62,8
1,14,78,225,369,357,202,62,8
1,14,78,225,369,357,202,62,8
1,14,78,225,369,357,202,62,8
1,14,78,225,369,357,203,63,8
1,14,78,225,369,357,204,64,8
1,14,78,225,369,357,204,65,9
1,14,78,225,369,357,205,66,9
1,14,78,225,369,357,205,67,10
1,14,78,225,369,357,206,70,13,1
1,14,78,225,369,357,206,70,13,1
1,14,78,225,369,358,204,63,8
1,14,78,225,369,358,204,63,8
1,14,78,225,369,358,204,63,8
1,14,78,225,369,358,205,65,9
1,14,78,225,369,358,206,66,9
1,14,78,225,369,358,206,66,9
1,14,78,225,369,358,206,66,9
1,14,78,225,369,358,206,67,10
1,14,78,225,369,358,207,69,12,1
1,14,78,225,369,358,207,70,13,1
1,14,78,225,369,358,207,70,13,1
1,14,78,225,369,358,208,71,13,1
1,14,78,225,369,358,209,72,13,1
1,14,78,225,369,359,207,66,9
1,14,78,225,369,359,209,67,9
1,14,78,225,369,359,209,71,13,1
1,14,78,225,369,359,209,71,13,1
1,14,78,225,369,359,210,69,10
1,14,78,225,369,359,210,70,10
1,14,78,225,369,359,212,75,14,1
1,14,78,225,369,360,213,71,10
1,14,78,225,369,360,213,73,13,1
1,14,78,225,369,360,213,74,13,1
1,14,78,225,369,360,214,75,14,1
1,14,78,225,369,360,214,77,15,1
1,14,78,225,369,360,217,83,19,2
1,14,78,225,369,361,218,79,15,1
1,14,78,225,369,361,219,84,19,2
1,14,78,225,369,361,220,84,19,2
1,14,78,225,369,362,222,87,20,2
1,14,78,225,370,360,205,63,8
1,14,78,225,370,361,207,64,8
1,14,78,225,370,361,208,66,9
1,14,78,225,370,362,210,67,9
1,14,78,225,370,362,211,69,10
1,14,78,225,370,362,211,69,10
1,14,78,225,370,362,211,69,10
1,14,78,225,370,362,212,72,13,1
1,14,78,225,370,362,212,72,13,1
1,14,78,225,370,362,213,71,10
1,14,78,225,370,362,213,73,13,1
1,14,78,225,370,362,214,74,13,1
1,14,78,225,370,362,214,75,14,1
1,14,78,225,370,363,211,67,9
1,14,78,225,370,363,213,70,10
1,14,78,225,370,363,213,70,10
1,14,78,225,370,363,214,71,10
1,14,78,225,370,363,214,73,13,1
1,14,78,225,370,363,215,71,10
1,14,78,225,370,363,215,74,13,1
1,14,78,225,370,363,215,75,14,1
1,14,78,225,370,364,216,71,10
1,14,78,225,370,364,217,76,14,1
1,14,78,225,370,364,217,76,14,1
1,14,78,225,370,364,218,75,11
1,14,78,225,370,364,220,79,15,1
1,14,78,225,370,364,220,81,16,1
1,14,78,225,370,364,221,84,19,2
1,14,78,225,370,364,221,84,19,2
1,14,78,225,370,365,219,75,11
1,14,78,225,370,365,220,75,11
1,14,78,225,370,365,220,79,15,1
1,14,78,225,370,365,222,80,15,1
1,14,78,225,370,365,222,81,15,1
1,14,78,225,370,365,222,84,19,2
1,14,78,225,370,365,223,85,19,2
1,14,78,225,370,365,223,85,19,2
1,14,78,225,370,365,225,88,20,2
1,14,78,225,370,366,223,80,15,1
1,14,78,225,370,366,224,81,15,1
1,14,78,225,370,366,224,85,19,2
1,14,78,225,370,366,226,84,16,1
1,14,78,225,370,366,227,88,20,2
1,14,78,225,370,366,227,89,20,2
1,14,78,225,370,366,228,89,20,2
1,14,78,225,370,367,229,89,20,2
1,14,78,225,370,367,229,89,20,2
1,14,78,225,370,367,231,92,21,2
1,14,78,225,370,369,237,99,25,3
1,14,78,225,371,367,217,71,10
1,14,78,225,371,367,220,75,11
1,14,78,225,371,368,219,72,10
1,14,78,225,371,368,221,75,11
1,14,78,225,371,368,221,75,11
1,14,78,225,371,368,222,75,11
1,14,78,225,371,368,223,80,15,1
1,14,78,225,371,368,224,81,15,1
1,14,78,225,371,368,225,81,15,1
1,14,78,225,371,368,225,85,19,2
1,14,78,225,371,369,225,79,12
1,14,78,225,371,369,225,81,15,1
1,14,78,225,371,369,227,86,19,2
1,14,78,225,371,369,228,84,16,1
1,14,78,225,371,369,228,85,16,1
1,14,78,225,371,370,229,85,16,1
1,14,78,225,371,370,230,89,20,2
1,14,78,225,371,370,232,90,20,2
1,14,78,225,371,370,232,92,21,2
1,14,78,225,371,371,231,85,16,1
1,14,78,225,371,371,233,90,20,2
1,14,78,225,371,371,233,91,20,2
1,14,78,225,371,371,234,91,20,2
1,14,78,225,371,371,235,93,21,2
1,14,78,225,371,371,235,93,21,2
1,14,78,225,371,371,236,94,21,2
1,14,78,225,371,372,239,99,25,3
1,14,78,225,371,373,243,103,26,3
1,14,78,225,372,373,228,79,12
1,14,78,225,372,373,231,85,16,1
1,14,78,225,372,374,232,85,16,1
1,14,78,225,372,374,235,91,20,2
1,14,78,225,372,375,236,91,20,2
1,14,78,225,372,375,238,92,20,2
1,14,78,225,372,375,239,94,21,2
1,14,78,225,372,375,239,95,21,2
1,14,78,225,372,376,241,95,21,2
1,14,78,225,372,376,241,95,21,2
1,14,78,225,372,376,243,98,22,2
1,14,78,225,372,377,244,98,22,2
1,14,78,225,372,377,247,104,26,3
1,14,78,225,372,377,247,104,26,3
1,14,78,225,372,378,248,104,26,3
1,14,78,225,373,380,244,96,21,2
1,14,78,225,373,380,245,98,22,2
1,14,78,225,373,381,251,105,26,3
1,14,78,225,373,382,254,108,27,3
1,14,78,226,366,324,136,16
1,14,78,226,368,331,144,19
1,14,78,226,368,334,153,26
1,14,78,226,368,335,156,28
1,14,78,226,368,335,157,31,2
1,14,78,226,368,337,165,40,4
1,14,78,226,369,342,172,42,4
1,14,78,226,369,343,177,49,6
1,14,78,226,370,344,169,34
1,14,78,226,370,344,171,39,3
1,14,78,226,370,345,171,35
1,14,78,226,370,345,173,39,2
1,14,78,226,370,345,173,39,2
1,14,78,226,370,345,175,43,3
1,14,78,226,370,346,176,42,3
1,14,78,226,370,346,177,44,4
1,14,78,226,370,346,177,45,5
1,14,78,226,370,347,180,46,4
1,14,78,226,370,347,182,51,6
1,14,78,226,370,347,182,51,6
1,14,78,226,370,348,187,59,11,1
1,14,78,226,370,349,188,55,7
1,14,78,226,371,346,169,33
1,14,78,226,371,347,173,38,2
1,14,78,226,371,348,174,36
1,14,78,226,371,348,176,41,3
1,14,78,226,371,349,176,37
1,14,78,226,371,349,179,44,4
1,14,78,226,371,350,182,46,4
1,14,78,226,371,350,182,46,4
1,14,78,226,371,351,185,49,5
1,14,78,226,371,351,186,51,6
1,14,78,226,371,352,189,53,6
1,14,78,226,371,352,189,53,6
1,14,78,226,371,352,189,53,6
1,14,78,226,371,353,194,61,9
1,14,78,226,371,354,198,65,12,1
1,14,78,226,371,355,202,70,13,1
1,14,78,226,372,351,177,37
1,14,78,226,372,351,177,37
1,14,78,226,372,353,184,45,3
1,14,78,226,372,353,185,48,5
1,14,78,226,372,354,187,48,4
1,14,78,226,372,354,187,48,4
1,14,78,226,372,354,188,50,5
1,14,78,226,372,354,188,50,5
1,14,78,226,372,354,188,50,5
1,14,78,226,372,355,190,51,5
1,14,78,226,372,355,190,51,5
1,14,78,226,372,355,191,53,6
1,14,78,226,372,355,191,53,6
1,14,78,226,372,356,193,54,6
1,14,78,226,372,356,193,54,6
1,14,78,226,372,356,194,55,6
1,14,78,226,372,356,194,56,7
1,14,78,226,372,356,195,57,7
1,14,78,226,372,356,195,57,7
1,14,78,226,372,356,196,59,7
1,14,78,226,372,356,198,65,12,1
1,14,78,226,372,357,197,58,7
1,14,78,226,372,357,197,59,8
1,14,78,226,372,357,201,68,13,1
1,14,78,226,372,358,201,62,8
1,14,78,226,372,358,201,62,8
1,14,78,226,372,358,202,66,12,1
1,14,78,226,372,358,202,66,12,1
1,14,78,226,372,360,208,69,12,1
1,14,78,226,373,357,190,49,4
1,14,78,226,373,358,192,50,4
1,14,78,226,373,358,194,54,6
1,14,78,226,373,358,194,54,6
1,14,78,226,373,359,195,53,5
1,14,78,226,373,359,196,55,6
1,14,78,226,373,359,196,55,6
1,14,78,226,373,359,196,55,6
1,14,78,226,373,359,196,55,6
1,14,78,226,373,359,196,55,6
1,14,78,226,373,360,198,56,6
1,14,78,226,373,360,200,60,8
1,14,78,226,373,361,201,59,7
1,14,78,226,373,361,201,59,7
1,14,78,226,373,361,203,62,8
1,14,78,226,373,361,203,62,8
1,14,78,226,373,361,203,62,8
1,14,78,226,373,361,204,66,12,1
1,14,78,226,373,361,205,67,12,1
1,14,78,226,373,362,204,62,8
1,14,78,226,373,362,205,64,9
1,14,78,226,373,362,206,65,9
1,14,78,226,373,362,206,65,9
1,14,78,226,373,362,208,70,13,1
1,14,78,226,373,363,209,68,10
1,14,78,226,373,363,210,71,13,1
1,14,78,226,373,365,217,76,14,1
1,14,78,226,373,365,219,83,19,2
1,14,78,226,374,358,185,40
1,14,78,226,374,359,189,45,2
1,14,78,226,374,361,196,53,5
1,14,78,226,374,362,197,52,4
1,14,78,226,374,362,199,56,6
1,14,78,226,374,362,199,56,6
1,14,78,226,374,363,201,57,6
1,14,78,226,374,363,201,57,6
1,14,78,226,374,363,201,57,6
1,14,78,226,374,363,202,59,7
1,14,78,226,374,363,202,59,7
1,14,78,226,374,364,204,60,7
1,14,78,226,374,364,204,60,7
1,14,78,226,374,364,205,62,8
1,14,78,226,374,364,205,62,8
1,14,78,226,374,364,205,62,8
1,14,78,226,374,364,206,63,8
1,14,78,226,374,364,206,64,9
1,14,78,226,374,365,205,59,6
1,14,78,226,374,365,207,63,8
1,14,78,226,374,365,207,63,8
1,14,78,226,374,365,207,63,8
1,14,78,226,374,365,207,63,8
1,14,78,226,374,365,208,64,8
1,14,78,226,374,365,208,64,8
1,14,78,226,374,365,208,64,8
1,14,78,226,374,365,209,66,9
1,14,78,226,374,365,210,68,9
1,14,78,226,374,366,209,64,8
1,14,78,226,374,366,210,66,9
1,14,78,226,374,366,211,67,9
1,14,78,226,374,366,211,68,10
1,14,78,226,374,366,212,71,13,1
1,14,78,226,374,366,213,72,13,1
1,14,78,226,374,366,213,72,13,1
1,14,78,226,374,366,213,72,13,1
1,14,78,226,374,366,214,74,13,1
1,14,78,226,374,367,213,68,9
1,14,78,226,374,367,213,69,10
1,14,78,226,374,367,214,72,13,1
1,14,78,226,374,367,215,71,10
1,14,78,226,374,367,215,73,13,1
1,14,78,226,374,367,216,75,14,1
1,14,78,226,374,367,216,75,14,1
1,14,78,226,374,368,216,69,9
1,14,78,226,374,368,218,76,14,1
1,14,78,226,374,368,219,77,14,1
1,14,78,226,374,369,220,75,11
1,14,78,226,374,369,223,84,19,2
1,14,78,226,374,369,224,85,19,2
1,14,78,226,374,370,227,88,20,2
1,14,78,226,375,366,204,58,6
1,14,78,226,375,366,205,60,7
1,14,78,226,375,367,207,61,7
1,14,78,226,375,367,208,63,8
1,14,78,226,375,367,208,63,8
1,14,78,226,375,368,210,64,8
1,14,78,226,375,368,210,64,8
1,14,78,226,375,368,210,64,8
1,14,78,226,375,368,210,64,8
1,14,78,226,375,368,211,66,9
1,14,78,226,375,368,213,71,13,1
1,14,78,226,375,369,213,67,9
1,14,78,226,375,369,213,67,9
1,14,78,226,375,369,214,68,9
1,14,78,226,375,369,215,72,13,1
1,14,78,226,375,370,215,68,9
1,14,78,226,375,370,215,68,9
1,14,78,226,375,370,216,70,10
1,14,78,226,375,370,216,70,10
1,14,78,226,375,370,217,71,10
1,14,78,226,375,370,217,71,10
1,14,78,226,375,370,217,73,13,1
1,14,78,226,375,370,217,73,13,1
1,14,78,226,375,370,219,76,14,1
1,14,78,226,375,370,219,76,14,1
1,14,78,226,375,371,218,71,10
1,14,78,226,375,371,218,71,10
1,14,78,226,375,371,220,75,13,1
1,14,78,226,375,371,220,76,14,1
1,14,78,226,375,372,220,72,10
1,14,78,226,375,372,222,75,11
1,14,78,226,375,372,222,77,14,1
1,14,78,226,375,372,222,77,14,1
1,14,78,226,375,372,225,81,15,1
1,14,78,226,375,372,225,82,16,1
1,14,78,226,375,372,226,85,19,2
1,14,78,226,375,372,226,85,19,2
1,14,78,226,375,373,230,89,20,2
1,14,78,226,375,374,229,82,15,1
1,14,78,226,375,374,230,84,16,1
1,14,78,226,375,374,231,89,20,2
1,14,78,226,375,374,233,92,21,2
1,14,78,226,375,375,234,90,20,2
1,14,78,226,375,375,234,91,20,2
1,14,78,226,375,376,238,94,21,2
1,14,78,226,375,376,238,94,21,2
1,14,78,226,375,376,240,99,25,3
1,14,78,226,376,370,211,64,8
1,14,78,226,376,371,213,65,8
1,14,78,226,376,371,213,65,8
1,14,78,226,376,372,215,66,8
1,14,78,226,376,372,216,68,9
1,14,78,226,376,372,216,68,9
1,14,78,226,376,372,218,73,13,1
1,14,78,226,376,372,219,73,10
1,14,78,226,376,373,219,71,10
1,14,78,226,376,373,219,71,10
1,14,78,226,376,373,221,75,13,1
1,14,78,226,376,374,221,72,10
1,14,78,226,376,374,221,72,10
1,14,78,226,376,374,221,72,10
1,14,78,226,376,374,222,73,10
1,14,78,226,376,374,223,75,11
1,14,78,226,376,374,223,75,11
1,14,78,226,376,374,223,77,14,1
1,14,78,226,376,374,223,77,14,1
1,14,78,226,376,374,223,77,14,1
1,14,78,226,376,375,223,73,10
1,14,78,226,376,375,223,73,10
1,14,78,226,376,375,224,75,11
1,14,78,226,376,375,224,75,11
1,14,78,226,376,375,225,78,14,1
1,14,78,226,376,375,225,78,14,1
1,14,78,226,376,375,226,80,15,1
1,14,78,226,376,375,227,81,15,1
1,14,78,226,376,375,229,86,19,2
1,14,78,226,376,376,227,78,12
1,14,78,226,376,376,228,79,12
1,14,78,226,376,376,232,89,20,2
1,14,78,226,376,377,229,79,12
1,14,78,226,376,377,230,82,15,1
1,14,78,226,376,377,232,85,16,1
1,14,78,226,376,377,232,87,19,2
1,14,78,226,376,377,234,90,20,2
1,14,78,226,376,377,234,90,20,2
1,14,78,226,376,377,235,91,20,2
1,14,78,226,376,378,233,85,16,1
1,14,78,226,376,378,234,84,13
1,14,78,226,376,378,235,90,20,2
1,14,78,226,376,378,236,91,20,2
1,14,78,226,376,378,237,91,20,2
1,14,78,226,376,378,237,93,21,2
1,14,78,226,376,378,237,93,21,2
1,14,78,226,376,378,238,94,21,2
1,14,78,226,376,379,236,86,16,1
1,14,78,226,376,379,240,94,21,2
1,14,78,226,376,380,242,95,21,2
1,14,78,226,376,380,243,96,21,2
1,14,78,226,376,380,243,100,25,3
1,14,78,226,376,381,248,104,26,3
1,14,78,226,376,381,248,104,26,3
1,14,78,226,377,377,224,73,10
1,14,78,226,377,377,225,75,11
1,14,78,226,377,377,226,78,14,1
1,14,78,226,377,378,230,82,15,1
1,14,78,226,377,379,228,75,10
1,14,78,226,377,379,230,79,12
1,14,78,226,377,379,231,82,15,1
1,14,78,226,377,379,233,85,16,1
1,14,78,226,377,379,233,87,19,2
1,14,78,226,377,380,234,85,16,1
1,14,78,226,377,380,236,90,20,2
1,14,78,226,377,380,236,90,20,2
1,14,78,226,377,381,236,84,13
1,14,78,226,377,381,236,86,16,1
1,14,78,226,377,381,236,86,16,1
1,14,78,226,377,381,238,91,20,2
1,14,78,226,377,381,238,91,20,2
1,14,78,226,377,381,239,90,17,1
1,14,78,226,377,381,239,92,20,2
1,14,78,226,377,381,240,94,21,2
1,14,78,226,377,382,237,82,12
1,14,78,226,377,382,237,84,13
1,14,78,226,377,382,237,85,15,1
1,14,78,226,377,382,240,88,16,1
1,14,78,226,377,382,240,92,20,2
1,14,78,226,377,382,241,94,21,2
1,14,78,226,377,382,241,94,21,2
1,14,78,226,377,382,242,95,21,2
1,14,78,226,377,382,243,96,21,2
1,14,78,226,377,382,244,100,25,3
1,14,78,226,377,383,241,92,20,2
1,14,78,226,377,383,242,90,17,1
1,14,78,226,377,383,243,95,21,2
1,14,78,226,377,383,243,95,21,2
1,14,78,226,377,383,243,95,21,2
1,14,78,226,377,383,245,96,21,2
1,14,78,226,377,383,245,96,21,2
1,14,78,226,377,383,246,98,22,2
1,14,78,226,377,384,248,99,22,2
1,14,78,226,377,385,249,99,22,2
1,14,78,226,377,385,252,105,26,3
1,14,78,226,377,385,252,105,26,3
1,14,78,226,378,382,233,80,12
1,14,78,226,378,383,237,84,13
1,14,78,226,378,383,237,86,16,1
1,14,78,226,378,384,236,81,12
1,14,78,226,378,384,238,84,13
1,14,78,226,378,384,242,94,21,2
1,14,78,226,378,385,239,84,13
1,14,78,226,378,385,242,90,17,1
1,14,78,226,378,385,243,93,20,2
1,14,78,226,378,385,244,95,21,2
1,14,78,226,378,385,244,95,21,2
1,14,78,226,378,385,245,96,21,2
1,14,78,226,378,386,246,96,21,2
1,14,78,226,378,386,246,96,21,2
1,14,78,226,378,386,246,96,21,2
1,14,78,226,378,386,246,96,21,2
1,14,78,226,378,386,246,96,21,2
1,14,78,226,378,386,247,96,21,2
1,14,78,226,378,386,248,97,21,2
1,14,78,226,378,387,247,96,21,2
1,14,78,226,378,387,247,96,21,2
1,14,78,226,378,387,249,97,21,2
1,14,78,226,378,387,249,99,22,2
1,14,78,226,378,387,250,100,22,2
1,14,78,226,378,388,249,97,21,2
1,14,78,226,378,388,251,100,22,2
1,14,78,226,378,388,252,102,23,2
1,14,78,226,378,388,253,105,26,3
1,14,78,226,378,388,255,106,26,3
1,14,78,226,378,388,255,108,27,3
1,14,78,226,378,389,254,101,22,2
1,14,78,226,378,389,255,104,23,2
1,14,78,226,378,389,258,109,27,3
1,14,78,226,378,389,258,109,27,3
1,14,78,226,378,389,258,109,27,3
1,14,78,226,378,390,261,112,28,3
1,14,78,226,378,391,263,113,28,3
1,14,78,226,379,390,252,100,22,2
1,14,78,226,379,391,253,100,22,2
1,14,78,226,379,391,256,106,26,3
1,14,78,226,379,392,255,101,22,2
1,14,78,226,379,392,257,104,23,2
1,14,78,226,379,392,257,104,23,2
1,14,78,226,379,392,259,109,27,3
1,14,78,226,379,392,260,110,27,3
1,14,78,226,379,392,261,110,27,3
1,14,78,226,379,393,258,104,23,2
1,14,78,226,379,393,264,113,28,3
1,14,78,226,379,394,262,110,27,3
1,14,78,226,379,394,262,110,27,3
1,14,78,226,379,394,264,111,27,3
1,14,78,226,379,394,265,113,28,3
1,14,78,226,379,399,285,142,48,10,1
1,14,78,226,380,395,259,104,23,2
1,14,78,226,380,396,261,105,23,2
1,14,78,226,380,397,262,101,19,1
1,14,78,226,380,397,262,105,23,2
1,14,78,226,380,397,265,111,27,3
1,14,78,226,380,397,266,113,28,3
1,14,78,226,380,397,267,114,28,3
1,14,78,226,380,397,268,114,28,3
1,14,78,226,380,398,268,114,28,3
1,14,78,226,380,398,268,114,28,3
1,14,78,226,380,399,270,115,28,3
1,14,78,226,380,401,280,127,34,4
1,14,78,226,380,402,288,143,48,10,1
1,14,78,226,381,406,292,144,48,10,1
1,14,78,226,381,407,292,144,48,10,1
1,14,78,226,382,408,285,128,34,4
1,14,78,227,372,337,148,20
1,14,78,227,373,341,154,24,1
1,14,78,227,373,343,160,28
1,14,78,227,374,347,166,32,1
1,14,78,227,374,350,177,44,4
1,14,78,227,375,352,173,34
1,14,78,227,375,353,177,39,2
1,14,78,227,375,354,181,44,4
1,14,78,227,375,354,181,44,4
1,14,78,227,376,355,176,35
1,14,78,227,376,355,176,35
1,14,78,227,376,357,181,38
1,14,78,227,376,357,181,38
1,14,78,227,376,357,183,43,3
1,14,78,227,376,358,186,46,4
1,14,78,227,376,359,189,48,4
1,14,78,227,376,360,193,53,6
1,14,78,227,377,359,182,39,1
1,14,78,227,377,361,189,47,4
1,14,78,227,377,362,192,50,5
1,14,78,227,377,363,194,50,4
1,14,78,227,377,364,197,53,5
1,14,78,227,377,364,198,55,6
1,14,78,227,377,364,198,55,6
1,14,78,227,377,364,198,55,6
1,14,78,227,377,365,203,62,8
1,14,78,227,377,366,205,62,8
1,14,78,227,377,366,206,64,8
1,14,78,227,377,366,208,70,13,1
1,14,78,227,377,367,210,70,13,1
1,14,78,227,377,369,218,80,18,2
1,14,78,227,378,364,189,41
1,14,78,227,378,364,189,41
1,14,78,227,378,365,193,46,2
1,14,78,227,378,367,199,52,4
1,14,78,227,378,367,200,54,5
1,14,78,227,378,368,201,53,4
1,14,78,227,378,368,203,57,6
1,14,78,227,378,368,203,57,6
1,14,78,227,378,369,205,58,6
1,14,78,227,378,369,206,59,6
1,14,78,227,378,369,207,62,8
1,14,78,227,378,370,210,64,8
1,14,78,227,378,371,215,72,13,1
1,14,78,227,378,371,216,74,13,1
1,14,78,227,378,372,217,71,10
1,14,78,227,378,372,219,77,14,1
1,14,78,227,379,367,192,42
1,14,78,227,379,370,202,53,4
1,14,78,227,379,371,207,61,8
1,14,78,227,379,372,208,59,6
1,14,78,227,379,373,210,60,6
1,14,78,227,379,373,211,62,7
1,14,78,227,379,373,212,64,8
1,14,78,227,379,373,212,64,8
1,14,78,227,379,373,212,64,8
1,14,78,227,379,373,212,64,8
1,14,78,227,379,373,212,64,8
1,14,78,227,379,374,214,65,8
1,14,78,227,379,374,214,65,8
1,14,78,227,379,374,216,68,9
1,14,78,227,379,374,216,69,10
1,14,78,227,379,374,217,72,13,1
1,14,78,227,379,375,218,69,9
1,14,78,227,379,375,219,71,10
1,14,78,227,379,375,219,71,10
1,14,78,227,379,375,219,73,13,1
1,14,78,227,379,375,220,73,10
1,14,78,227,379,375,223,81,16,1
1,14,78,227,379,376,222,75,13,1
1,14,78,227,379,376,223,77,14,1
1,14,78,227,379,376,223,77,14,1
1,14,78,227,379,376,223,77,14,1
1,14,78,227,379,377,227,81,15,1
1,14,78,227,379,379,233,85,16,1
1,14,78,227,380,374,210,62,8
1,14,78,227,380,376,215,65,8
1,14,78,227,380,376,215,65,8
1,14,78,227,380,377,217,66,8
1,14,78,227,380,377,217,66,8
1,14,78,227,380,377,217,66,8
1,14,78,227,380,377,217,66,8
1,14,78,227,380,377,218,68,9
1,14,78,227,380,377,219,70,10
1,14,78,227,380,378,220,69,9
1,14,78,227,380,378,220,69,9
1,14,78,227,380,379,222,70,9
1,14,78,227,380,379,224,73,10
1,14,78,227,380,379,225,75,11
1,14,78,227,380,379,225,75,11
1,14,78,227,380,379,225,77,14,1
1,14,78,227,380,379,225,77,14,1
1,14,78,227,380,380,226,75,11
1,14,78,227,380,380,227,77,12
1,14,78,227,380,381,231,82,15,1
1,14,78,227,380,382,236,90,20,2
1,14,78,227,380,383,240,94,21,2
1,14,78,227,380,384,243,95,21,2
1,14,78,227,381,377,210,56,4
1,14,78,227,381,380,220,67,8
1,14,78,227,381,380,220,67,8
1,14,78,227,381,380,221,69,9
1,14,78,227,381,381,222,68,8
1,14,78,227,381,381,223,70,9
1,14,78,227,381,381,224,72,10
1,14,78,227,381,382,226,73,10
1,14,78,227,381,382,226,73,10
1,14,78,227,381,382,227,74,10
1,14,78,227,381,382,227,74,10
1,14,78,227,381,382,227,75,11
1,14,78,227,381,382,228,78,14,1
1,14,78,227,381,383,229,75,10
1,14,78,227,381,383,229,75,10
1,14,78,227,381,383,230,79,14,1
1,14,78,227,381,383,230,79,14,1
1,14,78,227,381,384,230,75,10
1,14,78,227,381,384,233,82,15,1
1,14,78,227,381,384,235,85,16,1
1,14,78,227,381,385,234,80,12
1,14,78,227,381,385,236,85,16,1
1,14,78,227,381,385,237,85,15,1
1,14,78,227,381,385,237,86,16,1
1,14,78,227,381,385,239,91,20,2
1,14,78,227,381,385,239,91,20,2
1,14,78,227,381,386,238,82,12
1,14,78,227,381,386,238,84,13
1,14,78,227,381,386,240,88,16,1
1,14,78,227,381,386,240,91,20,2
1,14,78,227,381,386,240,91,20,2
1,14,78,227,381,386,241,92,20,2
1,14,78,227,381,386,242,94,21,2
1,14,78,227,381,386,242,94,21,2
1,14,78,227,381,387,242,88,16,1
1,14,78,227,381,387,245,96,21,2
1,14,78,227,381,387,246,100,25,3
1,14,78,227,381,388,247,96,21,2
1,14,78,227,382,383,223,68,8
1,14,78,227,382,383,223,68,8
1,14,78,227,382,384,225,69,8
1,14,78,227,382,384,227,73,10
1,14,78,227,382,384,227,73,10
1,14,78,227,382,385,229,74,10
1,14,78,227,382,385,229,74,10
1,14,78,227,382,386,231,75,10
1,14,78,227,382,386,231,75,10
1,14,78,227,382,386,233,79,12
1,14,78,227,382,386,233,79,12
1,14,78,227,382,387,235,80,12
1,14,78,227,382,387,235,80,12
1,14,78,227,382,387,236,83,15,1
1,14,78,227,382,387,239,88,16,1
1,14,78,227,382,388,237,81,12
1,14,78,227,382,388,238,82,12
1,14,78,227,382,388,239,86,16,1
1,14,78,227,382,388,241,91,20,2
1,14,78,227,382,389,239,82,12
1,14,78,227,382,389,239,82,12
1,14,78,227,382,389,240,84,13
1,14,78,227,382,389,240,85,15,1
1,14,78,227,382,389,242,88,16,1
1,14,78,227,382,389,243,92,20,2
1,14,78,227,382,389,243,92,20,2
1,14,78,227,382,389,244,93,20,2
1,14,78,227,382,390,245,89,14
1,14,78,227,382,390,245,93,20,2
1,14,78,227,382,390,247,96,21,2
1,14,78,227,382,390,247,96,21,2
1,14,78,227,382,391,248,96,21,2
1,14,78,227,382,391,248,96,21,2
1,14,78,227,382,391,249,97,21,2
1,14,78,227,382,392,253,101,22,2
1,14,78,227,383,387,229,72,9
1,14,78,227,383,388,232,75,10
1,14,78,227,383,390,238,81,12
1,14,78,227,383,390,239,84,15,1
1,14,78,227,383,390,240,86,16,1
1,14,78,227,383,391,240,82,12
1,14,78,227,383,391,241,84,13
1,14,78,227,383,391,241,84,13
1,14,78,227,383,391,243,88,16,1
1,14,78,227,383,392,244,88,16,1
1,14,78,227,383,392,246,93,20,2
1,14,78,227,383,393,243,83,12
1,14,78,227,383,393,247,89,14
1,14,78,227,383,393,247,91,17,1
1,14,78,227,383,393,249,96,21,2
1,14,78,227,383,393,249,96,21,2
1,14,78,227,383,393,249,96,21,2
1,14,78,227,383,393,249,96,21,2
1,14,78,227,383,393,250,97,21,2
1,14,78,227,383,393,250,97,21,2
1,14,78,227,383,394,251,97,21,2
1,14,78,227,383,394,251,97,21,2
1,14,78,227,383,394,251,97,21,2
1,14,78,227,383,394,253,100,22,2
1,14,78,227,383,394,253,100,22,2
1,14,78,227,383,394,254,102,23,2
1,14,78,227,383,395,253,98,21,2
1,14,78,227,383,395,254,100,22,2
1,14,78,227,383,396,256,101,22,2
1,14,78,227,383,396,257,101,22,2
1,14,78,227,383,396,257,103,23,2
1,14,78,227,383,396,258,106,26,3
1,14,78,227,383,396,259,105,23,2
1,14,78,227,383,397,259,104,23,2
1,14,78,227,383,397,259,104,23,2
1,14,78,227,383,397,260,107,26,3
1,14,78,227,383,397,261,105,23,2
1,14,78,227,383,397,262,110,27,3
1,14,78,227,383,398,265,111,27,3
1,14,78,227,383,398,266,113,28,3
1,14,78,227,383,399,268,114,28,3
1,14,78,227,383,399,268,114,28,3
1,14,78,227,383,399,268,114,28,3
1,14,78,227,384,393,241,82,12
1,14,78,227,384,393,242,84,13
1,14,78,227,384,394,243,83,12
1,14,78,227,384,394,244,84,12
1,14,78,227,384,395,245,84,12
1,14,78,227,384,395,248,89,14
1,14,78,227,384,396,249,89,14
1,14,78,227,384,396,252,97,21,2
1,14,78,227,384,396,252,97,21,2
1,14,78,227,384,397,253,94,17,1
1,14,78,227,384,397,254,98,21,2
1,14,78,227,384,397,254,98,21,2
1,14,78,227,384,397,255,100,22,2
1,14,78,227,384,397,255,100,22,2
1,14,78,227,384,398,253,91,14
1,14,78,227,384,398,257,101,22,2
1,14,78,227,384,398,257,101,22,2
1,14,78,227,384,399,258,100,21,2
1,14,78,227,384,399,260,104,23,2
1,14,78,227,384,399,261,105,23,2
1,14,78,227,384,399,261,107,26,3
1,14,78,227,384,400,259,95,15
1,14,78,227,384,400,262,101,19,1
1,14,78,227,384,400,262,105,23,2
1,14,78,227,384,400,264,110,27,3
1,14,78,227,384,400,266,113,28,3
1,14,78,227,384,401,262,101,19,1
1,14,78,227,384,401,263,101,19,1
1,14,78,227,384,401,266,107,23,2
1,14,78,227,384,401,266,109,24,2
1,14,78,227,384,402,270,115,28,3
1,14,78,227,384,406,289,143,48,10,1
1,14,78,227,385,399,255,98,21,2
1,14,78,227,385,400,254,91,14
1,14,78,227,385,401,255,91,14
1,14,78,227,385,401,259,100,21,2
1,14,78,227,385,401,260,102,22,2
1,14,78,227,385,401,260,102,22,2
1,14,78,227,385,401,261,104,23,2
1,14,78,227,385,401,262,105,23,2
1,14,78,227,385,402,263,105,23,2
1,14,78,227,385,402,263,105,23,2
1,14,78,227,385,403,260,95,15
1,14,78,227,385,403,263,101,19,1
1,14,78,227,385,403,265,106,23,2
1,14,78,227,385,403,266,106,23,2
1,14,78,227,385,403,266,107,23,2
1,14,78,227,385,403,267,111,27,3
1,14,78,227,385,403,267,111,27,3
1,14,78,227,385,404,266,106,23,2
1,14,78,227,385,404,267,107,23,2
1,14,78,227,385,404,268,107,23,2
1,14,78,227,385,404,269,112,27,3
1,14,78,227,385,405,269,109,24,2
1,14,78,227,385,405,272,115,28,3
1,14,78,227,385,405,272,115,28,3
1,14,78,227,385,405,273,115,28,3
1,14,78,227,385,406,272,111,24,2
1,14,78,227,385,406,273,115,28,3
1,14,78,227,385,406,275,116,28,3
1,14,78,227,385,406,276,121,32,4
1,14,78,227,385,406,278,124,33,4
1,14,78,227,385,407,275,116,28,3
1,14,78,227,385,407,277,117,28,3
1,14,78,227,385,407,277,119,29,3
1,14,78,227,385,407,279,120,29,3
1,14,78,227,385,408,282,125,33,4
1,14,78,227,385,408,284,128,34,4
1,14,78,227,385,409,285,128,34,4
1,14,78,227,385,410,293,144,48,10,1
1,14,78,227,386,405,266,106,23,2
1,14,78,227,386,406,269,109,24,2
1,14,78,227,386,407,269,107,23,2
1,14,78,227,386,407,273,115,28,3
1,14,78,227,386,407,273,115,28,3
1,14,78,227,386,408,272,110,24,2
1,14,78,227,386,408,275,116,28,3
1,14,78,227,386,408,277,121,32,4
1,14,78,227,386,409,276,116,28,3
1,14,78,227,386,409,278,119,29,3
1,14,78,227,386,409,281,125,33,4
1,14,78,227,386,410,275,111,24,2
1,14,78,227,386,410,278,117,28,3
1,14,78,227,386,410,279,119,29,3
1,14,78,227,386,410,281,120,29,3
1,14,78,227,386,411,281,120,29,3
1,14,78,227,386,411,285,128,34,4
1,14,78,227,386,412,287,129,34,4
1,14,78,227,386,412,287,129,34,4
1,14,78,227,386,413,290,130,34,4
1,14,78,227,386,413,296,145,48,10,1
1,14,78,227,387,412,278,110,21,1
1,14,78,227,387,412,281,120,29,3
1,14,78,227,387,413,278,110,21,1
1,14,78,227,387,413,282,116,25,2
1,14,78,227,387,414,283,116,25,2
1,14,78,227,387,414,286,126,33,4
1,14,78,227,387,414,289,129,34,4
1,14,78,227,387,415,288,127,33,4
1,14,78,227,387,415,289,129,34,4
1,14,78,227,387,415,289,129,34,4
1,14,78,227,387,416,288,120,26,2
1,14,78,227,387,416,291,130,34,4
1,14,78,227,387,417,292,126,30,3
1,14,78,227,387,417,292,130,34,4
1,14,78,227,387,417,294,133,35,4
1,14,78,227,387,418,301,142,40,5
1,14,78,227,387,420,311,159,54,11,1
1,14,78,227,387,421,312,159,54,11,1
1,14,78,227,388,418,288,120,26,2
1,14,78,227,388,418,292,130,34,4
1,14,78,227,388,419,289,120,26,2
1,14,78,227,388,419,292,126,30,3
1,14,78,227,388,419,293,126,30,3
1,14,78,227,388,419,294,131,34,4
1,14,78,227,388,419,295,133,35,4
1,14,78,227,388,420,295,131,34,4
1,14,78,227,388,422,302,136,35,4
1,14,78,227,388,422,304,143,40,5
1,14,78,227,388,423,313,159,54,11,1
1,14,78,227,388,425,318,163,55,11,1
1,14,78,227,389,425,301,135,35,4
1,14,78,227,389,425,303,136,35,4
1,14,78,227,389,426,308,144,40,5
1,14,78,227,389,427,316,160,54,11,1
1,14,78,227,389,429,320,163,55,11,1
1,14,78,227,389,429,321,164,55,11,1
1,14,78,227,390,430,311,145,40,5
1,14,78,227,390,432,323,164,55,11,1
1,14,78,228,379,357,176,37,2
1,14,78,228,380,364,193,53,6
1,14,78,228,381,365,186,40,1
1,14,78,228,381,366,188,40
1,14,78,228,381,367,193,48,4
1,14,78,228,382,371,199,52,5
1,14,78,228,382,373,205,57,6
1,14,78,228,383,373,196,43
1,14,78,228,383,377,210,59,6
1,14,78,228,383,377,211,61,7
1,14,78,228,383,377,211,62,8
1,14,78,228,383,378,216,68,9
1,14,78,228,383,380,222,74,13,1
1,14,78,228,384,381,215,61,6
1,14,78,228,384,382,219,66,8
1,14,78,228,384,382,219,66,8
1,14,78,228,384,382,219,66,8
1,14,78,228,384,383,222,69,9
1,14,78,228,384,383,222,69,9
1,14,78,228,384,383,224,74,13,1
1,14,78,228,384,384,227,77,14,1
1,14,78,228,384,386,235,87,19,2
1,14,78,228,385,383,214,57,4
1,14,78,228,385,384,220,67,9
1,14,78,228,385,385,222,67,8
1,14,78,228,385,385,222,67,8
1,14,78,228,385,386,224,68,8
1,14,78,228,385,386,224,68,8
1,14,78,228,385,386,225,70,9
1,14,78,228,385,387,227,71,9
1,14,78,228,385,388,230,74,10
1,14,78,228,385,388,232,78,12
1,14,78,228,385,388,232,79,14,1
1,14,78,228,385,389,237,85,15,1
1,14,78,228,385,392,247,96,21,2
1,14,78,228,386,389,227,69,8
1,14,78,228,386,389,228,71,9
1,14,78,228,386,390,230,72,9
1,14,78,228,386,390,231,74,10
1,14,78,228,386,391,233,75,10
1,14,78,228,386,391,233,75,10
1,14,78,228,386,391,235,80,14,1
1,14,78,228,386,391,235,80,14,1
1,14,78,228,386,393,239,81,12
1,14,78,228,386,393,240,82,12
1,14,78,228,386,393,240,84,15,1
1,14,78,228,386,393,241,85,15,1
1,14,78,228,386,394,242,84,13
1,14,78,228,386,394,245,90,17,1
1,14,78,228,386,395,247,91,17,1
1,14,78,228,386,395,249,96,21,2
1,14,78,228,386,395,249,96,21,2
1,14,78,228,386,395,249,96,21,2
1,14,78,228,386,399,263,110,27,3
1,14,78,228,387,392,230,70,8
1,14,78,228,387,392,230,70,8
1,14,78,228,387,393,233,73,9
1,14,78,228,387,394,236,76,10
1,14,78,228,387,394,236,76,10
1,14,78,228,387,394,236,76,10
1,14,78,228,387,396,242,82,12
1,14,78,228,387,396,242,82,12
1,14,78,228,387,396,242,82,12
1,14,78,228,387,396,243,84,13
1,14,78,228,387,396,243,85,15,1
1,14,78,228,387,397,244,83,12
1,14,78,228,387,397,245,84,12
1,14,78,228,387,397,245,86,15,1
1,14,78,228,387,397,246,88,16,1
1,14,78,228,387,397,247,89,16,1
1,14,78,228,387,397,248,93,20,2
1,14,78,228,387,398,248,89,16,1
1,14,78,228,387,399,254,98,21,2
1,14,78,228,387,400,257,101,22,2
1,14,78,228,387,400,257,101,22,2
1,14,78,228,387,400,258,103,23,2
1,14,78,228,388,397,239,77,10
1,14,78,228,388,398,243,82,12
1,14,78,228,388,399,245,83,12
1,14,78,228,388,400,247,84,12
1,14,78,228,388,400,247,84,12
1,14,78,228,388,400,249,89,16,1
1,14,78,228,388,400,250,91,17,1
1,14,78,228,388,401,251,89,14
1,14,78,228,388,401,254,97,21,2
1,14,78,228,388,402,255,94,17,1
1,14,78,228,388,402,256,98,21,2
1,14,78,228,388,402,256,98,21,2
1,14,78,228,388,402,256,98,21,2
1,14,78,228,388,402,256,98,21,2
1,14,78,228,388,403,255,91,14
1,14,78,228,388,403,259,100,21,2
1,14,78,228,388,403,259,101,22,2
1,14,78,228,388,403,259,101,22,2
1,14,78,228,388,404,261,102,22,2
1,14,78,228,388,404,261,102,22,2
1,14,78,228,388,404,262,104,23,2
1,14,78,228,388,404,263,105,23,2
1,14,78,228,388,404,265,110,27,3
1,14,78,228,388,405,266,107,23,2
1,14,78,228,388,406,270,114,28,3
1,14,78,228,388,407,273,115,28,3
1,14,78,228,389,402,248,84,12
1,14,78,228,389,402,248,84,12
1,14,78,228,389,402,248,84,12
1,14,78,228,389,403,250,85,12
1,14,78,228,389,403,252,89,14
1,14,78,228,389,404,257,98,21,2
1,14,78,228,389,405,256,91,14
1,14,78,228,389,405,256,91,14
1,14,78,228,389,406,260,95,15
1,14,78,228,389,406,262,102,22,2
1,14,78,228,389,406,262,102,22,2
1,14,78,228,389,406,262,102,22,2
1,14,78,228,389,406,262,102,22,2
1,14,78,228,389,407,261,95,15
1,14,78,228,389,407,264,103,22,2
1,14,78,228,389,407,266,106,23,2
1,14,78,228,389,408,267,106,23,2
1,14,78,228,389,408,267,106,23,2
1,14,78,228,389,408,268,107,23,2
1,14,78,228,389,408,269,111,27,3
1,14,78,228,389,408,270,112,27,3
1,14,78,228,389,409,269,107,23,2
1,14,78,228,389,409,271,112,27,3
1,14,78,228,389,409,272,111,24,2
1,14,78,228,389,409,273,115,28,3
1,14,78,228,389,410,273,113,27,3
1,14,78,228,389,410,274,115,28,3
1,14,78,228,389,411,278,117,28,3
1,14,78,228,389,411,278,121,32,4
1,14,78,228,389,411,279,122,32,4
1,14,78,228,389,412,281,120,29,3
1,14,78,228,389,412,282,125,33,4
1,14,78,228,390,405,251,85,12
1,14,78,228,390,407,257,91,14
1,14,78,228,390,407,258,94,17,1
1,14,78,228,390,409,262,95,15
1,14,78,228,390,409,264,101,21,2
1,14,78,228,390,409,265,103,22,2
1,14,78,228,390,409,265,103,22,2
1,14,78,228,390,410,268,106,23,2
1,14,78,228,390,410,268,106,23,2
1,14,78,228,390,411,270,107,23,2
1,14,78,228,390,411,270,107,23,2
1,14,78,228,390,411,270,107,23,2
1,14,78,228,390,411,270,107,23,2
1,14,78,228,390,411,270,107,23,2
1,14,78,228,390,411,270,107,23,2
1,14,78,228,390,411,270,107,23,2
1,14,78,228,390,411,271,109,24,2
1,14,78,228,390,412,273,110,24,2
1,14,78,228,390,413,273,108,23,2
1,14,78,228,390,413,275,111,24,2
1,14,78,228,390,413,275,111,24,2
1,14,78,228,390,413,276,111,24,2
1,14,78,228,390,413,277,116,28,3
1,14,78,228,390,413,277,116,28,3
1,14,78,228,390,413,278,117,28,3
1,14,78,228,390,415,279,110,21,1
1,14,78,228,390,415,282,116,25,2
1,14,78,228,390,415,282,120,29,3
1,14,78,228,390,415,283,120,29,3
1,14,78,228,390,415,284,121,29,3
1,14,78,228,390,417,289,129,34,4
1,14,78,228,390,417,291,130,34,4
1,14,78,228,391,412,268,104,22,2
1,14,78,228,391,413,271,107,23,2
1,14,78,228,391,413,271,107,23,2
1,14,78,228,391,413,271,107,23,2
1,14,78,228,391,414,270,100,16
1,14,78,228,391,414,273,108,23,2
1,14,78,228,391,414,273,108,23,2
1,14,78,228,391,414,274,109,23,2
1,14,78,228,391,414,275,113,27,3
1,14,78,228,391,415,278,116,28,3
1,14,78,228,391,415,278,116,28,3
1,14,78,228,391,416,278,110,21,1
1,14,78,228,391,416,280,117,28,3
1,14,78,228,391,416,280,117,28,3
1,14,78,228,391,416,280,117,28,3
1,14,78,228,391,416,282,120,29,3
1,14,78,228,391,416,282,122,32,4
1,14,78,228,391,417,279,110,21,1
1,14,78,228,391,417,279,112,24,2
1,14,78,228,391,417,283,120,29,3
1,14,78,228,391,417,283,120,29,3
1,14,78,228,391,418,283,116,25,2
1,14,78,228,391,418,283,118,28,3
1,14,78,228,391,418,287,126,33,4
1,14,78,228,391,419,288,124,30,3
1,14,78,228,391,419,289,127,33,4
1,14,78,228,391,420,288,120,26,2
1,14,78,228,391,420,292,126,30,3
1,14,78,228,391,420,292,130,34,4
1,14,78,228,391,420,292,130,34,4
1,14,78,228,391,420,293,130,34,4
1,14,78,228,391,421,293,126,30,3
1,14,78,228,391,424,305,143,40,5
1,14,78,228,391,425,313,159,54,11,1
1,14,78,228,392,416,271,100,16
1,14,78,228,392,416,274,108,23,2
1,14,78,228,392,417,276,109,23,2
1,14,78,228,392,417,277,111,24,2
1,14,78,228,392,418,279,110,21,1
1,14,78,228,392,418,281,117,28,3
1,14,78,228,392,419,283,118,28,3
1,14,78,228,392,420,284,116,25,2
1,14,78,228,392,420,284,116,25,2
1,14,78,228,392,420,286,121,29,3
1,14,78,228,392,420,286,121,29,3
1,14,78,228,392,420,286,121,29,3
1,14,78,228,392,421,285,116,25,2
1,14,78,228,392,421,288,120,26,2
1,14,78,228,392,421,289,124,30,3
1,14,78,228,392,422,289,120,26,2
1,14,78,228,392,422,291,125,30,3
1,14,78,228,392,422,292,126,30,3
1,14,78,228,392,422,293,130,34,4
1,14,78,228,392,423,290,120,26,2
1,14,78,228,392,423,294,126,30,3
1,14,78,228,392,423,294,126,30,3
1,14,78,228,392,423,295,131,34,4
1,14,78,228,392,424,296,131,34,4
1,14,78,228,392,424,296,131,34,4
1,14,78,228,392,424,298,134,35,4
1,14,78,228,392,426,301,135,35,4
1,14,78,228,392,426,303,136,35,4
1,14,78,228,392,426,307,150,49,10,1
1,14,78,228,392,427,308,150,49,10,1
1,14,78,228,392,428,316,160,54,11,1
1,14,78,228,392,430,320,163,55,11,1
1,14,78,228,392,430,321,164,55,11,1
1,14,78,228,393,422,285,116,25,2
1,14,78,228,393,422,287,121,29,3
1,14,78,228,393,424,290,120,26,2
1,14,78,228,393,424,292,125,30,3
1,14,78,228,393,425,294,126,30,3
1,14,78,228,393,425,294,126,30,3
1,14,78,228,393,425,296,131,34,4
1,14,78,228,393,425,296,131,34,4
1,14,78,228,393,426,295,126,30,3
1,14,78,228,393,426,298,132,34,4
1,14,78,228,393,426,299,134,35,4
1,14,78,228,393,427,298,125,27,2
1,14,78,228,393,427,299,132,34,4
1,14,78,228,393,428,300,130,31,3
1,14,78,228,393,428,302,135,35,4
1,14,78,228,393,428,302,135,35,4
1,14,78,228,393,428,304,136,35,4
1,14,78,228,393,428,308,150,49,10,1
1,14,78,228,393,429,304,136,35,4
1,14,78,228,393,429,304,136,35,4
1,14,78,228,393,429,308,144,40,5
1,14,78,228,393,430,305,136,35,4
1,14,78,228,393,430,308,140,36,4
1,14,78,228,393,431,311,145,40,5
1,14,78,228,393,431,313,146,40,5
1,14,78,228,393,432,322,164,55,11,1
1,14,78,228,394,428,299,132,34,4
1,14,78,228,394,429,298,125,27,2
1,14,78,228,394,429,299,125,27,2
1,14,78,228,394,430,302,133,34,4
1,14,78,228,394,431,305,136,35,4
1,14,78,228,394,431,305,136,35,4
1,14,78,228,394,432,308,139,36,4
1,14,78,228,394,433,308,135,32,3
1,14,78,228,394,433,309,135,32,3
1,14,78,228,394,433,312,141,36,4
1,14,78,228,394,433,312,145,40,5
1,14,78,228,394,434,311,140,36,4
1,14,78,228,394,434,314,146,40,5
1,14,78,228,394,435,315,146,40,5
1,14,78,228,394,435,323,164,55,11,1
1,14,78,228,394,435,324,164,55,11,1
1,14,78,228,394,436,326,165,55,11,1
1,14,78,228,394,437,326,165,55,11,1
1,14,78,228,394,437,326,165,55,11,1
1,14,78,228,394,438,331,169,56,11,1
1,14,78,228,395,434,308,135,32,3
1,14,78,228,395,435,309,135,32,3
1,14,78,228,395,435,313,141,36,4
1,14,78,228,395,436,313,141,36,4
1,14,78,228,395,436,315,146,40,5
1,14,78,228,395,438,314,141,36,4
1,14,78,228,395,438,318,145,37,4
1,14,78,228,395,438,318,145,37,4
1,14,78,228,395,438,322,151,41,5
1,14,78,228,395,438,326,165,55,11,1
1,14,78,228,395,439,319,145,37,4
1,14,78,228,395,439,327,165,55,11,1
1,14,78,228,395,439,327,165,55,11,1
1,14,78,228,395,440,329,166,55,11,1
1,14,78,228,395,441,332,169,56,11,1
1,14,78,228,395,441,332,169,56,11,1
1,14,78,228,396,440,319,145,37,4
1,14,78,228,396,441,320,145,37,4
1,14,78,228,396,442,324,151,41,5
1,14,78,228,396,443,328,155,42,5
1,14,78,228,396,443,333,169,56,11,1
1,14,78,228,396,444,329,155,42,5
1,14,78,228,396,445,338,171,56,11,1
1,14,78,228,396,446,336,170,56,11,1
1,14,78,228,396,446,338,171,56,11,1
1,14,78,228,396,446,342,179,61,12,1
1,14,78,228,397,447,330,155,42,5
1,14,78,228,397,448,339,171,56,11,1
1,14,78,228,397,450,344,175,57,11,1
1,14,78,228,397,450,346,180,61,12,1
1,14,78,228,397,451,346,180,61,12,1
1,14,78,229,386,375,196,45,2
1,14,78,229,386,379,213,68,12,1
1,14,78,229,387,379,200,44
1,14,78,229,388,385,213,56,4
1,14,78,229,388,387,221,66,8
1,14,78,229,388,388,226,73,10
1,14,78,229,389,390,224,68,9
1,14,78,229,389,391,226,68,8
1,14,78,229,389,394,238,83,15,1
1,14,78,229,390,395,231,70,8
1,14,78,229,390,395,232,72,9
1,14,78,229,390,396,234,73,9
1,14,78,229,390,396,235,75,10
1,14,78,229,390,397,239,81,14,1
1,14,78,229,391,401,245,84,13
1,14,78,229,391,401,245,85,15,1
1,14,78,229,391,402,247,84,12
1,14,78,229,391,403,253,94,17,1
1,14,78,229,391,404,256,98,21,2
1,14,78,229,392,403,243,78,10
1,14,78,229,392,403,243,78,10
1,14,78,229,392,404,247,83,12
1,14,78,229,392,405,249,84,12
1,14,78,229,392,405,249,84,12
1,14,78,229,392,405,249,84,12
1,14,78,229,392,405,251,89,16,1
1,14,78,229,392,406,253,89,14
1,14,78,229,392,407,258,98,21,2
1,14,78,229,392,407,258,98,21,2
1,14,78,229,392,408,261,101,22,2
1,14,78,229,392,408,262,102,22,2
1,14,78,229,392,409,265,105,23,2
1,14,78,229,393,410,258,91,14
1,14,78,229,393,411,262,95,15
1,14,78,229,393,412,265,101,21,2
1,14,78,229,393,412,266,103,22,2
1,14,78,229,393,412,266,103,22,2
1,14,78,229,393,413,270,107,23,2
1,14,78,229,393,420,298,145,48,10,1
1,14,78,229,394,411,255,86,12
1,14,78,229,394,413,262,95,17,1
1,14,78,229,394,414,264,95,15
1,14,78,229,394,414,267,103,22,2
1,14,78,229,394,415,269,104,22,2
1,14,78,229,394,415,269,104,22,2
1,14,78,229,394,415,270,103,17
1,14,78,229,394,415,270,106,23,2
1,14,78,229,394,416,272,107,23,2
1,14,78,229,394,416,272,107,23,2
1,14,78,229,394,417,276,111,24,2
1,14,78,229,394,418,277,111,24,2
1,14,78,229,394,418,278,110,21,1
1,14,78,229,394,418,279,116,28,3
1,14,78,229,394,418,279,116,28,3
1,14,78,229,394,418,280,117,28,3
1,14,78,229,394,418,280,117,28,3
1,14,78,229,394,419,283,122,32,4
1,14,78,229,394,420,284,116,25,2
1,14,78,229,394,422,293,130,34,4
1,14,78,229,395,417,268,98,16
1,14,78,229,395,419,275,108,23,2
1,14,78,229,395,419,275,108,23,2
1,14,78,229,395,419,275,108,23,2
1,14,78,229,395,419,275,108,23,2
1,14,78,229,395,420,278,111,24,2
1,14,78,229,395,421,280,112,24,2
1,14,78,229,395,422,284,118,28,3
1,14,78,229,395,422,285,120,29,3
1,14,78,229,395,423,287,121,29,3
1,14,78,229,395,423,287,121,29,3
1,14,78,229,396,421,273,100,16
1,14,78,229,396,421,273,100,16
1,14,78,229,396,422,278,109,23,2
1,14,78,229,396,422,278,109,23,2
1,14,78,229,396,422,278,109,23,2
1,14,78,229,396,423,280,110,23,2
1,14,78,229,396,425,286,116,25,2
1,14,78,229,396,425,287,119,28,3
1,14,78,229,396,426,290,120,26,2
1,14,78,229,396,426,290,122,29,3
1,14,78,229,396,426,290,122,29,3
1,14,78,229,396,426,290,122,29,3
1,14,78,229,396,428,295,126,30,3
1,14,78,229,396,428,297,131,34,4
1,14,78,229,396,429,299,132,34,4
1,14,78,229,396,429,299,132,34,4
1,14,78,229,397,424,277,103,17
1,14,78,229,397,427,285,109,18
1,14,78,229,397,428,291,122,29,3
1,14,78,229,397,428,291,122,29,3
1,14,78,229,397,430,296,126,30,3
1,14,78,229,397,430,298,131,34,4
1,14,78,229,397,433,307,139,36,4
1,14,78,229,397,434,312,151,49,10,1
1,14,78,229,397,438,326,165,55,11,1
1,14,78,229,398,427,279,102,16
1,14,78,229,398,430,290,117,25,2
1,14,78,229,398,432,297,126,30,3
1,14,78,229,398,432,297,126,30,3
1,14,78,229,398,432,298,129,33,4
1,14,78,229,398,433,299,125,27,2
1,14,78,229,398,433,299,127,30,3
1,14,78,229,398,433,301,132,34,4
1,14,78,229,398,434,300,125,27,2
1,14,78,229,398,434,302,130,31,3
1,14,78,229,398,434,303,133,34,4
1,14,78,229,398,434,303,133,34,4
1,14,78,229,398,435,306,136,35,4
1,14,78,229,398,435,306,136,35,4
1,14,78,229,398,435,307,138,36,4
1,14,78,229,398,436,308,135,32,3
1,14,78,229,398,436,309,139,36,4
1,14,78,229,398,436,309,139,36,4
1,14,78,229,398,436,312,145,40,5
1,14,78,229,398,437,311,140,36,4
1,14,78,229,398,438,312,140,36,4
1,14,78,229,398,438,314,141,36,4
1,14,78,229,398,438,315,146,40,5
1,14,78,229,398,438,316,146,40,5
1,14,78,229,398,440,318,145,37,4
1,14,78,229,398,441,323,151,41,5
1,14,78,229,398,441,327,165,55,11,1
1,14,78,229,398,441,327,165,55,11,1
1,14,78,229,398,442,332,169,56,11,1
1,14,78,229,399,432,288,109,18
1,14,78,229,399,435,300,127,30,3
1,14,78,229,399,439,310,135,32,3
1,14,78,229,399,440,314,141,36,4
1,14,78,229,399,441,315,141,36,4
1,14,78,229,399,441,315,141,36,4
1,14,78,229,399,441,318,145,37,4
1,14,78,229,399,443,320,145,37,4
1,14,78,229,399,447,338,171,56,11,1
1,14,78,229,400,439,304,124,24,1
1,14,78,229,400,440,310,137,35,4
1,14,78,229,400,440,311,139,36,4
1,14,78,229,400,441,311,135,32,3
1,14,78,229,400,442,315,141,36,4
1,14,78,229,400,442,315,141,36,4
1,14,78,229,400,442,315,141,36,4
1,14,78,229,400,443,316,141,36,4
1,14,78,229,400,443,319,147,40,5
1,14,78,229,400,443,319,147,40,5
1,14,78,229,400,444,318,142,36,4
1,14,78,229,400,444,320,145,37,4
1,14,78,229,400,444,320,145,37,4
1,14,78,229,400,446,325,151,41,5
1,14,78,229,400,446,331,166,55,11,1
1,14,78,229,400,446,331,166,55,11,1
1,14,78,229,400,447,328,150,38,4
1,14,78,229,400,448,330,155,42,5
1,14,78,229,400,448,336,170,56,11,1
1,14,78,229,400,449,331,155,42,5
1,14,78,229,400,449,335,163,47,6
1,14,78,229,400,449,337,170,56,11,1
1,14,78,229,400,449,337,170,56,11,1
1,14,78,229,400,449,337,170,56,11,1
1,14,78,229,400,449,339,171,56,11,1
1,14,78,229,400,452,346,180,61,12,1
1,14,78,229,400,452,349,183,62,12,1
1,14,78,229,401,444,316,141,36,4
1,14,78,229,401,446,319,142,36,4
1,14,78,229,401,446,321,145,37,4
1,14,78,229,401,447,322,145,37,4
1,14,78,229,401,450,331,155,42,5
1,14,78,229,401,452,338,164,47,6
1,14,78,229,401,453,340,165,47,6
1,14,78,229,401,454,345,175,57,11,1
1,14,78,229,401,455,352,184,62,12,1
1,14,78,229,402,450,328,150,38,4
1,14,78,229,402,452,330,150,38,4
1,14,78,229,402,453,340,171,56,11,1
1,14,78,229,402,454,338,160,43,5
1,14,78,229,402,455,339,160,43,5
1,14,78,229,402,455,343,172,56,11,1
1,14,78,229,402,456,340,160,43,5
1,14,78,229,402,456,348,176,57,11,1
1,14,78,229,402,458,348,170,48,6
1,14,78,229,402,459,349,176,57,11,1
1,14,78,229,402,459,355,185,62,12,1
1,14,78,229,402,460,358,186,62,12,1
1,14,78,229,403,457,340,160,43,5
1,14,78,229,403,457,342,165,47,6
1,14,78,229,403,459,349,176,57,11,1
1,14,78,229,403,460,345,166,47,6
1,14,78,229,403,460,354,184,62,12,1
1,14,78,229,403,466,369,198,68,13,1
1,14,78,229,404,462,350,170,48,6
1,14,78,229,404,464,351,170,48,6
1,14,78,229,404,464,359,186,62,12,1
1,14,78,229,404,466,364,190,63,12,1
1,14,78,229,404,467,365,190,63,12,1
1,14,78,229,404,468,365,190,63,12,1
1,14,78,229,404,470,374,200,68,13,1
1,14,78,229,404,470,380,215,82,19,2
1,14,78,229,404,471,381,215,82,19,2
1,14,78,229,406,475,376,200,68,13,1
1,14,78,229,406,479,390,220,83,19,2
1,14,78,230,390,377,187,34
1,14,78,230,394,395,215,49
1,14,78,230,394,399,230,68,8
1,14,78,230,394,403,246,88,16,1
1,14,78,230,395,405,242,77,10
1,14,78,230,395,409,258,98,21,2
1,14,78,230,396,408,244,76,9
1,14,78,230,396,409,247,79,10
1,14,78,230,396,411,255,89,14
1,14,78,230,397,414,256,86,12
1,14,78,230,397,414,256,86,12
1,14,78,230,397,415,261,94,17,1
1,14,78,230,397,418,272,107,23,2
1,14,78,230,398,414,249,76,8
1,14,78,230,398,417,259,87,12
1,14,78,230,398,418,261,88,12
1,14,78,230,398,419,266,95,15
1,14,78,230,398,420,271,104,22,2
1,14,78,230,398,421,273,105,22,2
1,14,78,230,398,421,274,107,23,2
1,14,78,230,398,422,277,109,23,2
1,14,78,230,398,422,277,109,23,2
1,14,78,230,399,424,274,100,16
1,14,78,230,399,425,279,109,23,2
1,14,78,230,399,425,279,109,23,2
1,14,78,230,399,425,279,109,23,2
1,14,78,230,399,425,280,111,24,2
1,14,78,230,399,425,280,111,24,2
1,14,78,230,399,427,286,118,28,3
1,14,78,230,400,427,278,103,17
1,14,78,230,400,428,282,110,23,2
1,14,78,230,400,429,285,113,24,2
1,14,78,230,400,430,289,119,28,3
1,14,78,230,400,431,290,117,25,2
1,14,78,230,400,431,292,122,29,3
1,14,78,230,400,432,296,126,30,3
1,14,78,230,400,432,297,129,33,4
1,14,78,230,400,433,298,125,27,2
1,14,78,230,401,430,280,102,16
1,14,78,230,401,432,288,114,24,2
1,14,78,230,401,433,291,117,25,2
1,14,78,230,401,434,295,123,29,3
1,14,78,230,401,434,295,123,29,3
1,14,78,230,401,434,297,128,33,4
1,14,78,230,401,435,298,126,30,3
1,14,78,230,401,435,298,126,30,3
1,14,78,230,401,436,300,125,27,2
1,14,78,230,401,436,302,132,34,4
1,14,78,230,401,436,302,132,34,4
1,14,78,230,401,438,307,136,35,4
1,14,78,230,401,440,314,141,36,4
1,14,78,230,401,443,328,165,55,11,1
1,14,78,230,402,434,285,104,16
1,14,78,230,402,435,289,109,18
1,14,78,230,402,438,294,111,18
1,14,78,230,402,438,298,120,25,2
1,14,78,230,402,438,301,127,30,3
1,14,78,230,402,439,305,133,34,4
1,14,78,230,402,439,305,133,34,4
1,14,78,230,402,440,306,131,31,3
1,14,78,230,402,440,307,134,34,4
1,14,78,230,402,441,310,135,32,3
1,14,78,230,402,441,311,139,36,4
1,14,78,230,402,442,311,133,31,3
1,14,78,230,402,442,311,135,32,3
1,14,78,230,402,442,316,146,40,5
1,14,78,230,402,444,319,147,40,5
1,14,78,230,403,441,304,128,30,3
1,14,78,230,403,442,305,124,24,1
1,14,78,230,403,442,308,134,34,4
1,14,78,230,403,443,311,137,35,4
1,14,78,230,403,444,314,140,36,4
1,14,78,230,403,445,316,141,36,4
1,14,78,230,403,445,316,141,36,4
1,14,78,230,403,445,316,141,36,4
1,14,78,230,403,445,316,141,36,4
1,14,78,230,403,445,318,144,37,4
1,14,78,230,403,447,321,145,37,4
1,14,78,230,403,448,326,151,41,5
1,14,78,230,403,449,332,166,55,11,1
1,14,78,230,403,449,332,166,55,11,1
1,14,78,230,404,446,314,138,35,4
1,14,78,230,404,447,317,141,36,4
1,14,78,230,404,447,317,141,36,4
1,14,78,230,404,447,317,141,36,4
1,14,78,230,404,448,319,142,36,4
1,14,78,230,404,448,319,142,36,4
1,14,78,230,404,448,321,147,40,5
1,14,78,230,404,449,322,145,37,4
1,14,78,230,404,449,322,145,37,4
1,14,78,230,404,449,322,145,37,4
1,14,78,230,404,449,323,148,40,5
1,14,78,230,404,451,328,150,38,4
1,14,78,230,404,452,335,167,55,11,1
1,14,78,230,404,453,338,170,56,11,1
1,14,78,230,405,450,320,142,36,4
1,14,78,230,405,450,321,144,37,4
1,14,78,230,405,451,323,145,37,4
1,14,78,230,405,451,324,148,40,5
1,14,78,230,405,452,327,151,41,5
1,14,78,230,405,454,330,150,38,4
1,14,78,230,405,454,332,155,42,5
1,14,78,230,405,455,339,170,56,11,1
1,14,78,230,405,456,339,164,47,6
1,14,78,230,405,456,341,171,56,11,1
1,14,78,230,405,456,341,171,56,11,1
1,14,78,230,405,458,342,165,47,6
1,14,78,230,405,458,344,172,56,11,1
1,14,78,230,405,459,347,175,57,11,1
1,14,78,230,405,460,354,184,62,12,1
1,14,78,230,406,453,323,143,36,4
1,14,78,230,406,453,323,143,36,4
1,14,78,230,406,454,326,146,37,4
1,14,78,230,406,455,323,136,29,2
1,14,78,230,406,456,331,150,38,4
1,14,78,230,406,456,333,155,42,5
1,14,78,230,406,458,342,171,56,11,1
1,14,78,230,406,459,333,146,34,3
1,14,78,230,406,459,337,152,38,4
1,14,78,230,406,459,342,165,47,6
1,14,78,230,406,459,344,172,56,11,1
1,14,78,230,406,461,345,166,47,6
1,14,78,230,406,463,350,170,48,6
1,14,78,230,406,463,356,185,62,12,1
1,14,78,230,406,464,359,186,62,12,1
1,14,78,230,407,457,329,147,37,4
1,14,78,230,407,458,332,150,38,4
1,14,78,230,407,458,332,150,38,4
1,14,78,230,407,461,341,160,43,5
1,14,78,230,407,461,345,172,56,11,1
1,14,78,230,407,462,345,166,47,6
1,14,78,230,407,463,346,166,47,6
1,14,78,230,407,463,350,176,57,11,1
1,14,78,230,407,464,349,165,44,5
1,14,78,230,407,465,351,170,48,6
1,14,78,230,407,465,353,177,57,11,1
1,14,78,230,407,465,357,185,62,12,1
1,14,78,230,407,465,357,185,62,12,1
1,14,78,230,407,467,360,186,62,12,1
1,14,78,230,407,469,365,190,63,12,1
1,14,78,230,407,469,370,198,68,13,1
1,14,78,230,407,473,381,215,82,19,2
1,14,78,230,408,461,335,151,38,4
1,14,78,230,408,464,346,166,47,6
1,14,78,230,408,465,348,165,44,5
1,14,78,230,408,465,351,176,57,11,1
1,14,78,230,408,466,349,167,47,6
1,14,78,230,408,466,349,167,47,6
1,14,78,230,408,467,352,170,48,6
1,14,78,230,408,468,360,186,62,12,1
1,14,78,230,408,469,358,175,49,6
1,14,78,230,408,469,361,186,62,12,1
1,14,78,230,408,470,365,190,63,12,1
1,14,78,230,408,473,373,199,68,13,1
1,14,78,230,408,475,376,200,68,13,1
1,14,78,230,409,467,349,167,47,6
1,14,78,230,409,468,350,165,44,5
1,14,78,230,409,468,352,170,48,6
1,14,78,230,409,470,361,186,62,12,1
1,14,78,230,409,472,360,175,49,6
1,14,78,230,409,472,364,187,62,12,1
1,14,78,230,409,473,367,190,63,12,1
1,14,78,230,409,476,374,195,64,12,1
1,14,78,230,409,476,378,201,68,13,1
1,14,78,230,409,480,390,220,83,19,2
1,14,78,230,410,473,360,175,49,6
1,14,78,230,410,474,361,175,49,6
1,14,78,230,410,477,363,171,45,5
1,14,78,230,410,478,375,195,64,12,1
1,14,78,230,410,478,377,200,68,13,1
1,14,78,230,410,481,380,201,68,13,1
1,14,78,230,410,481,384,205,69,13,1
1,14,78,230,410,482,391,220,83,19,2
1,14,78,230,410,482,391,220,83,19,2
1,14,78,230,410,484,396,224,84,19,2
1,14,78,230,411,479,375,195,64,12,1
1,14,78,230,411,481,380,201,68,13,1
1,14,78,230,411,481,380,201,68,13,1
1,14,78,230,411,484,392,220,83,19,2
1,14,78,230,411,485,386,205,69,13,1
1,14,78,230,411,488,400,225,84,19,2
1,14,78,230,411,489,400,225,84,19,2
1,14,78,230,411,490,407,234,89,20,2
1,14,78,230,412,485,386,205,69,13,1
1,14,78,230,412,489,400,225,84,19,2
1,14,78,230,412,491,401,225,84,19,2
1,14,78,230,412,493,410,235,89,20,2
1,14,78,230,412,494,410,235,89,20,2
1,14,78,230,413,494,404,226,84,19,2
1,14,78,230,413,496,411,235,89,20,2
1,14,78,230,413,498,416,239,90,20,2
1,14,78,230,414,499,414,236,89,20,2
1,14,78,230,414,500,417,239,90,20,2
1,14,78,231,395,387,197,39,1
1,14,78,231,398,401,219,50
1,14,78,231,399,408,237,70,8
1,14,78,231,401,417,250,76,8
1,14,78,231,402,420,253,77,8
1,14,78,231,402,423,263,88,12
1,14,78,231,403,426,266,89,12
1,14,78,231,403,427,271,97,16
1,14,78,231,403,430,281,109,23,2
1,14,78,231,403,433,292,122,29,3
1,14,78,231,404,435,289,114,24,2
1,14,78,231,405,437,286,104,16
1,14,78,231,405,438,292,115,24,2
1,14,78,231,405,440,298,120,25,2
1,14,78,231,405,441,302,127,30,3
1,14,78,231,406,439,287,104,16
1,14,78,231,406,439,287,104,16
1,14,78,231,406,442,295,111,18
1,14,78,231,406,443,300,120,25,2
1,14,78,231,406,444,305,128,30,3
1,14,78,231,406,446,311,133,31,3
1,14,78,231,407,442,290,105,16
1,14,78,231,407,445,301,120,25,2
1,14,78,231,407,447,308,129,30,3
1,14,78,231,407,448,311,132,31,3
1,14,78,231,407,449,313,133,31,3
1,14,78,231,407,449,315,138,35,4
1,14,78,231,407,450,318,141,36,4
1,14,78,231,407,451,320,142,36,4
1,14,78,231,408,453,321,142,36,4
1,14,78,231,408,461,349,176,57,11,1
1,14,78,231,409,453,310,120,20
1,14,78,231,409,456,324,143,36,4
1,14,78,231,409,457,323,136,29,2
1,14,78,231,409,457,327,146,37,4
1,14,78,231,409,457,328,149,40,5
1,14,78,231,409,458,324,136,29,2
1,14,78,231,409,460,333,146,34,3
1,14,78,231,409,461,337,152,38,4
1,14,78,231,409,461,343,171,56,11,1
1,14,78,231,409,462,341,160,43,5
1,14,78,231,409,462,345,172,56,11,1
1,14,78,231,410,455,311,120,20
1,14,78,231,410,459,324,136,29,2
1,14,78,231,410,460,329,145,36,4
1,14,78,231,410,460,330,147,37,4
1,14,78,231,410,462,333,146,34,3
1,14,78,231,410,463,334,146,34,3
1,14,78,231,410,463,337,152,38,4
1,14,78,231,410,463,337,152,38,4
1,14,78,231,410,464,342,160,43,5
1,14,78,231,410,464,346,172,56,11,1
1,14,78,231,411,462,330,145,36,4
1,14,78,231,411,464,336,151,38,4
1,14,78,231,411,465,338,152,38,4
1,14,78,231,411,466,339,152,38,4
1,14,78,231,411,466,343,160,43,5
1,14,78,231,411,468,349,167,47,6
1,14,78,231,411,468,352,176,57,11,1
1,14,78,231,411,469,354,177,57,11,1
1,14,78,231,411,470,352,168,47,6
1,14,78,231,411,471,361,186,62,12,1
1,14,78,231,411,471,361,186,62,12,1
1,14,78,231,411,474,369,191,63,12,1
1,14,78,231,412,471,351,165,44,5
1,14,78,231,412,475,367,190,63,12,1
1,14,78,231,412,477,370,191,63,12,1
1,14,78,231,413,470,339,145,31,2
1,14,78,231,413,473,353,168,47,6
1,14,78,231,413,475,353,161,40,4
1,14,78,231,413,476,361,175,49,6
1,14,78,231,413,476,365,187,62,12,1
1,14,78,231,413,478,363,171,45,5
1,14,78,231,413,478,363,171,45,5
1,14,78,231,413,478,370,191,63,12,1
1,14,78,231,413,479,363,171,45,5
1,14,78,231,413,480,375,195,64,12,1
1,14,78,231,413,485,392,220,83,19,2
1,14,78,231,414,476,353,161,40,4
1,14,78,231,414,477,354,161,40,4
1,14,78,231,414,478,362,175,49,6
1,14,78,231,414,480,363,171,45,5
1,14,78,231,414,480,363,171,45,5
1,14,78,231,414,480,371,191,63,12,1
1,14,78,231,414,480,371,191,63,12,1
1,14,78,231,414,480,371,191,63,12,1
1,14,78,231,414,481,367,177,49,6
1,14,78,231,414,484,373,181,50,6
1,14,78,231,414,485,382,197,64,12,1
1,14,78,231,414,490,400,225,84,19,2
1,14,78,231,415,483,368,177,49,6
1,14,78,231,415,483,374,192,63,12,1
1,14,78,231,415,487,374,181,50,6
1,14,78,231,415,487,382,197,64,12,1
1,14,78,231,415,487,384,202,68,13,1
1,14,78,231,415,488,387,205,69,13,1
1,14,78,231,415,491,392,207,69,13,1
1,14,78,231,415,492,401,225,84,19,2
1,14,78,231,415,496,411,235,89,20,2
1,14,78,231,416,487,380,196,64,12,1
1,14,78,231,416,493,395,210,70,13,1
1,14,78,231,416,495,404,226,84,19,2
1,14,78,231,416,497,411,235,89,20,2
1,14,78,231,417,492,383,186,51,6
1,14,78,231,417,492,390,206,69,13,1
1,14,78,231,417,493,383,186,51,6
1,14,78,231,417,494,395,210,70,13,1
1,14,78,231,417,497,393,196,56,7
1,14,78,231,417,498,398,206,66,12,1
1,14,78,231,417,504,420,240,90,20,2
1,14,78,231,418,498,393,196,56,7
1,14,78,231,418,499,393,196,56,7
1,14,78,231,418,499,398,206,66,12,1
1,14,78,231,418,502,415,236,89,20,2
1,14,78,231,418,503,408,216,71,13,1
1,14,78,231,418,504,420,240,90,20,2
1,14,78,231,418,506,421,240,90,20,2
1,14,78,231,419,505,408,216,71,13,1
1,14,78,231,419,506,421,240,90,20,2
1,14,78,231,419,509,424,241,90,20,2
1,14,78,232,404,418,247,75,9
1,14,78,232,407,432,270,90,12
1,14,78,232,408,439,288,111,23,2
1,14,78,232,409,442,288,104,16
1,14,78,232,409,443,292,109,18
1,14,78,232,409,446,304,124,24,1
1,14,78,232,410,445,291,105,16
1,14,78,232,410,447,297,111,18
1,14,78,232,410,448,302,120,25,2
1,14,78,232,411,451,305,121,25,2
1,14,78,232,411,454,315,133,31,3
1,14,78,232,411,457,327,149,40,5
1,14,78,232,412,457,318,134,31,3
1,14,78,232,412,458,323,142,36,4
1,14,78,232,412,459,325,143,36,4
1,14,78,232,412,459,325,143,36,4
1,14,78,232,412,459,326,145,37,4
1,14,78,232,412,461,332,150,38,4
1,14,78,232,413,458,312,120,20
1,14,78,232,413,462,328,144,36,4
1,14,78,232,413,463,330,145,36,4
1,14,78,232,413,463,332,150,40,5
1,14,78,232,413,464,333,146,34,3
1,14,78,232,414,466,334,148,37,4
1,14,78,232,414,467,335,146,34,3
1,14,78,232,414,468,339,152,38,4
1,14,78,232,414,468,339,152,38,4
1,14,78,232,414,472,355,177,57,11,1
1,14,78,232,415,468,334,146,36,4
1,14,78,232,415,470,340,152,38,4
1,14,78,232,415,470,340,152,38,4
1,14,78,232,415,470,340,152,38,4
1,14,78,232,415,473,351,167,47,6
1,14,78,232,415,474,353,168,47,6
1,14,78,232,415,474,353,168,47,6
1,14,78,232,415,474,354,170,48,6
1,14,78,232,415,474,356,177,57,11,1
1,14,78,232,415,476,363,186,62,12,1
1,14,78,232,415,477,365,187,62,12,1
1,14,78,232,416,473,340,145,31,2
1,14,78,232,416,473,343,153,38,4
1,14,78,232,416,476,353,165,44,5
1,14,78,232,416,477,353,161,40,4
1,14,78,232,416,479,362,175,49,6
1,14,78,232,416,481,371,191,63,12,1
1,14,78,232,416,484,381,201,68,13,1
1,14,78,232,417,479,354,161,40,4
1,14,78,232,417,482,363,171,45,5
1,14,78,232,417,484,368,177,49,6
1,14,78,232,417,484,374,192,63,12,1
1,14,78,232,417,487,382,197,64,12,1
1,14,78,232,418,481,355,161,40,4
1,14,78,232,418,481,355,161,40,4
1,14,78,232,418,484,364,171,45,5
1,14,78,232,418,486,369,177,49,6
1,14,78,232,418,486,375,192,63,12,1
1,14,78,232,418,487,373,181,50,6
1,14,78,232,418,488,374,181,50,6
1,14,78,232,418,488,380,196,64,12,1
1,14,78,232,418,488,382,201,68,13,1
1,14,78,232,418,492,390,206,69,13,1
1,14,78,232,418,492,392,207,69,13,1
1,14,78,232,418,495,402,225,84,19,2
1,14,78,232,419,486,365,171,45,5
1,14,78,232,419,487,369,177,49,6
1,14,78,232,419,490,375,181,50,6
1,14,78,232,419,491,383,197,64,12,1
1,14,78,232,419,492,384,197,64,12,1
1,14,78,232,419,493,383,186,51,6
1,14,78,232,419,495,393,207,69,13,1
1,14,78,232,420,493,384,197,64,12,1
1,14,78,232,420,495,383,186,51,6
1,14,78,232,420,499,393,196,56,7
1,14,78,232,420,499,398,206,66,12,1
1,14,78,232,420,499,405,226,84,19,2
1,14,78,232,420,502,411,230,85,19,2
1,14,78,232,421,496,383,186,51,6
1,14,78,232,421,496,383,186,51,6
1,14,78,232,421,497,384,186,51,6
1,14,78,232,421,498,392,200,60,8
1,14,78,232,421,500,393,196,56,7
1,14,78,232,421,500,393,196,56,7
1,14,78,232,421,500,398,205,61,8
1,14,78,232,421,501,406,226,84,19,2
1,14,78,232,421,501,406,226,84,19,2
1,14,78,232,421,504,415,236,89,20,2
1,14,78,232,421,505,408,216,71,13,1
1,14,78,232,422,498,384,186,51,6
1,14,78,232,422,501,393,196,56,7
1,14,78,232,422,503,399,206,66,12,1
1,14,78,232,422,504,409,227,84,19,2
1,14,78,232,422,506,408,216,71,13,1
1,14,78,232,422,506,408,216,71,13,1
1,14,78,232,422,508,409,216,71,13,1
1,14,78,232,422,508,419,237,89,20,2
1,14,78,232,423,508,409,216,71,13,1
1,14,78,232,423,508,415,231,85,19,2
1,14,78,232,423,508,415,231,85,19,2
1,14,78,232,423,510,418,232,85,19,2
1,14,78,232,423,516,433,246,91,20,2
1,14,78,232,424,506,399,202,60,8
1,14,78,232,424,507,402,205,61,8
1,14,78,232,424,513,413,211,62,8
1,14,78,232,424,513,418,221,72,13,1
1,14,78,232,424,513,425,241,90,20,2
1,14,78,232,424,515,430,245,91,20,2
1,14,78,232,424,516,431,245,91,20,2
1,14,78,232,424,518,438,254,96,21,2
1,14,78,232,424,519,434,246,91,20,2
1,14,78,232,424,519,440,255,96,21,2
1,14,78,232,425,514,413,211,62,8
1,14,78,232,425,515,418,221,72,13,1
1,14,78,232,425,519,428,231,77,14,1
1,14,78,232,425,520,428,231,77,14,1
1,14,78,232,426,520,428,231,77,14,1
1,14,78,232,426,520,434,246,91,20,2
1,14,78,232,426,525,443,251,92,20,2
1,14,78,232,426,526,443,251,92,20,2
1,14,78,232,427,524,442,255,96,21,2
1,14,78,232,427,527,445,256,96,21,2
1,14,78,232,427,528,444,251,92,20,2
1,14,78,232,427,531,453,261,97,21,2
1,14,78,232,427,536,472,289,117,28,3
1,14,78,232,429,550,510,345,167,55,11,1
1,14,78,232,430,542,476,290,117,28,3
1,14,78,232,430,552,511,345,167,55,11,1
1,14,78,233,412,443,285,103,17
1,14,78,233,413,449,298,116,24,2
1,14,78,233,414,451,295,106,16
1,14,78,233,416,461,313,120,20
1,14,78,233,416,463,322,135,31,3
1,14,78,233,416,464,327,143,36,4
1,14,78,233,418,471,335,146,36,4
1,14,78,233,418,472,338,149,37,4
1,14,78,233,418,473,339,145,31,2
1,14,78,233,418,473,341,152,38,4
1,14,78,233,418,473,341,152,38,4
1,14,78,233,418,476,352,165,44,5
1,14,78,233,419,476,344,153,38,4
1,14,78,233,420,482,355,161,40,4
1,14,78,233,420,482,358,169,47,6
1,14,78,233,420,482,358,169,47,6
1,14,78,233,420,484,363,171,45,5
1,14,78,233,420,484,364,175,49,6
1,14,78,233,420,486,373,191,63,12,1
1,14,78,233,420,487,375,192,63,12,1
1,14,78,233,421,489,376,192,63,12,1
1,14,78,233,421,489,376,192,63,12,1
1,14,78,233,421,491,381,196,64,12,1
1,14,78,233,422,489,366,171,45,5
1,14,78,233,422,490,370,177,49,6
1,14,78,233,422,492,375,181,50,6
1,14,78,233,422,492,375,181,50,6
1,14,78,233,422,492,379,193,63,12,1
1,14,78,233,422,494,384,197,64,12,1
1,14,78,233,422,494,384,197,64,12,1
1,14,78,233,422,494,386,202,68,13,1
1,14,78,233,422,495,383,186,51,6
1,14,78,233,423,496,385,197,64,12,1
1,14,78,233,423,498,392,206,69,13,1
1,14,78,233,424,499,388,198,64,12,1
1,14,78,233,424,500,391,199,60,8
1,14,78,233,424,501,395,207,69,13,1
1,14,78,233,424,502,393,196,56,7
1,14,78,233,424,504,399,206,66,12,1
1,14,78,233,424,504,407,226,84,19,2
1,14,78,233,424,505,409,227,84,19,2
1,14,78,233,425,501,385,186,51,6
1,14,78,233,425,505,401,211,70,13,1
1,14,78,233,425,511,418,232,85,19,2
1,14,78,233,425,513,425,241,90,20,2
1,14,78,233,426,507,399,202,60,8
1,14,78,233,426,507,399,202,60,8
1,14,78,233,426,508,402,205,61,8
1,14,78,233,426,510,409,216,71,13,1
1,14,78,233,426,511,416,231,85,19,2
1,14,78,233,426,512,420,237,89,20,2
1,14,78,233,427,512,410,216,71,13,1
1,14,78,233,427,516,426,241,90,20,2
1,14,78,233,427,520,434,246,91,20,2
1,14,78,233,428,512,403,203,60,8
1,14,78,233,428,516,413,211,62,8
1,14,78,233,428,516,413,211,62,8
1,14,78,233,428,518,419,221,72,13,1
1,14,78,233,428,519,429,242,90,20,2
1,14,78,233,428,521,428,231,77,14,1
1,14,78,233,428,524,442,255,96,21,2
1,14,78,233,428,524,442,255,96,21,2
1,14,78,233,428,526,443,251,92,20,2
1,14,78,233,429,523,435,246,91,20,2
1,14,78,233,429,527,445,256,96,21,2
1,14,78,233,430,520,415,211,62,8
1,14,78,233,430,524,429,231,77,14,1
1,14,78,233,430,527,433,226,68,9
1,14,78,233,430,528,445,256,96,21,2
1,14,78,233,430,529,444,251,92,20,2
1,14,78,233,430,530,448,257,96,21,2
1,14,78,233,430,530,450,260,97,21,2
1,14,78,233,430,532,453,261,97,21,2
1,14,78,233,430,534,454,261,97,21,2
1,14,78,233,431,542,476,290,117,28,3
1,14,78,233,432,530,433,226,68,9
1,14,78,233,432,533,449,257,96,21,2
1,14,78,233,432,533,449,257,96,21,2
1,14,78,233,432,534,452,260,97,21,2
1,14,78,233,432,537,455,261,97,21,2
1,14,78,233,432,540,463,266,98,21,2
1,14,78,233,432,542,476,290,117,28,3
1,14,78,233,432,545,479,291,117,28,3
1,14,78,233,432,553,511,345,167,55,11,1
1,14,78,233,433,537,455,261,97,21,2
1,14,78,233,433,541,463,266,98,21,2
1,14,78,233,433,543,464,266,98,21,2
1,14,78,233,434,542,463,266,98,21,2
1,14,78,233,434,544,464,266,98,21,2
1,14,78,233,434,548,480,291,117,28,3
1,14,78,233,434,552,488,296,118,28,3
1,14,78,233,435,548,480,291,117,28,3
1,14,78,233,436,555,489,296,118,28,3
1,14,78,233,436,567,531,360,173,56,11,1
1,14,78,233,438,570,532,360,173,56,11,1
1,14,78,234,421,474,337,148,37,4
1,14,78,234,423,482,348,154,38,4
1,14,78,234,424,488,362,170,47,6
1,14,78,234,425,490,360,162,40,4
1,14,78,234,425,492,367,171,45,5
1,14,78,234,425,495,380,193,63,12,1
1,14,78,234,426,497,377,181,50,6
1,14,78,234,427,502,385,186,51,6
1,14,78,234,427,502,389,198,64,12,1
1,14,78,234,427,502,389,198,64,12,1
1,14,78,234,427,504,396,207,69,13,1
1,14,78,234,427,506,401,211,70,13,1
1,14,78,234,428,504,386,186,51,6
1,14,78,234,428,507,399,208,69,13,1
1,14,78,234,429,513,410,216,71,13,1
1,14,78,234,429,514,417,231,85,19,2
1,14,78,234,429,516,418,221,72,13,1
1,14,78,234,430,513,403,203,60,8
1,14,78,234,430,517,413,211,62,8
1,14,78,234,431,520,419,221,72,13,1
1,14,78,234,431,520,423,233,85,19,2
1,14,78,234,431,522,430,242,90,20,2
1,14,78,234,431,524,429,231,77,14,1
1,14,78,234,431,524,435,246,91,20,2
1,14,78,234,432,521,415,211,62,8
1,14,78,234,432,525,429,231,77,14,1
1,14,78,234,432,526,436,246,91,20,2
1,14,78,234,433,529,439,247,91,20,2
1,14,78,234,433,531,446,256,96,21,2
1,14,78,234,433,532,445,251,92,20,2
1,14,78,234,433,533,449,257,96,21,2
1,14,78,234,434,531,433,226,68,9
1,14,78,234,434,533,445,251,92,20,2
1,14,78,234,434,537,455,261,97,21,2
1,14,78,234,435,538,455,261,97,21,2
1,14,78,234,435,538,455,261,97,21,2
1,14,78,234,435,538,455,261,97,21,2
1,14,78,234,435,542,463,266,98,21,2
1,14,78,234,436,539,453,258,96,21,2
1,14,78,234,436,544,464,266,98,21,2
1,14,78,234,436,548,480,291,117,28,3
1,14,78,234,437,543,459,262,97,21,2
1,14,78,234,437,545,464,266,98,21,2
1,14,78,234,437,555,489,296,118,28,3
1,14,78,234,438,547,465,266,98,21,2
1,14,78,234,438,547,465,266,98,21,2
1,14,78,234,439,554,484,292,117,28,3
1,14,78,234,439,556,483,281,104,22,2
1,14,78,234,439,558,490,296,118,28,3
1,14,78,234,439,570,532,360,173,56,11,1
1,14,78,234,440,557,483,281,104,22,2
1,14,78,234,440,558,490,296,118,28,3
1,14,78,234,440,562,498,301,119,28,3
1,14,78,234,441,559,484,281,104,22,2
1,14,78,234,441,565,499,301,119,28,3
1,14,78,234,441,577,541,365,174,56,11,1
1,14,78,234,442,565,499,301,119,28,3
1,14,78,234,443,582,545,366,174,56,11,1
1,14,78,234,444,583,545,366,174,56,11,1
1,14,78,235,420,447,262,65
1,14,78,235,425,473,314,112,16
1,14,78,235,430,495,351,140,24
1,14,78,235,430,500,369,165,40,4
1,14,78,235,430,505,390,198,64,12,1
1,14,78,235,434,521,415,217,71,13,1
1,14,78,235,435,518,394,181,44,4
1,14,78,235,435,523,408,197,53,6
1,14,78,235,435,527,430,237,86,19,2
1,14,78,235,435,528,427,223,72,13,1
1,14,78,235,435,530,439,247,91,20,2
1,14,78,235,436,532,440,247,91,20,2
1,14,78,235,436,532,440,247,91,20,2
1,14,78,235,438,545,464,266,98,21,2
1,14,78,235,439,544,459,262,97,21,2
1,14,78,235,439,544,459,262,97,21,2
1,14,78,235,440,542,438,222,64,8
1,14,78,235,440,547,448,232,69,9
1,14,78,235,440,547,453,242,79,14,1
1,14,78,235,440,548,465,266,98,21,2
1,14,78,235,440,554,484,292,117,28,3
1,14,78,235,443,560,484,281,104,22,2
1,14,78,235,444,572,526,351,168,55,11,1
1,14,78,235,445,567,483,267,90,16,1
1,14,78,235,445,568,500,301,119,28,3
1,14,78,235,445,583,545,366,174,56,11,1
1,14,78,235,447,584,545,366,174,56,11,1
1,14,78,235,448,586,546,366,174,56,11,1
1,14,78,236,429,479,318,113,16
1,14,78,236,433,498,352,140,24
1,14,78,236,434,505,371,165,40,4
1,14,78,236,436,519,406,205,61,8
1,14,78,236,437,519,394,181,44,4
1,14,78,236,437,522,408,204,60,8
1,14,78,236,438,521,395,181,44,4
1,14,78,236,438,525,408,197,53,6
1,14,78,236,438,527,417,211,62,8
1,14,78,236,438,530,431,237,86,19,2
1,14,78,236,439,527,409,197,53,6
1,14,78,236,439,528,414,206,60,8
1,14,78,236,439,532,427,223,72,13,1
1,14,78,236,439,534,433,226,68,9
1,14,78,236,440,538,444,248,91,20,2
1,14,78,236,440,540,451,257,96,21,2
1,14,78,236,441,543,454,258,96,21,2
1,14,78,236,441,544,457,261,97,21,2
1,14,78,236,442,543,438,222,64,8
1,14,78,236,442,547,453,242,79,14,1
1,14,78,236,442,549,465,266,98,21,2
1,14,78,236,443,544,438,222,64,8
1,14,78,236,443,544,438,222,64,8
1,14,78,236,443,548,448,232,69,9
1,14,78,236,443,549,453,242,79,14,1
1,14,78,236,444,546,439,222,64,8
1,14,78,236,444,550,453,242,79,14,1
1,14,78,236,444,554,469,267,98,21,2
1,14,78,236,444,556,472,268,98,21,2
1,14,78,236,444,558,485,292,117,28,3
1,14,78,236,445,562,491,296,118,28,3
1,14,78,236,446,563,485,281,104,22,2
1,14,78,236,446,568,500,301,119,28,3
1,14,78,236,447,562,468,247,75,10
1,14,78,236,447,567,483,267,90,16,1
1,14,78,236,447,568,483,267,90,16,1
1,14,78,236,448,563,468,247,75,10
1,14,78,236,448,568,483,267,90,16,1
1,14,78,236,448,569,488,277,100,21,2
1,14,78,236,448,573,498,287,105,22,2
1,14,78,236,449,570,488,277,100,21,2
1,14,78,236,449,575,498,287,105,22,2
1,14,78,236,449,580,513,307,120,28,3
1,14,78,236,450,587,546,366,174,56,11,1
1,14,78,236,452,582,503,282,96,17,1
1,14,78,236,452,588,518,302,111,23,2
1,14,78,236,452,591,542,345,145,36,4
1,14,78,236,452,592,550,367,174,56,11,1
1,14,78,236,453,588,518,302,111,23,2
1,14,78,236,453,589,518,302,111,23,2
1,14,78,236,453,594,533,322,126,29,3
1,14,78,236,453,594,545,346,145,36,4
1,14,78,236,454,595,533,322,126,29,3
1,14,78,236,454,599,553,351,146,36,4
1,14,78,236,456,600,549,347,145,36,4
1,14,78,236,456,608,575,386,181,57,11,1
1,14,78,236,456,616,597,415,201,64,12,1
1,14,78,236,457,604,555,351,146,36,4
1,14,78,236,457,619,600,416,201,64,12,1
1,14,78,236,460,622,601,416,201,64,12,1
1,14,78,237,438,511,375,166,40,4
1,14,78,237,442,530,410,197,53,6
1,14,78,237,443,537,429,223,72,13,1
1,14,78,237,445,550,461,262,97,21,2
1,14,78,237,446,547,439,222,64,8
1,14,78,237,446,550,448,232,69,9
1,14,78,237,446,551,453,242,79,14,1
1,14,78,237,446,553,464,263,97,21,2
1,14,78,237,447,553,454,242,79,14,1
1,14,78,237,447,557,470,267,98,21,2
1,14,78,237,448,560,473,268,98,21,2
1,14,78,237,448,564,485,281,104,22,2
1,14,78,237,448,564,489,293,117,28,3
1,14,78,237,450,564,468,247,75,10
1,14,78,237,450,570,488,277,100,21,2
1,14,78,237,450,572,501,301,119,28,3
1,14,78,237,451,575,498,287,105,22,2
1,14,78,237,452,573,489,277,100,21,2
1,14,78,237,452,576,498,287,105,22,2
1,14,78,237,452,581,513,307,120,28,3
1,14,78,237,453,578,499,287,105,22,2
1,14,78,237,453,590,547,366,174,56,11,1
1,14,78,237,454,583,503,282,96,17,1
1,14,78,237,454,588,518,302,111,23,2
1,14,78,237,454,593,550,367,174,56,11,1
1,14,78,237,455,589,518,302,111,23,2
1,14,78,237,455,595,533,322,126,29,3
1,14,78,237,456,590,518,302,111,23,2
1,14,78,237,456,590,518,302,111,23,2
1,14,78,237,456,596,533,322,126,29,3
1,14,78,237,457,596,533,322,126,29,3
1,14,78,237,457,600,549,347,145,36,4
1,14,78,237,458,604,555,351,146,36,4
1,14,78,237,458,613,579,387,181,57,11,1
1,14,78,237,460,609,553,337,132,30,3
1,14,78,237,460,610,553,337,132,30,3
1,14,78,237,460,622,601,416,201,64,12,1
1,14,78,237,461,610,553,337,132,30,3
1,14,78,237,461,622,601,416,201,64,12,1
1,14,78,237,462,623,589,392,182,57,11,1
1,14,78,237,463,629,610,421,202,64,12,1
1,14,78,237,464,628,605,417,201,64,12,1
1,14,78,237,465,632,611,421,202,64,12,1
1,14,78,238,446,537,419,207,60,8
1,14,78,238,447,543,433,224,72,13,1
1,14,78,238,449,550,440,222,64,8
1,14,78,238,451,563,474,268,98,21,2
1,14,78,238,452,565,468,247,75,10
1,14,78,238,454,574,489,277,100,21,2
1,14,78,238,454,577,498,287,105,22,2
1,14,78,238,455,579,499,287,105,22,2
1,14,78,238,455,582,503,282,96,17,1
1,14,78,238,456,585,514,307,120,28,3
1,14,78,238,457,590,518,302,111,23,2
1,14,78,238,459,597,533,322,126,29,3
1,14,78,238,459,603,560,372,175,56,11,1
1,14,78,238,461,606,553,348,145,36,4
1,14,78,238,463,611,553,337,132,30,3
1,14,78,238,463,623,589,392,182,57,11,1
1,14,78,238,464,617,568,357,147,36,4
1,14,78,238,466,620,569,357,147,36,4
1,14,78,238,466,635,614,422,202,64,12,1
1,14,78,238,467,630,588,372,153,37,4
1,14,78,238,469,632,588,372,153,37,4
1,14,78,238,469,644,624,427,203,64,12,1
1,14,78,238,471,645,624,427,203,64,12,1
1,14,78,239,455,569,478,269,98,21,2
1,14,78,239,458,582,500,287,105,22,2
1,14,78,239,459,588,515,307,120,28,3
1,14,78,239,461,594,519,302,111,23,2
1,14,78,239,462,606,561,372,175,56,11,1
1,14,78,239,464,611,553,337,132,30,3
1,14,78,239,465,612,553,337,132,30,3
1,14,78,239,465,618,580,387,181,57,11,1
1,14,78,239,465,618,580,387,181,57,11,1
1,14,78,239,467,620,569,357,147,36,4
1,14,78,239,468,627,590,392,182,57,11,1
1,14,78,239,470,632,588,372,153,37,4
1,14,78,239,470,638,615,422,202,64,12,1
1,14,78,239,470,638,615,422,202,64,12,1
1,14,78,239,471,645,624,427,203,64,12,1
1,14,78,239,474,648,625,427,203,64,12,1
1,14,78,239,476,659,644,442,209,65,12,1
1,14,78,239,477,660,644,442,209,65,12,1
1,14,78,240,466,610,554,348,145,36,4
1,14,78,240,466,611,557,351,146,36,4
1,14,78,240,470,632,606,417,201,64,12,1
1,14,78,240,486,696,722,541,285,100,21,2
1,14,78,240,490,702,726,542,285,100,21,2
1,14,78,241,460,557,417,176,32
1,14,78,241,466,587,479,242,68,8
1,14,78,241,470,616,558,349,145,36,4
1,14,78,241,472,612,523,283,88,12
1,14,78,241,472,618,543,313,113,23,2
1,14,78,241,472,624,570,357,147,36,4
1,14,78,241,472,627,585,388,181,57,11,1
1,14,78,241,474,634,588,372,153,37,4
1,14,78,241,475,642,616,422,202,64,12,1
1,14,78,241,475,642,616,422,202,64,12,1
1,14,78,241,477,649,625,427,203,64,12,1
1,14,78,241,478,638,573,338,124,25,2
1,14,78,241,478,644,588,358,139,31,3
1,14,78,241,481,663,645,442,209,65,12,1
1,14,78,241,484,665,623,393,160,38,4
1,14,78,241,490,702,726,542,285,100,21,2
1,14,78,241,490,702,726,542,285,100,21,2
1,14,78,241,492,709,735,547,286,100,21,2
1,14,78,241,495,712,736,547,286,100,21,2
1,14,78,242,469,590,480,242,68,8
1,14,78,242,474,613,523,283,88,12
1,14,78,242,475,620,543,313,113,23,2
1,14,78,242,479,638,573,338,124,25,2
1,14,78,242,479,648,620,423,202,64,12,1
1,14,78,242,480,639,573,338,124,25,2
1,14,78,242,480,644,588,358,139,31,3
1,14,78,242,481,645,588,358,139,31,3
1,14,78,242,481,646,593,368,149,36,4
1,14,78,242,483,664,645,442,209,65,12,1
1,14,78,242,485,665,623,393,160,38,4
1,14,78,242,486,665,623,393,160,38,4
1,14,78,242,486,665,623,393,160,38,4
1,14,78,242,487,666,623,393,160,38,4
1,14,78,242,487,678,659,448,210,65,12,1
1,14,78,242,491,686,658,428,181,45,5
1,14,78,242,492,686,658,428,181,45,5
1,14,78,242,492,693,679,463,216,66,12,1
1,14,78,242,493,693,679,463,216,66,12,1
1,14,78,242,495,712,736,547,286,100,21,2
1,14,78,243,478,623,544,313,113,23,2
1,14,78,243,483,646,588,358,139,31,3
1,14,78,243,488,666,623,393,160,38,4
1,14,78,243,490,679,659,448,210,65,12,1
1,14,78,243,493,686,658,428,181,45,5
1,14,78,243,493,693,679,463,216,66,12,1
1,14,78,243,495,694,679,463,216,66,12,1
1,14,78,243,500,714,714,498,237,73,13,1
1,14,78,244,486,650,594,368,149,36,4
1,14,78,244,490,667,623,393,160,38,4
1,14,78,244,492,680,659,448,210,65,12,1
1,14,78,244,494,686,658,428,181,45,5
1,14,78,244,496,694,679,463,216,66,12,1
1,14,78,244,504,728,750,553,287,100,21,2
1,14,78,244,508,742,770,568,293,101,21,2
1,14,78,244,510,743,770,568,293,101,21,2
1,14,78,245,495,683,660,448,210,65,12,1
1,14,78,245,500,712,731,543,285,100,21,2
1,14,78,245,501,716,737,547,286,100,21,2
1,14,78,245,503,715,714,498,237,73,13,1
1,14,78,245,510,743,770,568,293,101,21,2
1,14,78,245,525,812,931,793,495,220,66,12,1
1,14,78,247,510,732,751,553,287,100,21,2
1,14,78,247,513,744,770,568,293,101,21,2
1,14,78,247,534,828,945,799,496,220,66,12,1
1,14,78,248,505,682,608,344,112,16
1,14,78,248,512,715,678,429,173,40,4
1,14,78,248,519,742,728,484,209,53,6
1,14,78,248,519,749,749,519,244,74,13,1
1,14,78,248,526,770,784,554,265,81,14,1
1,14,78,249,514,716,678,429,173,40,4
1,14,78,249,520,742,728,484,209,53,6
1,14,78,249,521,749,749,519,244,74,13,1
1,14,78,249,526,770,784,554,265,81,14,1
1,14,78,249,527,770,784,554,265,81,14,1
1,14,78,249,528,777,805,589,300,102,21,2
1,14,78,249,534,798,840,624,321,109,22,2
1,14,78,249,535,798,840,624,321,109,22,2
1,14,78,250,523,750,749,519,244,74,13,1
1,14,78,250,535,798,840,624,321,109,22,2
1,14,78,250,535,822,936,794,495,220,66,12,1
1,14,78,251,531,778,805,589,300,102,21,2
1,14,78,251,536,798,840,624,321,109,22,2
1,14,78,251,540,832,946,799,496,220,66,12,1
1,14,78,251,552,862,980,820,503,221,66,12,1
1,14,78,254,555,863,980,820,503,221,66,12,1
1,14,78,256,554,819,833,575,258,68,8
1,14,78,256,562,854,910,680,349,117,23,2
1,14,78,256,570,882,966,750,405,145,31,3
1,14,78,257,563,854,910,680,349,117,23,2
1,14,78,257,570,882,966,750,405,145,31,3
1,14,78,257,579,918,1050,876,531,229,67,12,1
1,14,78,259,580,918,1050,876,531,229,67,12,1
1,14,78,265,606,966,1092,876,489,181,40,4
1,14,78,265,615,1002,1176,1002,615,265,76,13,1
1,14,78,266,615,1002,1176,1002,615,265,76,13,1
1,14,78,275,660,1122,1386,1254,825,385,121,23,2
1,14,78,286,715,1287,1716,1716,1287,715,286,78,13,1
1,14,79,230,366,308,119,14
1,14,79,230,367,314,129,18
1,14,79,230,367,314,130,20
1,14,79,230,367,314,130,20,1
1,14,79,230,367,314,130,21,1
1,14,79,230,367,315,134,24,1
1,14,79,231,373,324,132,16
1,14,79,231,373,325,135,18
1,14,79,231,373,325,136,20
1,14,79,231,373,326,139,22
1,14,79,231,373,326,140,25,2
1,14,79,231,374,329,140,21,1
1,14,79,231,374,330,142,21
1,14,79,231,374,330,143,22
1,14,79,231,374,330,143,23,1
1,14,79,231,374,330,144,24
1,14,79,231,374,331,146,24
1,14,79,231,374,331,147,26
1,14,79,231,374,331,147,27,1
1,14,79,231,374,331,147,27,2
1,14,79,231,374,331,148,29,2
1,14,79,231,374,331,148,29,2
1,14,79,231,374,332,150,28,1
1,14,79,231,374,332,151,31,2
1,14,79,231,374,332,151,31,3
1,14,79,231,374,333,155,35,3
1,14,79,231,375,335,150,25
1,14,79,231,375,336,153,27
1,14,79,231,375,336,154,28
1,14,79,231,375,336,154,29,1
1,14,79,231,375,336,154,30,2
1,14,79,231,375,336,155,31,2
1,14,79,231,375,337,157,30
1,14,79,231,375,337,158,33,2
1,14,79,231,375,337,158,34,3
1,14,79,231,375,337,159,35,2
1,14,79,231,375,337,159,36,3
1,14,79,231,375,337,160,38,4
1,14,79,231,375,338,162,37,3
1,14,79,231,375,338,163,40,4
1,14,79,231,376,342,165,36,2
1,14,79,231,376,343,169,40,3
1,14,79,231,376,343,170,41,3
1,14,79,231,376,343,170,42,4
1,14,79,231,376,343,170,43,4
1,14,79,231,376,343,171,45,5
1,14,79,231,376,344,174,46,5
1,14,79,231,377,350,185,53,6
1,14,79,232,379,337,144,20
1,14,79,232,379,338,148,24
1,14,79,232,379,338,148,25,2
1,14,79,232,380,340,145,18
1,14,79,232,380,342,152,24
1,14,79,232,380,342,152,24
1,14,79,232,380,342,152,24
1,14,79,232,380,342,153,27,2
1,14,79,232,380,343,155,26
1,14,79,232,380,343,156,28
1,14,79,232,380,343,156,29,2
1,14,79,232,380,344,160,33,2
1,14,79,232,380,344,160,33,2
1,14,79,232,381,344,151,22,1
1,14,79,232,381,346,157,26
1,14,79,232,381,347,160,28
1,14,79,232,381,347,160,28
1,14,79,232,381,347,161,31,2
1,14,79,232,381,347,161,31,2
1,14,79,232,381,348,163,30
1,14,79,232,381,348,163,30
1,14,79,232,381,348,163,30
1,14,79,232,381,348,163,31,1
1,14,79,232,381,348,164,32
1,14,79,232,381,348,164,33,2
1,14,79,232,381,348,164,34,3
1,14,79,232,381,348,165,35,2
1,14,79,232,381,349,167,35,2
1,14,79,232,381,349,167,35,2
1,14,79,232,381,349,168,37,2
1,14,79,232,381,349,168,38,3
1,14,79,232,381,349,168,38,4
1,14,79,232,381,349,169,40,4
1,14,79,232,381,350,171,39,3
1,14,79,232,381,350,172,42,4
1,14,79,232,382,351,165,30
1,14,79,232,382,351,166,33,2
1,14,79,232,382,352,168,32
1,14,79,232,382,352,168,32
1,14,79,232,382,352,168,33,1
1,14,79,232,382,353,170,33
1,14,79,232,382,353,170,33
1,14,79,232,382,353,171,34
1,14,79,232,382,353,171,35,1
1,14,79,232,382,353,171,36,2
1,14,79,232,382,353,171,36,2
1,14,79,232,382,353,172,37,2
1,14,79,232,382,353,172,37,2
1,14,79,232,382,353,172,38,3
1,14,79,232,382,353,173,39,2
1,14,79,232,382,353,173,40,4
1,14,79,232,382,353,174,42,4
1,14,79,232,382,354,174,37,1
1,14,79,232,382,354,175,39,2
1,14,79,232,382,354,175,40,3
1,14,79,232,382,354,175,40,3
1,14,79,232,382,354,175,40,3
1,14,79,232,382,354,175,40,3
1,14,79,232,382,354,176,42,4
1,14,79,232,382,354,176,42,4
1,14,79,232,382,354,177,44,4
1,14,79,232,382,354,177,44,4
1,14,79,232,382,354,177,44,4
1,14,79,232,382,355,179,43,3
1,14,79,232,382,355,179,44,4
1,14,79,232,382,355,179,44,4
1,14,79,232,382,355,180,46,4
1,14,79,232,382,355,180,46,4
1,14,79,232,382,355,180,47,5
1,14,79,232,382,355,180,47,5
1,14,79,232,382,355,181,49,6
1,14,79,232,382,356,183,48,5
1,14,79,232,382,356,184,51,6
1,14,79,232,383,357,175,35
1,14,79,232,383,358,177,36
1,14,79,232,383,358,179,40,2
1,14,79,232,383,358,179,40,2
1,14,79,232,383,358,180,42,3
1,14,79,232,383,358,181,44,3
1,14,79,232,383,358,181,44,4
1,14,79,232,383,358,181,45,5
1,14,79,232,383,359,182,43,3
1,14,79,232,383,359,182,43,3
1,14,79,232,383,359,183,44,3
1,14,79,232,383,359,183,45,4
1,14,79,232,383,359,183,45,4
1,14,79,232,383,359,183,45,4
1,14,79,232,383,359,183,45,4
1,14,79,232,383,359,184,46,4
1,14,79,232,383,359,184,46,4
1,14,79,232,383,359,184,46,4
1,14,79,232,383,359,184,47,5
1,14,79,232,383,359,186,51,6
1,14,79,232,383,360,187,48,4
1,14,79,232,383,360,187,49,5
1,14,79,232,383,360,187,49,5
1,14,79,232,383,360,187,50,6
1,14,79,232,383,360,188,51,5
1,14,79,232,383,360,188,51,6
1,14,79,232,383,360,188,52,6
1,14,79,232,383,360,189,53,6
1,14,79,232,383,361,191,53,6
1,14,79,232,383,361,191,53,6
1,14,79,232,383,361,191,53,6
1,14,79,232,383,361,193,58,8
1,14,79,232,383,362,195,57,7
1,14,79,232,383,362,197,64,12,1
1,14,79,232,383,363,200,65,12,1
1,14,79,232,384,364,190,48,4
1,14,79,232,384,364,191,50,5
1,14,79,232,384,364,191,50,5
1,14,79,232,384,365,194,52,5
1,14,79,232,384,365,194,53,6
1,14,79,232,384,365,195,54,6
1,14,79,232,384,365,195,54,6
1,14,79,232,384,365,196,55,6
1,14,79,232,384,365,196,56,7
1,14,79,232,384,366,198,56,6
1,14,79,232,384,366,199,58,7
1,14,79,232,384,366,199,59,7
1,14,79,232,384,366,200,60,8
1,14,79,232,384,366,200,60,8
1,14,79,232,384,366,202,66,12,1
1,14,79,232,384,367,202,59,7
1,14,79,232,384,367,203,62,8
1,14,79,232,384,367,203,63,9
1,14,79,232,384,367,204,66,12,1
1,14,79,232,384,367,205,69,13,1
1,14,79,232,384,368,208,69,12,1
1,14,79,232,384,368,208,70,13,1
1,14,79,232,385,371,206,62,8
1,14,79,232,385,372,210,64,8
1,14,79,232,385,372,210,66,9
1,14,79,232,385,372,210,66,9
1,14,79,232,385,372,211,66,9
1,14,79,232,385,372,211,70,13,1
1,14,79,232,385,372,212,71,13,1
1,14,79,232,385,373,214,69,10
1,14,79,232,385,373,215,72,13,1
1,14,79,232,385,373,215,73,13,1
1,14,79,232,385,373,217,77,15,1
1,14,79,232,386,379,226,80,15,1
1,14,79,233,386,353,157,22
1,14,79,233,386,354,161,27,2
1,14,79,233,386,355,164,28
1,14,79,233,386,355,164,28
1,14,79,233,386,357,173,40,4
1,14,79,233,387,357,163,26,1
1,14,79,233,387,359,169,30
1,14,79,233,387,360,172,32
1,14,79,233,387,360,172,33,1
1,14,79,233,387,360,173,35,2
1,14,79,233,387,361,175,34
1,14,79,233,387,361,177,40,4
1,14,79,233,387,362,180,41,2
1,14,79,233,387,362,181,44,4
1,14,79,233,387,362,181,44,4
1,14,79,233,388,364,177,34
1,14,79,233,388,364,177,34
1,14,79,233,388,365,180,36
1,14,79,233,388,365,180,36
1,14,79,233,388,365,181,39,2
1,14,79,233,388,365,181,39,2
1,14,79,233,388,365,182,42,4
1,14,79,233,388,366,183,38
1,14,79,233,388,366,184,41,2
1,14,79,233,388,366,184,41,2
1,14,79,233,388,366,184,42,3
1,14,79,233,388,366,184,42,3
1,14,79,233,388,366,185,44,4
1,14,79,233,388,366,185,44,4
1,14,79,233,388,367,188,46,4
1,14,79,233,388,367,188,46,4
1,14,79,233,388,367,188,46,4
1,14,79,233,388,367,188,46,4
1,14,79,233,388,367,189,48,4
1,14,79,233,388,367,190,51,6
1,14,79,233,388,368,193,53,6
1,14,79,233,388,368,193,53,6
1,14,79,233,388,368,193,53,6
1,14,79,233,389,368,182,36
1,14,79,233,389,368,183,38,1
1,14,79,233,389,369,185,38
1,14,79,233,389,369,186,41,2
1,14,79,233,389,369,186,41,2
1,14,79,233,389,370,187,39
1,14,79,233,389,370,187,39
1,14,79,233,389,370,188,41,1
1,14,79,233,389,370,189,43,2
1,14,79,233,389,370,190,46,4
1,14,79,233,389,370,190,46,4
1,14,79,233,389,370,190,46,4
1,14,79,233,389,371,191,44,2
1,14,79,233,389,371,192,46,3
1,14,79,233,389,371,192,46,3
1,14,79,233,389,371,192,46,3
1,14,79,233,389,371,192,47,4
1,14,79,233,389,371,193,48,4
1,14,79,233,389,371,193,48,4
1,14,79,233,389,371,193,48,4
1,14,79,233,389,371,193,48,4
1,14,79,233,389,371,193,48,4
1,14,79,233,389,371,193,48,4
1,14,79,233,389,371,193,49,5
1,14,79,233,389,371,193,49,5
1,14,79,233,389,371,194,50,4
1,14,79,233,389,371,194,51,6
1,14,79,233,389,372,196,50,4
1,14,79,233,389,372,196,50,4
1,14,79,233,389,372,196,51,5
1,14,79,233,389,372,196,51,5
1,14,79,233,389,372,197,53,6
1,14,79,233,389,372,197,53,6
1,14,79,233,389,372,198,55,6
1,14,79,233,389,373,200,55,6
1,14,79,233,389,373,200,55,6
1,14,79,233,389,373,200,55,6
1,14,79,233,389,373,201,57,6
1,14,79,233,389,373,202,60,8
1,14,79,233,389,373,202,60,8
1,14,79,233,389,374,204,59,7
1,14,79,233,389,374,206,66,12,1
1,14,79,233,389,375,210,70,13,1
1,14,79,233,390,373,190,40
1,14,79,233,390,373,192,45,3
1,14,79,233,390,374,194,45,2
1,14,79,233,390,374,196,50,5
1,14,79,233,390,375,196,46,2
1,14,79,233,390,375,197,48,3
1,14,79,233,390,375,197,48,3
1,14,79,233,390,375,198,50,4
1,14,79,233,390,375,198,50,4
1,14,79,233,390,375,198,50,4
1,14,79,233,390,375,199,53,6
1,14,79,233,390,376,200,51,4
1,14,79,233,390,376,200,51,4
1,14,79,233,390,376,201,52,4
1,14,79,233,390,376,201,53,5
1,14,79,233,390,376,201,53,5
1,14,79,233,390,376,201,53,5
1,14,79,233,390,376,201,53,5
1,14,79,233,390,376,202,55,6
1,14,79,233,390,376,202,55,6
1,14,79,233,390,376,202,55,6
1,14,79,233,390,376,202,55,6
1,14,79,233,390,377,204,56,6
1,14,79,233,390,377,204,56,6
1,14,79,233,390,377,204,56,6
1,14,79,233,390,377,204,56,6
1,14,79,233,390,377,204,56,6
1,14,79,233,390,377,205,57,6
1,14,79,233,390,377,205,57,6
1,14,79,233,390,377,205,57,6
1,14,79,233,390,377,205,57,6
1,14,79,233,390,377,205,58,7
1,14,79,233,390,377,206,60,8
1,14,79,233,390,377,207,62,8
1,14,79,233,390,378,208,59,6
1,14,79,233,390,378,208,60,7
1,14,79,233,390,378,208,60,7
1,14,79,233,390,378,209,62,8
1,14,79,233,390,378,209,62,8
1,14,79,233,390,378,209,62,8
1,14,79,233,390,378,210,64,8
1,14,79,233,390,378,210,64,8
1,14,79,233,390,378,210,66,12,1
1,14,79,233,390,378,211,67,10
1,14,79,233,390,378,212,70,13,1
1,14,79,233,390,379,212,64,8
1,14,79,233,390,379,212,64,8
1,14,79,233,390,379,213,66,9
1,14,79,233,390,379,214,71,13,1
1,14,79,233,390,380,217,72,13,1
1,14,79,233,391,380,205,53,4
1,14,79,233,391,380,205,53,4
1,14,79,233,391,380,206,55,5
1,14,79,233,391,380,207,57,6
1,14,79,233,391,380,207,57,6
1,14,79,233,391,381,208,56,5
1,14,79,233,391,381,209,58,6
1,14,79,233,391,381,209,58,6
1,14,79,233,391,381,209,58,6
1,14,79,233,391,381,210,60,7
1,14,79,233,391,381,210,60,7
1,14,79,233,391,381,211,62,8
1,14,79,233,391,382,211,59,6
1,14,79,233,391,382,211,59,6
1,14,79,233,391,382,212,60,6
1,14,79,233,391,382,212,61,7
1,14,79,233,391,382,212,61,7
1,14,79,233,391,382,213,62,7
1,14,79,233,391,382,213,63,8
1,14,79,233,391,382,213,63,8
1,14,79,233,391,382,214,64,8
1,14,79,233,391,382,214,64,8
1,14,79,233,391,382,214,64,8
1,14,79,233,391,382,214,64,8
1,14,79,233,391,382,214,64,8
1,14,79,233,391,382,215,68,12,1
1,14,79,233,391,382,217,72,13,1
1,14,79,233,391,383,216,65,8
1,14,79,233,391,383,216,65,8
1,14,79,233,391,383,216,65,8
1,14,79,233,391,383,216,66,9
1,14,79,233,391,383,217,66,8
1,14,79,233,391,383,217,67,9
1,14,79,233,391,383,217,67,9
1,14,79,233,391,383,218,69,10
1,14,79,233,391,383,218,70,12,1
1,14,79,233,391,383,218,71,13,1
1,14,79,233,391,384,220,69,9
1,14,79,233,391,384,220,69,9
1,14,79,233,391,384,220,70,10
1,14,79,233,391,384,221,71,10
1,14,79,233,391,384,221,71,10
1,14,79,233,391,384,221,73,13,1
1,14,79,233,391,384,221,73,13,1
1,14,79,233,391,384,221,73,13,1
1,14,79,233,391,384,222,75,13,1
1,14,79,233,391,384,223,77,14,1
1,14,79,233,391,385,223,70,9
1,14,79,233,391,385,225,77,14,1
1,14,79,233,391,385,225,77,14,1
1,14,79,233,391,385,228,85,19,2
1,14,79,233,391,386,228,78,14,1
1,14,79,233,391,386,230,85,19,2
1,14,79,233,392,386,217,63,7
1,14,79,233,392,387,220,66,8
1,14,79,233,392,387,220,66,8
1,14,79,233,392,387,221,68,9
1,14,79,233,392,387,222,69,9
1,14,79,233,392,387,222,70,10
1,14,79,233,392,387,223,73,13,1
1,14,79,233,392,388,223,69,9
1,14,79,233,392,388,224,70,9
1,14,79,233,392,388,225,72,10
1,14,79,233,392,388,225,72,10
1,14,79,233,392,388,225,74,13,1
1,14,79,233,392,388,226,75,13,1
1,14,79,233,392,388,227,77,14,1
1,14,79,233,392,388,229,82,16,1
1,14,79,233,392,389,228,73,10
1,14,79,233,392,389,228,75,11
1,14,79,233,392,389,228,75,11
1,14,79,233,392,389,229,75,10
1,14,79,233,392,389,229,78,14,1
1,14,79,233,392,389,229,78,14,1
1,14,79,233,392,389,230,80,15,1
1,14,79,233,392,390,233,82,15,1
1,14,79,233,392,390,233,82,15,1
1,14,79,233,392,390,235,87,19,2
1,14,79,233,392,391,237,85,16,1
1,14,79,233,392,391,238,90,20,2
1,14,79,233,392,392,241,91,20,2
1,14,79,233,393,393,231,74,10
1,14,79,233,393,393,232,75,10
1,14,79,233,393,393,232,75,10
1,14,79,233,393,393,233,79,14,1
1,14,79,233,393,394,235,79,12
1,14,79,233,393,394,237,83,15,1
1,14,79,233,393,395,239,82,12
1,14,79,233,393,395,240,82,12
1,14,79,233,393,395,240,85,15,1
1,14,79,233,393,395,240,86,16,1
1,14,79,233,393,395,240,86,16,1
1,14,79,233,393,395,242,88,16,1
1,14,79,233,393,395,242,91,20,2
1,14,79,233,393,395,243,92,20,2
1,14,79,233,393,395,244,94,21,2
1,14,79,233,393,396,244,88,16,1
1,14,79,233,393,396,245,93,20,2
1,14,79,233,393,397,249,96,21,2
1,14,79,233,393,397,249,96,21,2
1,14,79,233,393,397,250,101,25,3
1,14,79,233,394,400,248,93,20,2
1,14,79,233,394,401,252,97,21,2
1,14,79,233,394,401,253,97,21,2
1,14,79,233,394,402,256,100,22,2
1,14,79,233,394,402,259,106,26,3
1,14,79,233,394,403,261,107,26,3
1,14,79,233,395,407,263,101,19,1
1,14,79,233,395,408,268,111,27,3
1,14,79,234,391,362,164,24
1,14,79,234,392,367,173,31,2
1,14,79,234,392,368,176,32
1,14,79,234,393,373,184,36
1,14,79,234,393,373,185,39,2
1,14,79,234,393,373,185,39,2
1,14,79,234,393,374,189,44,4
1,14,79,234,393,375,193,48,4
1,14,79,234,394,377,189,38
1,14,79,234,394,377,189,38
1,14,79,234,394,377,191,43,3
1,14,79,234,394,378,192,40
1,14,79,234,394,378,193,43,2
1,14,79,234,394,379,197,48,4
1,14,79,234,394,379,197,48,4
1,14,79,234,394,380,201,53,6
1,14,79,234,394,380,202,55,6
1,14,79,234,395,381,195,42,1
1,14,79,234,395,382,197,42
1,14,79,234,395,382,197,42
1,14,79,234,395,382,197,42
1,14,79,234,395,382,198,45,2
1,14,79,234,395,383,200,45,1
1,14,79,234,395,383,202,50,4
1,14,79,234,395,383,202,50,4
1,14,79,234,395,383,202,50,4
1,14,79,234,395,383,202,50,4
1,14,79,234,395,384,204,50,3
1,14,79,234,395,384,205,52,4
1,14,79,234,395,384,205,52,4
1,14,79,234,395,384,205,52,4
1,14,79,234,395,384,205,53,5
1,14,79,234,395,384,206,55,6
1,14,79,234,395,384,206,55,6
1,14,79,234,395,385,208,54,4
1,14,79,234,395,385,209,57,6
1,14,79,234,395,385,209,57,6
1,14,79,234,395,385,209,57,6
1,14,79,234,395,385,210,59,6
1,14,79,234,395,386,213,62,8
1,14,79,234,395,386,214,64,8
1,14,79,234,395,386,214,64,8
1,14,79,234,395,386,214,64,8
1,14,79,234,395,387,218,69,10
1,14,79,234,395,387,218,70,13,1
1,14,79,234,396,385,201,46,2
1,14,79,234,396,386,202,44
1,14,79,234,396,387,206,49,2
1,14,79,234,396,387,208,54,5
1,14,79,234,396,387,208,54,5
1,14,79,234,396,388,209,52,3
1,14,79,234,396,388,210,54,4
1,14,79,234,396,388,210,54,4
1,14,79,234,396,388,210,54,4
1,14,79,234,396,389,212,55,4
1,14,79,234,396,389,213,57,5
1,14,79,234,396,389,214,59,6
1,14,79,234,396,389,214,59,6
1,14,79,234,396,389,214,59,6
1,14,79,234,396,389,214,59,6
1,14,79,234,396,389,214,59,6
1,14,79,234,396,389,214,59,6
1,14,79,234,396,389,215,62,8
1,14,79,234,396,390,217,61,6
1,14,79,234,396,390,217,62,7
1,14,79,234,396,390,217,62,7
1,14,79,234,396,390,217,62,7
1,14,79,234,396,390,218,64,8
1,14,79,234,396,390,218,64,8
1,14,79,234,396,390,218,64,8
1,14,79,234,396,390,219,68,12,1
1,14,79,234,396,391,221,66,8
1,14,79,234,396,391,221,66,8
1,14,79,234,396,391,221,66,8
1,14,79,234,396,391,222,69,9
1,14,79,234,396,391,222,70,12,1
1,14,79,234,396,392,226,74,13,1
1,14,79,234,396,392,227,77,14,1
1,14,79,234,396,393,232,85,19,2
1,14,79,234,397,389,205,45
1,14,79,234,397,391,212,53,3
1,14,79,234,397,392,215,56,4
1,14,79,234,397,392,215,56,4
1,14,79,234,397,392,215,56,4
1,14,79,234,397,392,216,58,5
1,14,79,234,397,392,217,61,7
1,14,79,234,397,393,218,59,5
1,14,79,234,397,393,219,61,6
1,14,79,234,397,393,219,61,6
1,14,79,234,397,393,219,61,6
1,14,79,234,397,393,219,61,6
1,14,79,234,397,393,220,64,8
1,14,79,234,397,394,221,62,6
1,14,79,234,397,394,221,62,6
1,14,79,234,397,394,221,62,6
1,14,79,234,397,394,222,64,7
1,14,79,234,397,394,222,64,7
1,14,79,234,397,394,222,64,7
1,14,79,234,397,394,222,64,7
1,14,79,234,397,394,223,66,8
1,14,79,234,397,394,223,66,8
1,14,79,234,397,394,223,66,8
1,14,79,234,397,394,223,66,8
1,14,79,234,397,394,223,66,8
1,14,79,234,397,394,223,66,8
1,14,79,234,397,394,223,66,8
1,14,79,234,397,394,223,66,8
1,14,79,234,397,394,225,72,13,1
1,14,79,234,397,395,225,67,8
1,14,79,234,397,395,225,67,8
1,14,79,234,397,395,225,67,8
1,14,79,234,397,395,225,67,8
1,14,79,234,397,395,226,68,8
1,14,79,234,397,395,226,68,8
1,14,79,234,397,395,226,69,9
1,14,79,234,397,395,226,69,9
1,14,79,234,397,395,227,71,10
1,14,79,234,397,395,228,73,10
1,14,79,234,397,395,228,74,13,1
1,14,79,234,397,396,229,71,9
1,14,79,234,397,396,229,71,9
1,14,79,234,397,396,230,73,10
1,14,79,234,397,396,230,73,10
1,14,79,234,397,396,230,73,10
1,14,79,234,397,396,230,73,10
1,14,79,234,397,396,230,75,13,1
1,14,79,234,397,396,230,75,13,1
1,14,79,234,397,396,231,75,10
1,14,79,234,397,396,231,75,10
1,14,79,234,397,396,231,77,14,1
1,14,79,234,397,397,233,75,10
1,14,79,234,397,397,233,75,10
1,14,79,234,397,397,234,78,12
1,14,79,234,397,397,234,79,14,1
1,14,79,234,397,397,234,79,14,1
1,14,79,234,397,397,237,87,19,2
1,14,79,234,397,399,243,91,20,2
1,14,79,234,397,399,244,94,21,2
1,14,79,234,398,395,218,57,4
1,14,79,234,398,397,224,63,6
1,14,79,234,398,397,225,65,7
1,14,79,234,398,397,226,68,9
1,14,79,234,398,398,227,66,7
1,14,79,234,398,398,228,68,8
1,14,79,234,398,398,228,68,8
1,14,79,234,398,398,228,68,8
1,14,79,234,398,398,228,68,8
1,14,79,234,398,398,228,68,8
1,14,79,234,398,398,228,68,8
1,14,79,234,398,398,229,70,9
1,14,79,234,398,399,230,69,8
1,14,79,234,398,399,230,69,8
1,14,79,234,398,399,230,69,8
1,14,79,234,398,399,231,70,8
1,14,79,234,398,399,231,71,9
1,14,79,234,398,399,231,71,9
1,14,79,234,398,399,231,71,9
1,14,79,234,398,399,232,73,10
1,14,79,234,398,399,232,73,10
1,14,79,234,398,399,233,76,13,1
1,14,79,234,398,399,233,76,13,1
1,14,79,234,398,400,233,72,9
1,14,79,234,398,400,233,72,9
1,14,79,234,398,400,233,72,9
1,14,79,234,398,400,233,72,9
1,14,79,234,398,400,234,74,10
1,14,79,234,398,400,235,75,10
1,14,79,234,398,400,235,75,10
1,14,79,234,398,400,235,75,10
1,14,79,234,398,400,235,75,10
1,14,79,234,398,400,235,75,10
1,14,79,234,398,400,235,76,11
1,14,79,234,398,400,235,77,13,1
1,14,79,234,398,400,235,77,13,1
1,14,79,234,398,400,236,79,14,1
1,14,79,234,398,400,236,79,14,1
1,14,79,234,398,401,237,76,10
1,14,79,234,398,401,237,77,11
1,14,79,234,398,401,238,78,11
1,14,79,234,398,401,238,79,12
1,14,79,234,398,401,238,80,14,1
1,14,79,234,398,401,239,80,12
1,14,79,234,398,401,239,81,14,1
1,14,79,234,398,401,239,82,15,1
1,14,79,234,398,401,240,83,15,1
1,14,79,234,398,401,241,85,15,1
1,14,79,234,398,402,242,82,12
1,14,79,234,398,402,242,82,12
1,14,79,234,398,402,242,84,15,1
1,14,79,234,398,402,243,86,16,1
1,14,79,234,398,402,244,89,19,2
1,14,79,234,398,403,246,88,16,1
1,14,79,234,398,403,249,96,21,2
1,14,79,234,398,404,249,89,16,1
1,14,79,234,398,404,251,96,21,2
1,14,79,234,398,404,253,101,25,3
1,14,79,234,399,402,233,70,8
1,14,79,234,399,402,233,70,8
1,14,79,234,399,402,234,72,9
1,14,79,234,399,403,236,73,9
1,14,79,234,399,403,237,75,10
1,14,79,234,399,403,237,75,10
1,14,79,234,399,403,239,80,14,1
1,14,79,234,399,404,239,76,10
1,14,79,234,399,404,239,76,10
1,14,79,234,399,404,239,76,10
1,14,79,234,399,404,239,76,10
1,14,79,234,399,404,240,78,11
1,14,79,234,399,404,241,81,14,1
1,14,79,234,399,405,241,77,10
1,14,79,234,399,405,242,79,11
1,14,79,234,399,405,242,79,11
1,14,79,234,399,405,243,80,11
1,14,79,234,399,405,243,81,12
1,14,79,234,399,405,243,82,14,1
1,14,79,234,399,405,244,82,12
1,14,79,234,399,405,244,82,12
1,14,79,234,399,405,244,84,15,1
1,14,79,234,399,405,245,84,12
1,14,79,234,399,405,245,85,15,1
1,14,79,234,399,405,245,86,16,1
1,14,79,234,399,406,245,82,12
1,14,79,234,399,406,245,82,12
1,14,79,234,399,406,246,83,12
1,14,79,234,399,406,246,84,13
1,14,79,234,399,406,246,84,13
1,14,79,234,399,406,246,85,15,1
1,14,79,234,399,406,246,85,15,1
1,14,79,234,399,406,246,85,15,1
1,14,79,234,399,406,247,84,12
1,14,79,234,399,406,247,86,15,1
1,14,79,234,399,406,247,87,16,1
1,14,79,234,399,406,248,88,16,1
1,14,79,234,399,406,248,88,16,1
1,14,79,234,399,406,249,92,20,2
1,14,79,234,399,406,250,93,20,2
1,14,79,234,399,407,249,84,12
1,14,79,234,399,407,250,89,16,1
1,14,79,234,399,407,250,89,16,1
1,14,79,234,399,407,251,91,17,1
1,14,79,234,399,407,251,93,20,2
1,14,79,234,399,407,252,94,20,2
1,14,79,234,399,407,253,96,21,2
1,14,79,234,399,407,253,96,21,2
1,14,79,234,399,407,253,96,21,2
1,14,79,234,399,408,254,91,14
1,14,79,234,399,408,255,97,21,2
1,14,79,234,399,408,255,97,21,2
1,14,79,234,399,408,256,98,21,2
1,14,79,234,399,408,256,98,21,2
1,14,79,234,399,408,256,98,21,2
1,14,79,234,399,409,258,98,21,2
1,14,79,234,399,409,259,100,21,2
1,14,79,234,399,409,259,101,22,2
1,14,79,234,399,409,260,103,23,2
1,14,79,234,399,410,262,102,22,2
1,14,79,234,400,409,248,83,12
1,14,79,234,400,409,249,84,12
1,14,79,234,400,409,249,86,15,1
1,14,79,234,400,410,250,84,12
1,14,79,234,400,410,250,84,12
1,14,79,234,400,410,252,89,16,1
1,14,79,234,400,410,252,89,16,1
1,14,79,234,400,410,255,94,17,1
1,14,79,234,400,411,252,85,12
1,14,79,234,400,411,254,90,16,1
1,14,79,234,400,411,256,91,14
1,14,79,234,400,411,256,95,20,2
1,14,79,234,400,411,257,97,21,2
1,14,79,234,400,411,258,98,21,2
1,14,79,234,400,411,258,98,21,2
1,14,79,234,400,412,258,91,14
1,14,79,234,400,412,258,94,17,1
1,14,79,234,400,412,259,98,21,2
1,14,79,234,400,412,260,99,21,2
1,14,79,234,400,412,260,99,21,2
1,14,79,234,400,412,261,100,21,2
1,14,79,234,400,412,261,101,22,2
1,14,79,234,400,412,261,101,22,2
1,14,79,234,400,413,261,95,15
1,14,79,234,400,413,263,102,22,2
1,14,79,234,400,413,263,102,22,2
1,14,79,234,400,413,264,104,23,2
1,14,79,234,400,413,265,107,26,3
1,14,79,234,400,414,266,103,22,2
1,14,79,234,400,414,267,108,26,3
1,14,79,234,400,414,268,107,23,2
1,14,79,234,400,415,270,107,23,2
1,14,79,234,400,415,272,112,27,3
1,14,79,234,400,415,272,114,28,3
1,14,79,234,400,416,275,115,28,3
1,14,79,234,401,415,259,91,14
1,14,79,234,401,416,263,95,15
1,14,79,234,401,416,265,101,21,2
1,14,79,234,401,416,265,102,22,2
1,14,79,234,401,417,264,95,15
1,14,79,234,401,417,267,101,19,1
1,14,79,234,401,417,267,103,22,2
1,14,79,234,401,417,267,103,22,2
1,14,79,234,401,417,270,107,23,2
1,14,79,234,401,417,271,111,27,3
1,14,79,234,401,418,270,106,23,2
1,14,79,234,401,418,270,106,23,2
1,14,79,234,401,418,271,107,23,2
1,14,79,234,401,418,272,107,23,2
1,14,79,234,401,418,273,112,27,3
1,14,79,234,401,419,274,108,23,2
1,14,79,234,401,419,275,111,24,2
1,14,79,234,401,419,275,113,27,3
1,14,79,234,401,420,279,116,28,3
1,14,79,234,401,420,279,116,28,3
1,14,79,234,401,420,279,117,28,3
1,14,79,234,401,421,283,120,29,3
1,14,79,234,402,422,275,108,23,2
1,14,79,234,402,422,275,108,23,2
1,14,79,234,402,423,278,111,24,2
1,14,79,234,402,423,279,110,21,1
1,14,79,234,402,424,281,112,24,2
1,14,79,234,402,424,282,117,28,3
1,14,79,234,402,424,282,117,28,3
1,14,79,234,402,424,284,116,25,2
1,14,79,234,402,424,284,118,28,3
1,14,79,234,402,424,285,120,29,3
1,14,79,234,402,425,287,121,29,3
1,14,79,234,402,426,293,130,34,4
1,14,79,234,403,429,290,120,26,2
1,14,79,234,403,430,295,126,30,3
1,14,79,234,403,431,298,131,34,4
1,14,79,234,403,432,308,150,49,10,1
1,14,79,234,403,433,309,150,49,10,1
1,14,79,234,404,436,306,136,35,4
1,14,79,235,399,387,201,48,4
1,14,79,235,400,391,204,44
1,14,79,235,400,391,205,47,2
1,14,79,235,400,391,205,47,2
1,14,79,235,400,392,209,52,4
1,14,79,235,400,392,209,52,4
1,14,79,235,400,394,218,64,8
1,14,79,235,401,395,209,46
1,14,79,235,401,395,211,51,3
1,14,79,235,401,396,213,51,2
1,14,79,235,401,397,218,59,6
1,14,79,235,401,397,218,59,6
1,14,79,235,401,397,218,59,6
1,14,79,235,401,398,221,61,6
1,14,79,235,401,398,221,61,6
1,14,79,235,401,398,222,64,8
1,14,79,235,401,399,228,74,13,1
1,14,79,235,402,399,215,50,1
1,14,79,235,402,401,222,58,4
1,14,79,235,402,401,222,58,4
1,14,79,235,402,401,224,63,7
1,14,79,235,402,402,225,61,5
1,14,79,235,402,402,226,63,6
1,14,79,235,402,402,226,63,6
1,14,79,235,402,403,230,68,8
1,14,79,235,402,403,230,68,8
1,14,79,235,402,403,230,68,8
1,14,79,235,402,403,230,68,8
1,14,79,235,402,403,230,68,8
1,14,79,235,402,403,230,68,8
1,14,79,235,402,403,230,68,8
1,14,79,235,402,404,235,75,10
1,14,79,235,402,404,235,77,14,1
1,14,79,235,402,405,238,78,13,1
1,14,79,235,403,403,221,54,2
1,14,79,235,403,405,228,62,5
1,14,79,235,403,405,228,62,5
1,14,79,235,403,406,231,65,6
1,14,79,235,403,406,231,65,6
1,14,79,235,403,406,233,70,9
1,14,79,235,403,407,234,68,7
1,14,79,235,403,407,235,70,8
1,14,79,235,403,407,235,70,8
1,14,79,235,403,407,235,70,8
1,14,79,235,403,407,235,70,8
1,14,79,235,403,407,235,70,8
1,14,79,235,403,407,235,70,8
1,14,79,235,403,407,236,72,9
1,14,79,235,403,407,236,73,10
1,14,79,235,403,407,237,76,13,1
1,14,79,235,403,408,237,71,8
1,14,79,235,403,408,238,73,9
1,14,79,235,403,408,238,73,9
1,14,79,235,403,408,238,73,9
1,14,79,235,403,408,239,75,10
1,14,79,235,403,408,239,75,10
1,14,79,235,403,409,242,78,11
1,14,79,235,403,409,243,80,12
1,14,79,235,403,409,243,81,14,1
1,14,79,235,403,409,243,81,14,1
1,14,79,235,403,410,246,82,12
1,14,79,235,403,410,247,84,12
1,14,79,235,403,410,247,85,15,1
1,14,79,235,403,411,253,96,21,2
1,14,79,235,404,408,230,61,4
1,14,79,235,404,410,239,74,10
1,14,79,235,404,411,240,72,8
1,14,79,235,404,411,240,72,8
1,14,79,235,404,411,240,72,8
1,14,79,235,404,411,240,72,8
1,14,79,235,404,411,241,74,9
1,14,79,235,404,412,243,75,9
1,14,79,235,404,412,244,77,10
1,14,79,235,404,412,244,77,10
1,14,79,235,404,412,244,77,10
1,14,79,235,404,412,244,77,10
1,14,79,235,404,412,244,77,10
1,14,79,235,404,412,244,77,10
1,14,79,235,404,412,244,77,10
1,14,79,235,404,413,246,78,10
1,14,79,235,404,413,246,78,10
1,14,79,235,404,413,246,78,10
1,14,79,235,404,413,246,78,10
1,14,79,235,404,413,247,80,11
1,14,79,235,404,413,248,82,12
1,14,79,235,404,413,248,83,14,1
1,14,79,235,404,413,248,83,14,1
1,14,79,235,404,413,249,85,15,1
1,14,79,235,404,413,249,85,15,1
1,14,79,235,404,413,251,89,16,1
1,14,79,235,404,414,251,84,12
1,14,79,235,404,414,251,84,12
1,14,79,235,404,414,251,84,12
1,14,79,235,404,414,251,84,12
1,14,79,235,404,414,251,85,13
1,14,79,235,404,414,251,86,15,1
1,14,79,235,404,414,252,88,16,1
1,14,79,235,404,415,255,90,16,1
1,14,79,235,404,415,255,90,16,1
1,14,79,235,404,415,256,94,20,2
1,14,79,235,404,416,258,91,14
1,14,79,235,404,416,260,98,21,2
1,14,79,235,404,416,260,98,21,2
1,14,79,235,404,416,260,98,21,2
1,14,79,235,404,416,260,98,21,2
1,14,79,235,404,416,260,98,21,2
1,14,79,235,404,416,261,100,21,2
1,14,79,235,404,416,262,103,23,2
1,14,79,235,405,414,243,73,8
1,14,79,235,405,415,246,76,9
1,14,79,235,405,415,246,76,9
1,14,79,235,405,415,247,78,10
1,14,79,235,405,416,249,79,10
1,14,79,235,405,416,249,79,10
1,14,79,235,405,416,249,79,10
1,14,79,235,405,416,249,79,10
1,14,79,235,405,416,249,79,10
1,14,79,235,405,416,250,81,11
1,14,79,235,405,416,250,81,11
1,14,79,235,405,416,251,84,14,1
1,14,79,235,405,417,252,82,11
1,14,79,235,405,417,252,82,11
1,14,79,235,405,417,253,84,12
1,14,79,235,405,417,253,84,12
1,14,79,235,405,417,253,84,12
1,14,79,235,405,417,253,84,12
1,14,79,235,405,417,253,84,12
1,14,79,235,405,417,254,87,15,1
1,14,79,235,405,417,254,87,15,1
1,14,79,235,405,418,255,85,12
1,14,79,235,405,418,255,85,12
1,14,79,235,405,418,255,85,12
1,14,79,235,405,418,255,85,12
1,14,79,235,405,418,256,86,12
1,14,79,235,405,418,256,86,12
1,14,79,235,405,418,256,87,13
1,14,79,235,405,418,256,88,15,1
1,14,79,235,405,418,257,89,14
1,14,79,235,405,418,257,90,16,1
1,14,79,235,405,418,257,90,16,1
1,14,79,235,405,418,258,92,17,1
1,14,79,235,405,418,259,95,20,2
1,14,79,235,405,419,258,88,13
1,14,79,235,405,419,259,91,16,1
1,14,79,235,405,419,260,91,14
1,14,79,235,405,419,260,91,14
1,14,79,235,405,419,262,98,21,2
1,14,79,235,405,419,262,98,21,2
1,14,79,235,405,419,262,98,21,2
1,14,79,235,405,420,263,95,17,1
1,14,79,235,405,420,263,95,17,1
1,14,79,235,405,420,265,100,21,2
1,14,79,235,405,420,265,100,21,2
1,14,79,235,405,420,265,101,22,2
1,14,79,235,405,421,268,103,22,2
1,14,79,235,405,421,268,103,22,2
1,14,79,235,405,421,269,105,23,2
1,14,79,235,405,421,270,108,26,3
1,14,79,235,405,422,272,107,23,2
1,14,79,235,405,422,272,107,23,2
1,14,79,235,406,418,249,77,9
1,14,79,235,406,419,252,80,10
1,14,79,235,406,420,255,83,11
1,14,79,235,406,420,256,85,12
1,14,79,235,406,421,258,86,12
1,14,79,235,406,421,258,86,12
1,14,79,235,406,421,258,86,12
1,14,79,235,406,421,258,86,12
1,14,79,235,406,421,259,88,13
1,14,79,235,406,421,260,91,16,1
1,14,79,235,406,422,261,89,13
1,14,79,235,406,422,262,91,14
1,14,79,235,406,422,262,92,16,1
1,14,79,235,406,422,262,92,16,1
1,14,79,235,406,422,263,94,17,1
1,14,79,235,406,423,263,90,13
1,14,79,235,406,423,264,92,14
1,14,79,235,406,423,265,95,17,1
1,14,79,235,406,423,265,95,17,1
1,14,79,235,406,423,267,100,21,2
1,14,79,235,406,423,267,100,21,2
1,14,79,235,406,423,267,100,21,2
1,14,79,235,406,423,267,100,21,2
1,14,79,235,406,424,267,95,15
1,14,79,235,406,424,268,96,15
1,14,79,235,406,424,269,101,21,2
1,14,79,235,406,424,269,101,21,2
1,14,79,235,406,424,270,101,19,1
1,14,79,235,406,424,270,102,21,2
1,14,79,235,406,424,270,103,22,2
1,14,79,235,406,424,271,104,22,2
1,14,79,235,406,425,271,101,19,1
1,14,79,235,406,425,272,100,16
1,14,79,235,406,425,272,102,19,1
1,14,79,235,406,425,272,104,22,2
1,14,79,235,406,425,272,104,22,2
1,14,79,235,406,425,272,104,22,2
1,14,79,235,406,425,273,105,22,2
1,14,79,235,406,425,273,106,23,2
1,14,79,235,406,425,274,107,23,2
1,14,79,235,406,425,274,107,23,2
1,14,79,235,406,425,274,107,23,2
1,14,79,235,406,425,274,107,23,2
1,14,79,235,406,425,274,107,23,2
1,14,79,235,406,425,274,107,23,2
1,14,79,235,406,425,275,109,23,2
1,14,79,235,406,426,276,108,23,2
1,14,79,235,406,426,276,108,23,2
1,14,79,235,406,426,278,113,27,3
1,14,79,235,406,427,279,109,23,2
1,14,79,235,406,427,281,116,28,3
1,14,79,235,406,427,281,116,28,3
1,14,79,235,406,427,282,117,28,3
1,14,79,235,406,428,286,123,32,4
1,14,79,235,406,429,288,121,29,3
1,14,79,235,407,424,261,87,12
1,14,79,235,407,425,266,95,17,1
1,14,79,235,407,426,267,93,14
1,14,79,235,407,426,268,95,15
1,14,79,235,407,426,268,96,17,1
1,14,79,235,407,427,269,94,14
1,14,79,235,407,427,272,102,21,2
1,14,79,235,407,427,273,104,22,2
1,14,79,235,407,428,272,97,15
1,14,79,235,407,428,274,100,16
1,14,79,235,407,428,274,102,19,1
1,14,79,235,407,428,275,105,22,2
1,14,79,235,407,428,275,105,22,2
1,14,79,235,407,428,275,105,22,2
1,14,79,235,407,428,276,107,23,2
1,14,79,235,407,429,278,108,23,2
1,14,79,235,407,429,278,108,23,2
1,14,79,235,407,429,278,108,23,2
1,14,79,235,407,429,279,109,23,2
1,14,79,235,407,429,279,109,23,2
1,14,79,235,407,429,279,109,23,2
1,14,79,235,407,429,280,111,24,2
1,14,79,235,407,429,280,113,27,3
1,14,79,235,407,430,280,109,23,2
1,14,79,235,407,430,280,109,23,2
1,14,79,235,407,430,280,109,23,2
1,14,79,235,407,430,280,109,23,2
1,14,79,235,407,430,281,111,24,2
1,14,79,235,407,430,281,111,24,2
1,14,79,235,407,430,282,112,24,2
1,14,79,235,407,430,284,117,28,3
1,14,79,235,407,430,284,117,28,3
1,14,79,235,407,431,284,115,27,3
1,14,79,235,407,431,285,117,28,3
1,14,79,235,407,431,286,116,25,2
1,14,79,235,407,431,286,118,28,3
1,14,79,235,407,431,286,118,28,3
1,14,79,235,407,431,286,118,28,3
1,14,79,235,407,431,287,120,29,3
1,14,79,235,407,431,288,123,32,4
1,14,79,235,407,432,288,116,25,2
1,14,79,235,407,433,292,122,29,3
1,14,79,235,407,433,295,130,34,4
1,14,79,235,408,431,276,100,16
1,14,79,235,408,432,281,109,23,2
1,14,79,235,408,432,281,109,23,2
1,14,79,235,408,432,281,109,23,2
1,14,79,235,408,432,282,110,23,2
1,14,79,235,408,433,283,110,23,2
1,14,79,235,408,433,284,110,21,1
1,14,79,235,408,434,285,110,21,1
1,14,79,235,408,434,286,113,24,2
1,14,79,235,408,434,286,113,24,2
1,14,79,235,408,434,288,116,25,2
1,14,79,235,408,434,288,116,25,2
1,14,79,235,408,434,288,118,28,3
1,14,79,235,408,434,289,119,28,3
1,14,79,235,408,435,288,114,24,2
1,14,79,235,408,435,290,117,25,2
1,14,79,235,408,435,290,119,28,3
1,14,79,235,408,435,290,119,28,3
1,14,79,235,408,435,292,122,29,3
1,14,79,235,408,436,292,120,28,3
1,14,79,235,408,436,293,120,26,2
1,14,79,235,408,436,293,122,29,3
1,14,79,235,408,436,293,122,29,3
1,14,79,235,408,436,293,122,29,3
1,14,79,235,408,436,293,122,29,3
1,14,79,235,408,437,297,126,30,3
1,14,79,235,408,437,297,126,30,3
1,14,79,235,408,437,298,129,33,4
1,14,79,235,408,437,299,131,34,4
1,14,79,235,408,437,300,132,34,4
1,14,79,235,408,438,300,127,30,3
1,14,79,235,408,438,302,132,34,4
1,14,79,235,408,438,302,132,34,4
1,14,79,235,408,438,302,132,34,4
1,14,79,235,408,440,313,151,49,10,1
1,14,79,235,409,438,292,117,25,2
1,14,79,235,409,439,295,120,26,2
1,14,79,235,409,439,296,123,29,3
1,14,79,235,409,439,298,126,30,3
1,14,79,235,409,439,298,128,33,4
1,14,79,235,409,440,297,121,26,2
1,14,79,235,409,440,299,126,30,3
1,14,79,235,409,440,300,125,27,2
1,14,79,235,409,440,300,127,30,3
1,14,79,235,409,441,301,127,30,3
1,14,79,235,409,441,303,132,34,4
1,14,79,235,409,442,304,130,31,3
1,14,79,235,409,442,305,133,34,4
1,14,79,235,409,442,305,133,34,4
1,14,79,235,409,442,307,134,34,4
1,14,79,235,409,442,307,136,35,4
1,14,79,235,409,443,311,139,36,4
1,14,79,235,409,443,314,151,49,10,1
1,14,79,235,409,444,315,151,49,10,1
1,14,79,235,409,447,328,165,55,11,1
1,14,79,235,410,445,307,131,31,3
1,14,79,235,410,445,308,134,34,4
1,14,79,235,410,446,311,135,32,3
1,14,79,235,410,446,311,137,35,4
1,14,79,235,410,447,312,137,35,4
1,14,79,235,410,447,314,140,36,4
1,14,79,235,410,447,316,141,36,4
1,14,79,235,410,447,317,146,40,5
1,14,79,235,410,449,321,147,40,5
1,14,79,235,410,451,332,166,55,11,1
1,14,79,235,410,451,332,166,55,11,1
1,14,79,235,411,451,318,141,36,4
1,14,79,235,411,452,320,142,36,4
1,14,79,235,411,452,322,145,37,4
1,14,79,235,411,452,322,145,37,4
1,14,79,235,411,453,324,148,40,5
1,14,79,235,411,453,327,151,41,5
1,14,79,235,411,454,335,167,55,11,1
1,14,79,235,411,455,338,170,56,11,1
1,14,79,235,411,456,339,170,56,11,1
1,14,79,235,412,458,333,155,42,5
1,14,79,235,412,460,342,171,56,11,1
1,14,79,235,412,460,344,172,56,11,1
1,14,79,235,413,465,350,176,57,11,1
1,14,79,236,404,393,196,36
1,14,79,236,405,397,202,40,1
1,14,79,236,406,404,216,48
1,14,79,236,406,405,221,56,4
1,14,79,236,407,408,221,50
1,14,79,236,407,410,229,60,4
1,14,79,236,407,411,234,68,8
1,14,79,236,407,411,234,68,8
1,14,79,236,407,414,248,89,19,2
1,14,79,236,408,411,224,51
1,14,79,236,408,413,231,59,3
1,14,79,236,408,415,238,67,6
1,14,79,236,408,415,239,70,8
1,14,79,236,408,416,242,72,8
1,14,79,236,408,416,243,75,10
1,14,79,236,408,416,243,75,10
1,14,79,236,408,416,244,78,13,1
1,14,79,236,408,417,246,77,10
1,14,79,236,408,417,246,77,10
1,14,79,236,408,418,251,84,12
1,14,79,236,409,418,240,66,5
1,14,79,236,409,420,247,74,8
1,14,79,236,409,420,247,74,8
1,14,79,236,409,421,250,77,9
1,14,79,236,409,421,251,79,10
1,14,79,236,409,421,251,79,10
1,14,79,236,409,421,251,79,10
1,14,79,236,409,421,251,79,10
1,14,79,236,409,421,253,85,15,1
1,14,79,236,409,422,255,85,14,1
1,14,79,236,409,422,256,87,15,1
1,14,79,236,409,423,261,94,17,1
1,14,79,236,409,424,263,94,17,1
1,14,79,236,410,424,252,76,8
1,14,79,236,410,424,253,78,9
1,14,79,236,410,425,256,81,10
1,14,79,236,410,425,256,81,10
1,14,79,236,410,425,257,83,11
1,14,79,236,410,425,257,83,11
1,14,79,236,410,425,259,89,16,1
1,14,79,236,410,426,259,84,11
1,14,79,236,410,426,260,86,12
1,14,79,236,410,426,260,86,12
1,14,79,236,410,426,260,86,12
1,14,79,236,410,426,260,86,12
1,14,79,236,410,426,261,89,15,1
1,14,79,236,410,427,263,88,12
1,14,79,236,410,427,263,89,13
1,14,79,236,410,427,264,91,14
1,14,79,236,410,427,264,91,14
1,14,79,236,410,427,264,92,16,1
1,14,79,236,410,428,269,100,21,2
1,14,79,236,410,428,269,100,21,2
1,14,79,236,410,428,269,100,21,2
1,14,79,236,410,429,272,102,21,2
1,14,79,236,410,429,273,104,22,2
1,14,79,236,410,430,277,109,23,2
1,14,79,236,411,427,255,77,8
1,14,79,236,411,428,259,82,10
1,14,79,236,411,428,259,82,10
1,14,79,236,411,429,262,85,11
1,14,79,236,411,430,265,88,12
1,14,79,236,411,430,265,88,12
1,14,79,236,411,430,265,88,12
1,14,79,236,411,430,265,88,12
1,14,79,236,411,430,265,88,12
1,14,79,236,411,430,265,88,12
1,14,79,236,411,430,267,93,16,1
1,14,79,236,411,431,267,89,12
1,14,79,236,411,431,268,91,13
1,14,79,236,411,431,269,93,14
1,14,79,236,411,431,269,94,16,1
1,14,79,236,411,431,269,94,16,1
1,14,79,236,411,431,270,95,15
1,14,79,236,411,431,270,96,17,1
1,14,79,236,411,431,270,96,17,1
1,14,79,236,411,432,271,94,14
1,14,79,236,411,432,272,97,17,1
1,14,79,236,411,432,274,102,21,2
1,14,79,236,411,433,277,105,22,2
1,14,79,236,411,433,277,105,22,2
1,14,79,236,411,433,278,107,23,2
1,14,79,236,411,433,278,107,23,2
1,14,79,236,411,434,281,109,23,2
1,14,79,236,411,434,281,109,23,2
1,14,79,236,411,434,281,109,23,2
1,14,79,236,411,434,281,109,23,2
1,14,79,236,411,436,290,123,32,4
1,14,79,236,412,433,268,89,12
1,14,79,236,412,433,268,89,12
1,14,79,236,412,433,268,89,12
1,14,79,236,412,434,271,92,13
1,14,79,236,412,434,271,92,13
1,14,79,236,412,434,272,94,14
1,14,79,236,412,435,274,95,14
1,14,79,236,412,435,274,95,14
1,14,79,236,412,435,274,95,14
1,14,79,236,412,435,275,97,15
1,14,79,236,412,435,275,98,17,1
1,14,79,236,412,436,277,98,15
1,14,79,236,412,436,278,100,16
1,14,79,236,412,436,278,100,16
1,14,79,236,412,436,278,101,18,1
1,14,79,236,412,436,280,106,22,2
1,14,79,236,412,436,280,106,22,2
1,14,79,236,412,437,282,107,22,2
1,14,79,236,412,437,283,109,23,2
1,14,79,236,412,437,283,109,23,2
1,14,79,236,412,437,283,109,23,2
1,14,79,236,412,437,283,109,23,2
1,14,79,236,412,437,284,111,24,2
1,14,79,236,412,438,285,110,23,2
1,14,79,236,412,438,285,110,23,2
1,14,79,236,412,438,285,110,23,2
1,14,79,236,412,438,286,109,18
1,14,79,236,412,438,286,111,23,2
1,14,79,236,412,438,286,112,24,2
1,14,79,236,412,438,287,115,27,3
1,14,79,236,412,439,288,111,21,1
1,14,79,236,412,439,290,116,25,2
1,14,79,236,412,439,290,116,25,2
1,14,79,236,412,439,290,118,28,3
1,14,79,236,412,439,291,119,28,3
1,14,79,236,412,440,294,122,29,3
1,14,79,236,412,440,294,122,29,3
1,14,79,236,412,442,302,132,34,4
1,14,79,236,413,437,274,93,13
1,14,79,236,413,438,277,96,14
1,14,79,236,413,438,278,99,17,1
1,14,79,236,413,439,280,99,15
1,14,79,236,413,440,283,102,16
1,14,79,236,413,440,285,108,22,2
1,14,79,236,413,440,286,110,23,2
1,14,79,236,413,440,286,110,23,2
1,14,79,236,413,441,286,104,16
1,14,79,236,413,441,288,110,21,1
1,14,79,236,413,441,288,111,23,2
1,14,79,236,413,441,288,111,23,2
1,14,79,236,413,441,288,111,23,2
1,14,79,236,413,441,288,111,23,2
1,14,79,236,413,441,288,111,23,2
1,14,79,236,413,441,289,113,24,2
1,14,79,236,413,442,290,111,21,1
1,14,79,236,413,442,291,114,24,2
1,14,79,236,413,442,291,114,24,2
1,14,79,236,413,442,291,114,24,2
1,14,79,236,413,442,292,115,24,2
1,14,79,236,413,442,293,119,28,3
1,14,79,236,413,443,293,115,24,2
1,14,79,236,413,443,294,117,25,2
1,14,79,236,413,443,295,120,28,3
1,14,79,236,413,443,297,123,29,3
1,14,79,236,413,444,295,111,18
1,14,79,236,413,444,297,120,26,2
1,14,79,236,413,444,298,120,25,2
1,14,79,236,413,444,298,123,29,3
1,14,79,236,413,444,298,123,29,3
1,14,79,236,413,444,299,124,29,3
1,14,79,236,413,444,300,126,30,3
1,14,79,236,413,445,302,127,30,3
1,14,79,236,413,445,303,130,33,4
1,14,79,236,413,445,304,132,34,4
1,14,79,236,413,445,304,132,34,4
1,14,79,236,414,443,286,103,16
1,14,79,236,414,444,288,104,16
1,14,79,236,414,444,288,104,16
1,14,79,236,414,444,291,111,21,1
1,14,79,236,414,444,291,112,23,2
1,14,79,236,414,444,291,112,23,2
1,14,79,236,414,445,292,109,18
1,14,79,236,414,445,294,115,24,2
1,14,79,236,414,445,294,115,24,2
1,14,79,236,414,445,294,115,24,2
1,14,79,236,414,445,294,115,24,2
1,14,79,236,414,446,297,118,25,2
1,14,79,236,414,446,297,118,25,2
1,14,79,236,414,446,297,118,25,2
1,14,79,236,414,446,298,120,26,2
1,14,79,236,414,446,298,121,28,3
1,14,79,236,414,447,296,111,18
1,14,79,236,414,447,299,119,25,2
1,14,79,236,414,447,299,119,25,2
1,14,79,236,414,447,300,120,25,2
1,14,79,236,414,447,300,121,26,2
1,14,79,236,414,447,301,124,29,3
1,14,79,236,414,447,301,124,29,3
1,14,79,236,414,447,301,124,29,3
1,14,79,236,414,447,301,124,29,3
1,14,79,236,414,447,302,126,30,3
1,14,79,236,414,447,303,129,33,4
1,14,79,236,414,448,301,120,25,2
1,14,79,236,414,448,302,122,26,2
1,14,79,236,414,448,303,125,29,3
1,14,79,236,414,448,304,125,27,2
1,14,79,236,414,448,304,127,30,3
1,14,79,236,414,448,305,128,30,3
1,14,79,236,414,448,305,128,30,3
1,14,79,236,414,449,306,128,30,3
1,14,79,236,414,449,306,128,30,3
1,14,79,236,414,449,308,133,34,4
1,14,79,236,414,449,308,133,34,4
1,14,79,236,414,449,309,134,34,4
1,14,79,236,414,450,311,133,31,3
1,14,79,236,414,450,312,137,35,4
1,14,79,236,414,450,313,139,36,4
1,14,79,236,414,451,313,133,31,3
1,14,79,236,414,451,316,141,36,4
1,14,79,236,414,451,319,152,49,10,1
1,14,79,236,414,452,318,141,36,4
1,14,79,236,414,455,333,166,55,11,1
1,14,79,236,415,446,289,104,16
1,14,79,236,415,447,293,109,18
1,14,79,236,415,448,297,116,24,2
1,14,79,236,415,449,300,119,25,2
1,14,79,236,415,450,303,122,26,2
1,14,79,236,415,450,305,124,24,1
1,14,79,236,415,451,306,125,27,2
1,14,79,236,415,451,307,126,27,2
1,14,79,236,415,451,307,128,30,3
1,14,79,236,415,451,307,128,30,3
1,14,79,236,415,451,307,128,30,3
1,14,79,236,415,452,309,129,30,3
1,14,79,236,415,452,311,134,34,4
1,14,79,236,415,452,311,134,34,4
1,14,79,236,415,453,312,132,31,3
1,14,79,236,415,453,313,135,34,4
1,14,79,236,415,453,315,138,35,4
1,14,79,236,415,454,315,135,32,3
1,14,79,236,415,454,316,136,32,3
1,14,79,236,415,454,316,138,35,4
1,14,79,236,415,454,316,138,35,4
1,14,79,236,415,454,316,138,35,4
1,14,79,236,415,454,317,140,36,4
1,14,79,236,415,454,318,141,36,4
1,14,79,236,415,454,318,141,36,4
1,14,79,236,415,455,318,139,35,4
1,14,79,236,415,455,319,141,36,4
1,14,79,236,415,455,322,147,40,5
1,14,79,236,415,456,323,143,36,4
1,14,79,236,415,456,323,145,37,4
1,14,79,236,415,458,334,166,55,11,1
1,14,79,236,416,454,310,129,30,3
1,14,79,236,416,455,313,132,31,3
1,14,79,236,416,456,316,135,32,3
1,14,79,236,416,457,318,136,32,3
1,14,79,236,416,457,319,139,35,4
1,14,79,236,416,457,319,139,35,4
1,14,79,236,416,457,320,141,36,4
1,14,79,236,416,457,321,142,36,4
1,14,79,236,416,458,322,142,36,4
1,14,79,236,416,458,322,142,36,4
1,14,79,236,416,458,322,142,36,4
1,14,79,236,416,459,323,136,29,2
1,14,79,236,416,459,324,143,36,4
1,14,79,236,416,459,325,143,36,4
1,14,79,236,416,459,325,145,37,4
1,14,79,236,416,459,325,145,37,4
1,14,79,236,416,459,326,148,40,5
1,14,79,236,416,459,328,151,41,5
1,14,79,236,416,460,327,146,37,4
1,14,79,236,416,460,328,149,40,5
1,14,79,236,416,461,337,167,55,11,1
1,14,79,236,416,462,340,170,56,11,1
1,14,79,236,416,463,341,164,47,6
1,14,79,236,416,463,343,171,56,11,1
1,14,79,236,417,461,325,143,36,4
1,14,79,236,417,461,325,143,36,4
1,14,79,236,417,461,326,145,37,4
1,14,79,236,417,462,324,136,29,2
1,14,79,236,417,462,328,146,37,4
1,14,79,236,417,463,330,147,37,4
1,14,79,236,417,463,332,150,38,4
1,14,79,236,417,464,331,147,37,4
1,14,79,236,417,464,331,147,37,4
1,14,79,236,417,464,334,153,41,5
1,14,79,236,417,464,335,155,42,5
1,14,79,236,417,465,333,146,34,3
1,14,79,236,417,465,334,146,34,3
1,14,79,236,417,465,337,152,38,4
1,14,79,236,417,465,337,156,42,5
1,14,79,236,417,466,338,152,38,4
1,14,79,236,417,466,344,171,56,11,1
1,14,79,236,417,466,345,172,56,11,1
1,14,79,236,417,467,344,165,47,6
1,14,79,236,417,467,346,172,56,11,1
1,14,79,236,417,467,346,172,56,11,1
1,14,79,236,417,470,358,185,62,12,1
1,14,79,236,418,469,341,157,42,5
1,14,79,236,418,469,343,160,43,5
1,14,79,236,418,469,347,172,56,11,1
1,14,79,236,418,470,348,166,47,6
1,14,79,236,418,470,349,173,56,11,1
1,14,79,236,418,471,352,176,57,11,1
1,14,79,236,418,471,354,177,57,11,1
1,14,79,236,418,472,353,176,57,11,1
1,14,79,236,419,474,351,167,47,6
1,14,79,236,419,475,354,170,48,6
1,14,79,236,419,476,354,168,47,6
1,14,79,236,419,476,362,186,62,12,1
1,14,79,236,419,476,363,186,62,12,1
1,14,79,236,419,477,363,186,62,12,1
1,14,79,236,419,477,365,187,62,12,1
1,14,79,236,419,478,365,187,62,12,1
1,14,79,236,419,480,375,199,68,13,1
1,14,79,236,420,481,363,171,45,5
1,14,79,236,420,482,371,191,63,12,1
1,14,79,236,421,488,382,201,68,13,1
1,14,79,237,410,407,212,45,2
1,14,79,237,412,417,228,52
1,14,79,237,413,421,234,56,1
1,14,79,237,413,423,241,64,4
1,14,79,237,413,424,246,72,8
1,14,79,237,413,424,246,72,8
1,14,79,237,414,428,252,76,9
1,14,79,237,414,429,254,76,8
1,14,79,237,415,433,259,78,8
1,14,79,237,415,434,263,83,10
1,14,79,237,415,434,263,83,10
1,14,79,237,415,435,267,88,12
1,14,79,237,415,435,267,88,12
1,14,79,237,415,435,267,88,12
1,14,79,237,415,435,269,94,17,1
1,14,79,237,415,437,276,102,21,2
1,14,79,237,415,438,281,109,23,2
1,14,79,237,416,436,262,79,8
1,14,79,237,416,439,272,90,12
1,14,79,237,416,439,272,90,12
1,14,79,237,416,439,272,90,12
1,14,79,237,416,439,272,90,12
1,14,79,237,416,440,275,93,13
1,14,79,237,416,440,277,98,16
1,14,79,237,416,440,277,98,17,1
1,14,79,237,416,441,280,100,16
1,14,79,237,416,441,280,101,18,1
1,14,79,237,416,442,285,109,23,2
1,14,79,237,416,442,285,109,23,2
1,14,79,237,416,444,293,119,28,3
1,14,79,237,417,442,275,91,12
1,14,79,237,417,443,278,94,13
1,14,79,237,417,444,281,97,14
1,14,79,237,417,444,281,97,14
1,14,79,237,417,444,282,99,15
1,14,79,237,417,446,288,104,16
1,14,79,237,417,446,289,109,22,2
1,14,79,237,417,446,290,110,21,1
1,14,79,237,417,446,290,111,23,2
1,14,79,237,417,446,290,111,23,2
1,14,79,237,417,446,290,111,23,2
1,14,79,237,417,446,290,111,23,2
1,14,79,237,417,446,290,111,23,2
1,14,79,237,417,446,290,111,23,2
1,14,79,237,417,448,297,118,25,2
1,14,79,237,417,448,297,118,25,2
1,14,79,237,417,448,298,120,25,2
1,14,79,237,418,447,284,98,14
1,14,79,237,418,447,286,103,17
1,14,79,237,418,448,287,101,15
1,14,79,237,418,448,288,104,18,1
1,14,79,237,418,449,290,104,16
1,14,79,237,418,449,290,104,16
1,14,79,237,418,449,290,104,16
1,14,79,237,418,450,294,109,18
1,14,79,237,418,450,295,113,23,2
1,14,79,237,418,450,296,115,24,2
1,14,79,237,418,451,297,111,18
1,14,79,237,418,451,298,116,24,2
1,14,79,237,418,451,298,116,24,2
1,14,79,237,418,451,299,118,25,2
1,14,79,237,418,451,300,121,28,3
1,14,79,237,418,452,302,120,25,2
1,14,79,237,418,452,302,120,25,2
1,14,79,237,418,453,307,128,30,3
1,14,79,237,418,453,307,128,30,3
1,14,79,237,418,453,307,130,33,4
1,14,79,237,419,452,293,105,16
1,14,79,237,419,452,293,105,16
1,14,79,237,419,452,293,105,16
1,14,79,237,419,453,295,106,16
1,14,79,237,419,453,297,110,18
1,14,79,237,419,454,299,111,18
1,14,79,237,419,454,301,117,24,2
1,14,79,237,419,454,301,117,24,2
1,14,79,237,419,454,301,117,24,2
1,14,79,237,419,455,301,112,18
1,14,79,237,419,455,304,120,25,2
1,14,79,237,419,455,304,120,25,2
1,14,79,237,419,455,304,120,25,2
1,14,79,237,419,455,304,120,25,2
1,14,79,237,419,455,304,120,25,2
1,14,79,237,419,455,305,122,26,2
1,14,79,237,419,455,306,125,29,3
1,14,79,237,419,456,306,121,25,2
1,14,79,237,419,456,308,126,29,3
1,14,79,237,419,457,311,129,30,3
1,14,79,237,419,457,311,129,30,3
1,14,79,237,419,457,311,129,30,3
1,14,79,237,419,457,311,129,30,3
1,14,79,237,419,457,313,134,34,4
1,14,79,237,419,458,315,133,31,3
1,14,79,237,419,458,315,133,31,3
1,14,79,237,419,458,315,135,34,4
1,14,79,237,419,458,316,136,34,4
1,14,79,237,419,459,320,141,36,4
1,14,79,237,419,459,320,141,36,4
1,14,79,237,420,455,296,106,16
1,14,79,237,420,458,307,121,25,2
1,14,79,237,420,458,307,121,25,2
1,14,79,237,420,458,307,121,25,2
1,14,79,237,420,459,311,126,27,2
1,14,79,237,420,460,311,120,20
1,14,79,237,420,460,313,127,27,2
1,14,79,237,420,460,314,130,30,3
1,14,79,237,420,460,314,130,30,3
1,14,79,237,420,460,314,130,30,3
1,14,79,237,420,461,317,133,31,3
1,14,79,237,420,461,317,133,31,3
1,14,79,237,420,461,317,133,31,3
1,14,79,237,420,461,318,135,32,3
1,14,79,237,420,461,318,136,34,4
1,14,79,237,420,462,319,134,31,3
1,14,79,237,420,462,321,139,35,4
1,14,79,237,420,463,323,136,29,2
1,14,79,237,420,463,324,142,36,4
1,14,79,237,420,463,325,143,36,4
1,14,79,237,420,463,325,143,36,4
1,14,79,237,420,464,325,136,29,2
1,14,79,237,420,464,327,145,37,4
1,14,79,237,420,465,332,152,41,5
1,14,79,237,420,466,339,167,55,11,1
1,14,79,237,421,460,305,113,18
1,14,79,237,421,462,313,124,24,1
1,14,79,237,421,462,313,125,26,2
1,14,79,237,421,463,313,120,20
1,14,79,237,421,463,317,131,30,3
1,14,79,237,421,464,320,134,31,3
1,14,79,237,421,464,320,134,31,3
1,14,79,237,421,464,320,134,31,3
1,14,79,237,421,465,323,137,32,3
1,14,79,237,421,465,324,140,35,4
1,14,79,237,421,465,324,140,35,4
1,14,79,237,421,466,325,136,29,2
1,14,79,237,421,466,327,143,36,4
1,14,79,237,421,466,327,143,36,4
1,14,79,237,421,466,327,143,36,4
1,14,79,237,421,466,327,143,36,4
1,14,79,237,421,466,327,143,36,4
1,14,79,237,421,466,327,143,36,4
1,14,79,237,421,466,328,145,37,4
1,14,79,237,421,467,329,144,36,4
1,14,79,237,421,467,330,145,36,4
1,14,79,237,421,467,331,149,40,5
1,14,79,237,421,467,332,150,40,5
1,14,79,237,421,468,332,147,37,4
1,14,79,237,421,468,332,147,37,4
1,14,79,237,421,468,332,147,37,4
1,14,79,237,421,468,333,146,34,3
1,14,79,237,421,468,334,150,38,4
1,14,79,237,421,468,334,150,38,4
1,14,79,237,421,469,337,152,38,4
1,14,79,237,421,470,339,152,38,4
1,14,79,237,421,470,345,171,56,11,1
1,14,79,237,421,471,347,172,56,11,1
1,14,79,237,421,472,348,166,47,6
1,14,79,237,422,465,314,120,20
1,14,79,237,422,467,323,135,31,3
1,14,79,237,422,468,326,138,32,3
1,14,79,237,422,469,327,136,29,2
1,14,79,237,422,469,330,144,36,4
1,14,79,237,422,469,330,144,36,4
1,14,79,237,422,469,330,144,36,4
1,14,79,237,422,470,332,145,36,4
1,14,79,237,422,470,332,145,36,4
1,14,79,237,422,470,333,147,37,4
1,14,79,237,422,470,333,147,37,4
1,14,79,237,422,471,335,146,34,3
1,14,79,237,422,471,335,148,37,4
1,14,79,237,422,471,335,148,37,4
1,14,79,237,422,471,336,150,38,4
1,14,79,237,422,472,336,146,34,3
1,14,79,237,422,472,336,146,34,3
1,14,79,237,422,472,339,152,38,4
1,14,79,237,422,472,339,154,41,5
1,14,79,237,422,473,340,152,38,4
1,14,79,237,422,473,340,152,38,4
1,14,79,237,422,473,341,152,38,4
1,14,79,237,422,473,342,157,42,5
1,14,79,237,422,474,344,158,42,5
1,14,79,237,422,474,348,166,47,6
1,14,79,237,422,474,350,173,56,11,1
1,14,79,237,422,475,351,173,56,11,1
1,14,79,237,422,475,351,173,56,11,1
1,14,79,237,422,476,353,168,47,6
1,14,79,237,422,478,363,186,62,12,1
1,14,79,237,423,472,333,145,36,4
1,14,79,237,423,473,335,146,36,4
1,14,79,237,423,473,336,148,37,4
1,14,79,237,423,473,337,150,38,4
1,14,79,237,423,473,337,151,40,5
1,14,79,237,423,474,338,149,37,4
1,14,79,237,423,475,339,145,31,2
1,14,79,237,423,475,341,152,38,4
1,14,79,237,423,475,341,152,38,4
1,14,79,237,423,475,341,152,38,4
1,14,79,237,423,475,341,152,38,4
1,14,79,237,423,476,345,158,42,5
1,14,79,237,423,476,346,160,43,5
1,14,79,237,423,477,344,153,38,4
1,14,79,237,423,477,348,161,43,5
1,14,79,237,423,477,352,173,56,11,1
1,14,79,237,423,478,350,162,43,5
1,14,79,237,423,478,352,167,47,6
1,14,79,237,423,478,356,177,57,11,1
1,14,79,237,423,479,353,161,40,4
1,14,79,237,423,479,354,168,47,6
1,14,79,237,423,479,354,168,47,6
1,14,79,237,423,479,355,168,47,6
1,14,79,237,423,479,355,170,48,6
1,14,79,237,423,479,357,177,57,11,1
1,14,79,237,423,479,357,177,57,11,1
1,14,79,237,423,479,357,177,57,11,1
1,14,79,237,423,480,363,186,62,12,1
1,14,79,237,423,481,365,187,62,12,1
1,14,79,237,423,483,371,191,63,12,1
1,14,79,237,424,476,339,149,37,4
1,14,79,237,424,477,340,145,31,2
1,14,79,237,424,477,342,152,38,4
1,14,79,237,424,480,351,162,43,5
1,14,79,237,424,480,353,165,44,5
1,14,79,237,424,481,353,161,40,4
1,14,79,237,424,481,355,168,47,6
1,14,79,237,424,481,358,177,57,11,1
1,14,79,237,424,482,355,161,40,4
1,14,79,237,424,482,360,178,57,11,1
1,14,79,237,424,482,360,178,57,11,1
1,14,79,237,424,483,358,169,47,6
1,14,79,237,424,484,367,187,62,12,1
1,14,79,237,424,485,364,171,45,5
1,14,79,237,424,485,366,182,58,11,1
1,14,79,237,424,485,367,177,49,6
1,14,79,237,424,486,372,191,63,12,1
1,14,79,237,424,486,373,191,63,12,1
1,14,79,237,425,484,355,161,40,4
1,14,79,237,425,484,358,169,47,6
1,14,79,237,425,485,361,172,48,6
1,14,79,237,425,486,363,171,45,5
1,14,79,237,425,486,364,175,49,6
1,14,79,237,425,487,364,171,45,5
1,14,79,237,425,487,364,173,48,6
1,14,79,237,425,487,370,188,62,12,1
1,14,79,237,425,488,365,171,45,5
1,14,79,237,425,488,369,177,49,6
1,14,79,237,425,488,373,191,63,12,1
1,14,79,237,425,489,375,192,63,12,1
1,14,79,237,425,490,373,181,50,6
1,14,79,237,425,490,376,192,63,12,1
1,14,79,237,425,490,376,192,63,12,1
1,14,79,237,425,491,382,201,68,13,1
1,14,79,237,425,492,383,197,64,12,1
1,14,79,237,425,494,396,221,83,19,2
1,14,79,237,426,491,370,177,49,6
1,14,79,237,426,491,376,192,63,12,1
1,14,79,237,426,493,375,181,50,6
1,14,79,237,426,493,381,196,64,12,1
1,14,79,237,426,494,376,181,50,6
1,14,79,237,426,494,384,197,64,12,1
1,14,79,237,426,494,386,202,68,13,1
1,14,79,237,426,495,384,197,64,12,1
1,14,79,237,426,497,393,207,69,13,1
1,14,79,237,426,497,398,221,83,19,2
1,14,79,237,427,497,383,186,51,6
1,14,79,237,427,498,389,203,68,13,1
1,14,79,237,427,499,392,206,69,13,1
1,14,79,237,427,501,395,207,69,13,1
1,14,79,237,427,503,406,226,84,19,2
1,14,79,237,428,503,393,196,56,7
1,14,79,237,428,504,399,206,66,12,1
1,14,79,237,428,505,407,226,84,19,2
1,14,79,237,428,506,409,227,84,19,2
1,14,79,237,428,508,416,236,89,20,2
1,14,79,237,429,510,409,216,71,13,1
1,14,79,237,429,512,416,231,85,19,2
1,14,79,237,429,512,420,237,89,20,2
1,14,79,237,430,517,426,241,90,20,2
1,14,79,238,418,431,244,61,2
1,14,79,238,419,438,262,81,10
1,14,79,238,419,438,262,81,10
1,14,79,238,420,442,266,80,8
1,14,79,238,421,446,272,84,9
1,14,79,238,421,448,279,92,12
1,14,79,238,421,448,279,92,12
1,14,79,238,422,452,285,96,13
1,14,79,238,422,453,288,99,14
1,14,79,238,422,453,289,102,17,1
1,14,79,238,422,453,290,104,17
1,14,79,238,422,455,297,113,23,2
1,14,79,238,422,455,297,113,23,2
1,14,79,238,422,455,297,113,23,2
1,14,79,238,423,457,294,103,15
1,14,79,238,423,458,297,106,16
1,14,79,238,423,458,297,106,16
1,14,79,238,423,458,297,106,16
1,14,79,238,423,459,301,111,18
1,14,79,238,423,459,303,117,24,2
1,14,79,238,423,460,306,120,25,2
1,14,79,238,423,460,306,120,25,2
1,14,79,238,423,461,310,125,27,2
1,14,79,238,423,465,328,154,49,10,1
1,14,79,238,424,461,300,107,16
1,14,79,238,424,461,300,107,16
1,14,79,238,424,463,306,113,18
1,14,79,238,424,463,308,119,24,2
1,14,79,238,424,464,311,122,25,2
1,14,79,238,424,464,311,122,25,2
1,14,79,238,424,464,311,122,25,2
1,14,79,238,424,464,311,122,25,2
1,14,79,238,424,465,314,125,26,2
1,14,79,238,424,465,315,127,27,2
1,14,79,238,424,465,316,130,30,3
1,14,79,238,424,466,319,133,31,3
1,14,79,238,424,468,327,143,36,4
1,14,79,238,424,468,327,143,36,4
1,14,79,238,425,465,306,111,17
1,14,79,238,425,466,309,114,18
1,14,79,238,425,467,314,123,25,2
1,14,79,238,425,468,315,120,20
1,14,79,238,425,468,317,125,24,1
1,14,79,238,425,468,317,126,26,2
1,14,79,238,425,469,321,132,30,3
1,14,79,238,425,470,324,135,31,3
1,14,79,238,425,470,324,135,31,3
1,14,79,238,425,470,324,135,31,3
1,14,79,238,425,470,325,137,32,3
1,14,79,238,425,471,327,138,32,3
1,14,79,238,425,471,329,143,36,4
1,14,79,238,425,471,329,143,36,4
1,14,79,238,425,472,332,145,36,4
1,14,79,238,426,471,318,121,20
1,14,79,238,426,473,327,136,31,3
1,14,79,238,426,474,329,136,29,2
1,14,79,238,426,474,330,139,32,3
1,14,79,238,426,475,331,137,29,2
1,14,79,238,426,475,334,145,36,4
1,14,79,238,426,475,334,145,36,4
1,14,79,238,426,475,334,145,36,4
1,14,79,238,426,475,334,145,36,4
1,14,79,238,426,475,336,150,40,5
1,14,79,238,426,476,337,146,34,3
1,14,79,238,426,476,337,148,37,4
1,14,79,238,426,476,338,150,38,4
1,14,79,238,426,477,341,152,38,4
1,14,79,238,426,477,341,152,38,4
1,14,79,238,426,477,342,155,41,5
1,14,79,238,427,474,321,122,20
1,14,79,238,427,477,332,137,29,2
1,14,79,238,427,477,333,140,32,3
1,14,79,238,427,478,337,146,36,4
1,14,79,238,427,478,337,146,36,4
1,14,79,238,427,478,338,148,37,4
1,14,79,238,427,479,339,146,34,3
1,14,79,238,427,479,339,147,36,4
1,14,79,238,427,479,340,149,37,4
1,14,79,238,427,479,340,149,37,4
1,14,79,238,427,479,340,149,37,4
1,14,79,238,427,479,340,149,37,4
1,14,79,238,427,480,341,145,31,2
1,14,79,238,427,480,341,147,34,3
1,14,79,238,427,480,343,152,38,4
1,14,79,238,427,480,343,152,38,4
1,14,79,238,427,480,343,152,38,4
1,14,79,238,427,480,343,152,38,4
1,14,79,238,427,480,343,152,38,4
1,14,79,238,427,481,345,153,38,4
1,14,79,238,427,483,353,161,40,4
1,14,79,238,427,483,355,168,47,6
1,14,79,238,427,483,356,174,56,11,1
1,14,79,238,428,481,340,147,36,4
1,14,79,238,428,482,343,150,37,4
1,14,79,238,428,483,346,153,38,4
1,14,79,238,428,483,346,153,38,4
1,14,79,238,428,483,346,153,38,4
1,14,79,238,428,483,347,156,41,5
1,14,79,238,428,484,348,154,38,4
1,14,79,238,428,484,348,154,38,4
1,14,79,238,428,484,350,159,42,5
1,14,79,238,428,486,355,161,40,4
1,14,79,238,428,486,357,166,44,5
1,14,79,238,428,487,359,169,47,6
1,14,79,238,428,487,362,178,57,11,1
1,14,79,238,428,488,362,172,48,6
1,14,79,238,428,488,364,179,57,11,1
1,14,79,238,428,489,370,188,62,12,1
1,14,79,238,428,490,369,177,49,6
1,14,79,238,428,490,373,191,63,12,1
1,14,79,238,429,485,344,145,31,2
1,14,79,238,429,486,349,154,38,4
1,14,79,238,429,486,349,154,38,4
1,14,79,238,429,486,349,154,38,4
1,14,79,238,429,487,353,160,42,5
1,14,79,238,429,488,356,163,43,5
1,14,79,238,429,488,357,165,44,5
1,14,79,238,429,489,357,161,40,4
1,14,79,238,429,489,357,161,40,4
1,14,79,238,429,489,357,161,40,4
1,14,79,238,429,489,360,169,47,6
1,14,79,238,429,490,362,170,47,6
1,14,79,238,429,490,362,170,47,6
1,14,79,238,429,490,365,179,57,11,1
1,14,79,238,429,491,365,171,45,5
1,14,79,238,429,491,365,171,45,5
1,14,79,238,429,491,365,173,48,6
1,14,79,238,429,491,366,175,49,6
1,14,79,238,429,492,366,171,45,5
1,14,79,238,429,492,366,171,45,5
1,14,79,238,429,492,370,183,58,11,1
1,14,79,238,429,493,371,177,49,6
1,14,79,238,429,494,377,192,63,12,1
1,14,79,238,429,494,377,192,63,12,1
1,14,79,238,429,496,384,197,64,12,1
1,14,79,238,429,499,398,221,83,19,2
1,14,79,238,430,490,355,158,39,4
1,14,79,238,430,491,358,161,40,4
1,14,79,238,430,492,360,162,40,4
1,14,79,238,430,492,362,167,44,5
1,14,79,238,430,494,367,171,45,5
1,14,79,238,430,494,367,171,45,5
1,14,79,238,430,494,368,174,48,6
1,14,79,238,430,494,371,183,58,11,1
1,14,79,238,430,495,371,177,49,6
1,14,79,238,430,495,371,177,49,6
1,14,79,238,430,495,371,177,49,6
1,14,79,238,430,496,378,192,63,12,1
1,14,79,238,430,497,376,181,50,6
1,14,79,238,430,497,376,181,50,6
1,14,79,238,430,497,380,193,63,12,1
1,14,79,238,430,497,380,193,63,12,1
1,14,79,238,430,498,383,196,64,12,1
1,14,79,238,430,498,384,197,64,12,1
1,14,79,238,430,498,386,202,68,13,1
1,14,79,238,430,500,389,203,68,13,1
1,14,79,238,431,494,361,162,40,4
1,14,79,238,431,496,368,171,45,5
1,14,79,238,431,496,369,174,48,6
1,14,79,238,431,497,372,177,49,6
1,14,79,238,431,498,374,178,49,6
1,14,79,238,431,498,374,178,49,6
1,14,79,238,431,499,377,181,50,6
1,14,79,238,431,500,383,194,63,12,1
1,14,79,238,431,501,380,182,50,6
1,14,79,238,431,501,383,186,51,6
1,14,79,238,431,501,386,197,64,12,1
1,14,79,238,431,501,386,197,64,12,1
1,14,79,238,431,502,385,186,51,6
1,14,79,238,431,503,389,198,64,12,1
1,14,79,238,431,503,393,206,69,13,1
1,14,79,238,431,504,395,207,69,13,1
1,14,79,238,431,504,396,207,69,13,1
1,14,79,238,431,508,412,230,85,19,2
1,14,79,238,432,502,384,194,63,12,1
1,14,79,238,432,503,384,186,51,6
1,14,79,238,432,503,387,197,64,12,1
1,14,79,238,432,504,385,186,51,6
1,14,79,238,432,504,385,186,51,6
1,14,79,238,432,504,389,198,64,12,1
1,14,79,238,432,505,393,204,68,13,1
1,14,79,238,432,507,394,196,56,7
1,14,79,238,432,508,399,206,66,12,1
1,14,79,238,432,508,399,208,69,13,1
1,14,79,238,432,508,399,208,69,13,1
1,14,79,238,432,509,408,226,84,19,2
1,14,79,238,432,510,410,227,84,19,2
1,14,79,238,433,506,386,186,51,6
1,14,79,238,433,506,390,198,64,12,1
1,14,79,238,433,509,395,196,56,7
1,14,79,238,433,509,399,208,69,13,1
1,14,79,238,433,510,396,196,56,7
1,14,79,238,433,510,400,206,66,12,1
1,14,79,238,433,510,402,211,70,13,1
1,14,79,238,433,512,411,227,84,19,2
1,14,79,238,433,513,409,216,71,13,1
1,14,79,238,433,514,410,216,71,13,1
1,14,79,238,433,515,417,231,85,19,2
1,14,79,238,433,515,417,231,85,19,2
1,14,79,238,433,515,419,232,85,19,2
1,14,79,238,433,515,420,237,89,20,2
1,14,79,238,434,515,410,216,71,13,1
1,14,79,238,434,516,411,216,71,13,1
1,14,79,238,434,518,420,232,85,19,2
1,14,79,238,434,519,424,238,89,20,2
1,14,79,238,434,520,427,241,90,20,2
1,14,79,238,435,519,413,211,62,8
1,14,79,238,435,520,419,221,72,13,1
1,14,79,238,435,521,423,233,85,19,2
1,14,79,238,435,523,430,242,90,20,2
1,14,79,238,435,523,430,242,90,20,2
1,14,79,238,435,525,435,246,91,20,2
1,14,79,238,435,526,436,246,91,20,2
1,14,79,238,436,526,429,231,77,14,1
1,14,79,238,436,530,439,247,91,20,2
1,14,79,238,437,533,445,251,92,20,2
1,14,79,238,438,539,455,261,97,21,2
1,14,79,239,425,453,282,96,16,1
1,14,79,239,427,462,295,101,14
1,14,79,239,427,463,300,109,18
1,14,79,239,428,467,304,108,16
1,14,79,239,428,469,313,122,25,2
1,14,79,239,428,469,313,122,25,2
1,14,79,239,429,471,310,112,17
1,14,79,239,429,472,313,115,18
1,14,79,239,429,473,317,120,20
1,14,79,239,429,473,318,124,25,2
1,14,79,239,430,477,324,128,26,2
1,14,79,239,430,479,331,137,31,3
1,14,79,239,430,480,336,145,36,4
1,14,79,239,430,481,339,145,31,2
1,14,79,239,431,480,325,123,20
1,14,79,239,431,483,337,141,32,3
1,14,79,239,431,483,337,141,32,3
1,14,79,239,431,484,341,146,34,3
1,14,79,239,431,484,341,147,36,4
1,14,79,239,431,484,341,147,36,4
1,14,79,239,431,484,342,149,37,4
1,14,79,239,431,484,342,149,37,4
1,14,79,239,431,485,344,150,37,4
1,14,79,239,431,485,345,152,38,4
1,14,79,239,431,489,362,178,57,11,1
1,14,79,239,432,487,343,145,33,3
1,14,79,239,432,488,346,148,34,3
1,14,79,239,432,489,350,154,38,4
1,14,79,239,432,489,350,154,38,4
1,14,79,239,432,489,350,154,38,4
1,14,79,239,432,489,350,154,38,4
1,14,79,239,432,489,350,154,38,4
1,14,79,239,432,491,357,161,40,4
1,14,79,239,432,491,357,163,43,5
1,14,79,239,432,492,362,170,47,6
1,14,79,239,433,491,348,146,31,2
1,14,79,239,433,491,350,152,37,4
1,14,79,239,433,492,353,155,38,4
1,14,79,239,433,492,353,155,38,4
1,14,79,239,433,492,353,155,38,4
1,14,79,239,433,494,359,161,40,4
1,14,79,239,433,494,360,164,43,5
1,14,79,239,433,495,364,170,47,6
1,14,79,239,433,495,364,170,47,6
1,14,79,239,433,496,367,171,45,5
1,14,79,239,434,496,359,159,39,4
1,14,79,239,434,496,359,159,39,4
1,14,79,239,434,497,362,162,40,4
1,14,79,239,434,497,363,165,43,5
1,14,79,239,434,498,366,168,44,5
1,14,79,239,434,498,367,171,47,6
1,14,79,239,434,499,369,171,45,5
1,14,79,239,434,500,373,177,49,6
1,14,79,239,434,500,375,184,58,11,1
1,14,79,239,434,501,375,178,49,6
1,14,79,239,434,502,382,193,63,12,1
1,14,79,239,434,502,382,193,63,12,1
1,14,79,239,434,503,386,197,64,12,1
1,14,79,239,435,500,365,163,40,4
1,14,79,239,435,500,365,163,40,4
1,14,79,239,435,502,372,172,45,5
1,14,79,239,435,503,376,178,49,6
1,14,79,239,435,504,378,179,49,6
1,14,79,239,435,504,379,181,50,6
1,14,79,239,435,504,379,181,50,6
1,14,79,239,435,505,381,182,50,6
1,14,79,239,435,505,385,194,63,12,1
1,14,79,239,435,506,385,186,51,6
1,14,79,239,435,506,388,197,64,12,1
1,14,79,239,435,507,390,198,64,12,1
1,14,79,239,435,507,390,198,64,12,1
1,14,79,239,435,507,390,198,64,12,1
1,14,79,239,435,508,396,207,69,13,1
1,14,79,239,436,505,375,173,45,5
1,14,79,239,436,506,379,179,49,6
1,14,79,239,436,506,379,179,49,6
1,14,79,239,436,508,384,183,50,6
1,14,79,239,436,509,387,186,51,6
1,14,79,239,436,509,387,186,51,6
1,14,79,239,436,509,391,198,64,12,1
1,14,79,239,436,509,391,198,64,12,1
1,14,79,239,436,509,391,198,64,12,1
1,14,79,239,436,510,393,199,64,12,1
1,14,79,239,436,511,396,200,60,8
1,14,79,239,436,512,396,196,56,7
1,14,79,239,436,512,400,206,66,12,1
1,14,79,239,436,512,400,208,69,13,1
1,14,79,239,436,515,412,227,84,19,2
1,14,79,239,436,517,419,232,85,19,2
1,14,79,239,437,511,388,186,51,6
1,14,79,239,437,511,388,186,51,6
1,14,79,239,437,512,390,187,51,6
1,14,79,239,437,512,394,199,64,12,1
1,14,79,239,437,512,394,199,64,12,1
1,14,79,239,437,512,394,199,64,12,1
1,14,79,239,437,514,397,196,56,7
1,14,79,239,437,514,397,196,56,7
1,14,79,239,437,514,401,208,69,13,1
1,14,79,239,437,515,401,202,60,8
1,14,79,239,437,515,403,209,69,13,1
1,14,79,239,437,516,406,212,70,13,1
1,14,79,239,437,518,411,216,71,13,1
1,14,79,239,437,519,418,231,85,19,2
1,14,79,239,437,521,424,238,89,20,2
1,14,79,239,438,514,391,187,51,6
1,14,79,239,438,516,398,196,56,7
1,14,79,239,438,516,400,203,65,12,1
1,14,79,239,438,518,405,207,66,12,1
1,14,79,239,438,518,407,212,70,13,1
1,14,79,239,438,520,412,216,71,13,1
1,14,79,239,438,520,412,216,71,13,1
1,14,79,239,438,521,413,211,62,8
1,14,79,239,438,522,415,217,71,13,1
1,14,79,239,438,522,421,232,85,19,2
1,14,79,239,438,522,421,232,85,19,2
1,14,79,239,439,520,406,205,61,8
1,14,79,239,439,521,410,213,70,13,1
1,14,79,239,439,522,408,204,60,8
1,14,79,239,439,523,415,217,71,13,1
1,14,79,239,439,524,415,211,62,8
1,14,79,239,439,524,419,221,72,13,1
1,14,79,239,439,525,424,233,85,19,2
1,14,79,239,439,527,431,242,90,20,2
1,14,79,239,439,529,436,246,91,20,2
1,14,79,239,439,530,437,246,91,20,2
1,14,79,239,439,531,444,255,96,21,2
1,14,79,239,440,523,408,204,60,8
1,14,79,239,440,525,416,217,71,13,1
1,14,79,239,440,526,416,211,62,8
1,14,79,239,440,527,417,211,62,8
1,14,79,239,440,527,421,221,72,13,1
1,14,79,239,440,530,430,231,77,14,1
1,14,79,239,440,530,434,243,90,20,2
1,14,79,239,440,531,431,231,77,14,1
1,14,79,239,440,533,440,247,91,20,2
1,14,79,239,440,533,440,247,91,20,2
1,14,79,239,440,533,440,247,91,20,2
1,14,79,239,440,535,447,256,96,21,2
1,14,79,239,440,535,449,257,96,21,2
1,14,79,239,441,528,417,211,62,8
1,14,79,239,441,531,431,237,86,19,2
1,14,79,239,441,532,431,231,77,14,1
1,14,79,239,441,534,440,247,91,20,2
1,14,79,239,441,536,445,251,92,20,2
1,14,79,239,441,537,446,251,92,20,2
1,14,79,239,441,540,455,261,97,21,2
1,14,79,239,442,535,433,226,68,9
1,14,79,239,442,540,449,252,92,20,2
1,14,79,239,442,540,451,257,96,21,2
1,14,79,239,442,540,451,257,96,21,2
1,14,79,239,442,542,456,261,97,21,2
1,14,79,239,443,543,454,258,96,21,2
1,14,79,239,443,544,457,261,97,21,2
1,14,79,239,443,547,460,262,97,21,2
1,14,79,239,443,552,481,291,117,28,3
1,14,79,239,444,549,465,266,98,21,2
1,14,79,239,444,549,465,266,98,21,2
1,14,79,239,445,558,485,292,117,28,3
1,14,79,239,446,562,491,296,118,28,3
1,14,79,239,447,573,526,351,168,55,11,1
1,14,79,240,430,457,267,66
1,14,79,240,433,478,320,124,24,1
1,14,79,240,434,480,316,112,16
1,14,79,240,434,481,320,117,18
1,14,79,240,434,484,333,137,31,3
1,14,79,240,435,483,319,113,16
1,14,79,240,435,486,329,124,20
1,14,79,240,436,493,347,145,31,2
1,14,79,240,436,493,347,146,33,3
1,14,79,240,436,494,352,154,38,4
1,14,79,240,436,494,352,154,38,4
1,14,79,240,437,497,354,153,37,4
1,14,79,240,437,498,357,156,38,4
1,14,79,240,437,498,357,156,38,4
1,14,79,240,438,500,352,140,24
1,14,79,240,438,502,363,160,39,4
1,14,79,240,438,503,366,163,40,4
1,14,79,240,438,503,366,163,40,4
1,14,79,240,438,504,369,165,40,4
1,14,79,240,438,504,371,171,45,5
1,14,79,240,438,504,371,172,47,6
1,14,79,240,439,502,353,140,24
1,14,79,240,439,506,369,164,40,4
1,14,79,240,439,507,371,165,40,4
1,14,79,240,439,507,373,170,44,5
1,14,79,240,439,508,377,176,48,6
1,14,79,240,439,509,380,179,49,6
1,14,79,240,439,511,387,186,51,6
1,14,79,240,439,511,387,186,51,6
1,14,79,240,439,511,389,195,63,12,1
1,14,79,240,439,513,397,205,68,13,1
1,14,79,240,440,511,379,174,45,5
1,14,79,240,440,512,383,180,49,6
1,14,79,240,440,513,386,183,50,6
1,14,79,240,440,513,386,183,50,6
1,14,79,240,440,514,389,186,51,6
1,14,79,240,440,515,395,199,64,12,1
1,14,79,240,440,515,395,199,64,12,1
1,14,79,240,440,515,395,199,64,12,1
1,14,79,240,440,515,395,199,64,12,1
1,14,79,240,441,519,399,196,56,7
1,14,79,240,441,519,401,203,65,12,1
1,14,79,240,441,521,406,207,66,12,1
1,14,79,240,441,522,410,213,70,13,1
1,14,79,240,442,520,395,188,51,6
1,14,79,240,442,521,394,181,44,4
1,14,79,240,442,522,404,204,65,12,1
1,14,79,240,442,523,407,205,61,8
1,14,79,240,442,523,408,210,69,13,1
1,14,79,240,442,524,408,204,60,8
1,14,79,240,442,525,408,197,53,6
1,14,79,240,442,526,416,217,71,13,1
1,14,79,240,442,527,423,232,85,19,2
1,14,79,240,442,528,425,233,85,19,2
1,14,79,240,443,523,395,181,44,4
1,14,79,240,443,526,409,204,60,8
1,14,79,240,443,527,408,197,53,6
1,14,79,240,443,528,409,197,53,6
1,14,79,240,443,528,417,217,71,13,1
1,14,79,240,443,529,417,211,62,8
1,14,79,240,443,531,428,234,85,19,2
1,14,79,240,443,532,427,223,72,13,1
1,14,79,240,444,531,418,211,62,8
1,14,79,240,444,531,418,211,62,8
1,14,79,240,444,531,420,218,71,13,1
1,14,79,240,444,533,425,222,72,13,1
1,14,79,240,444,534,432,237,86,19,2
1,14,79,240,444,535,432,231,77,14,1
1,14,79,240,444,537,441,247,91,20,2
1,14,79,240,444,539,446,251,92,20,2
1,14,79,240,444,540,451,257,96,21,2
1,14,79,240,445,533,418,209,61,8
1,14,79,240,445,537,435,238,86,19,2
1,14,79,240,445,538,434,226,68,9
1,14,79,240,445,539,442,247,91,20,2
1,14,79,240,445,540,444,248,91,20,2
1,14,79,240,445,540,444,248,91,20,2
1,14,79,240,445,542,451,257,96,21,2
1,14,79,240,445,542,451,257,96,21,2
1,14,79,240,446,537,424,213,62,8
1,14,79,240,446,540,436,232,77,14,1
1,14,79,240,446,542,445,248,91,20,2
1,14,79,240,446,543,438,222,64,8
1,14,79,240,446,544,450,252,92,20,2
1,14,79,240,446,545,454,258,96,21,2
1,14,79,240,446,546,457,261,97,21,2
1,14,79,240,446,548,460,262,97,21,2
1,14,79,240,446,548,460,262,97,21,2
1,14,79,240,447,543,437,226,68,9
1,14,79,240,447,545,438,222,64,8
1,14,79,240,447,546,451,252,92,20,2
1,14,79,240,447,549,448,232,69,9
1,14,79,240,447,549,453,242,79,14,1
1,14,79,240,447,549,458,259,96,21,2
1,14,79,240,447,550,453,242,79,14,1
1,14,79,240,447,551,465,266,98,21,2
1,14,79,240,447,551,465,266,98,21,2
1,14,79,240,448,550,458,259,96,21,2
1,14,79,240,448,551,461,262,97,21,2
1,14,79,240,448,553,464,263,97,21,2
1,14,79,240,448,553,466,266,98,21,2
1,14,79,240,448,554,467,266,98,21,2
1,14,79,240,448,555,469,267,98,21,2
1,14,79,240,448,559,485,292,117,28,3
1,14,79,240,449,554,464,263,97,21,2
1,14,79,240,449,555,467,266,98,21,2
1,14,79,240,449,557,470,267,98,21,2
1,14,79,240,449,563,491,296,118,28,3
1,14,79,240,450,558,470,267,98,21,2
1,14,79,240,450,564,489,293,117,28,3
1,14,79,240,451,565,485,281,104,22,2
1,14,79,240,451,568,483,267,90,16,1
1,14,79,240,451,568,495,297,118,28,3
1,14,79,240,451,576,527,351,168,55,11,1
1,14,79,240,452,572,501,301,119,28,3
1,14,79,240,453,588,546,366,174,56,11,1
1,14,79,240,454,590,547,366,174,56,11,1
1,14,79,240,455,593,550,367,174,56,11,1
1,14,79,241,435,467,277,71,1
1,14,79,241,439,489,323,114,16
1,14,79,241,439,489,323,114,16
1,14,79,241,442,505,354,140,24
1,14,79,241,442,509,372,169,44,5
1,14,79,241,443,508,357,141,24
1,14,79,241,443,512,373,165,40,4
1,14,79,241,443,512,373,165,40,4
1,14,79,241,443,512,373,165,40,4
1,14,79,241,444,515,376,166,40,4
1,14,79,241,444,516,379,169,41,4
1,14,79,241,444,517,383,175,45,5
1,14,79,241,444,518,387,181,49,6
1,14,79,241,445,522,393,185,50,6
1,14,79,241,445,523,394,181,44,4
1,14,79,241,445,523,396,188,51,6
1,14,79,241,445,525,405,204,65,12,1
1,14,79,241,446,526,396,181,44,4
1,14,79,241,446,526,399,189,51,6
1,14,79,241,446,528,408,205,65,12,1
1,14,79,241,446,529,408,197,53,6
1,14,79,241,446,529,412,211,69,13,1
1,14,79,241,446,532,422,221,72,13,1
1,14,79,241,447,528,397,181,44,4
1,14,79,241,447,532,410,197,53,6
1,14,79,241,447,532,410,197,53,6
1,14,79,241,447,532,410,197,53,6
1,14,79,241,447,533,415,206,60,8
1,14,79,241,447,533,418,215,70,13,1
1,14,79,241,447,534,419,211,62,8
1,14,79,241,447,534,421,218,71,13,1
1,14,79,241,447,536,427,223,72,13,1
1,14,79,241,448,534,411,197,53,6
1,14,79,241,448,536,419,209,61,8
1,14,79,241,448,537,424,219,71,13,1
1,14,79,241,448,538,427,222,72,13,1
1,14,79,241,448,539,429,223,72,13,1
1,14,79,241,448,540,436,238,86,19,2
1,14,79,241,448,541,436,232,77,14,1
1,14,79,241,448,543,445,248,91,20,2
1,14,79,241,449,538,419,207,60,8
1,14,79,241,449,540,425,213,62,8
1,14,79,241,449,543,437,232,77,14,1
1,14,79,241,449,543,439,239,86,19,2
1,14,79,241,449,545,438,222,64,8
1,14,79,241,449,545,446,248,91,20,2
1,14,79,241,450,546,438,226,68,9
1,14,79,241,450,547,438,222,64,8
1,14,79,241,450,547,438,222,64,8
1,14,79,241,450,548,449,249,91,20,2
1,14,79,241,450,550,454,253,92,20,2
1,14,79,241,450,551,453,242,79,14,1
1,14,79,241,450,551,458,259,96,21,2
1,14,79,241,451,549,439,222,64,8
1,14,79,241,451,550,440,222,64,8
1,14,79,241,451,552,448,232,69,9
1,14,79,241,451,552,455,253,92,20,2
1,14,79,241,451,552,455,253,92,20,2
1,14,79,241,451,552,455,253,92,20,2
1,14,79,241,451,553,449,232,69,9
1,14,79,241,451,553,453,242,79,14,1
1,14,79,241,451,554,454,242,79,14,1
1,14,79,241,451,554,462,262,97,21,2
1,14,79,241,451,555,464,263,97,21,2
1,14,79,241,451,556,467,266,98,21,2
1,14,79,241,451,558,472,268,98,21,2
1,14,79,241,452,551,440,222,64,8
1,14,79,241,452,555,454,242,79,14,1
1,14,79,241,452,557,465,263,97,21,2
1,14,79,241,452,557,465,263,97,21,2
1,14,79,241,452,559,470,267,98,21,2
1,14,79,241,452,561,473,268,98,21,2
1,14,79,241,453,560,468,264,97,21,2
1,14,79,241,453,561,471,267,98,21,2
1,14,79,241,453,563,468,247,75,10
1,14,79,241,453,563,474,268,98,21,2
1,14,79,241,453,566,489,293,117,28,3
1,14,79,241,453,569,495,297,118,28,3
1,14,79,241,454,564,474,268,98,21,2
1,14,79,241,454,564,474,268,98,21,2
1,14,79,241,454,564,474,268,98,21,2
1,14,79,241,454,565,468,247,75,10
1,14,79,241,454,568,486,281,104,22,2
1,14,79,241,454,570,488,277,100,21,2
1,14,79,241,454,579,528,351,168,55,11,1
1,14,79,241,455,566,468,247,75,10
1,14,79,241,455,570,487,281,104,22,2
1,14,79,241,455,571,483,267,90,16,1
1,14,79,241,455,572,488,277,100,21,2
1,14,79,241,455,574,499,298,118,28,3
1,14,79,241,455,574,501,301,119,28,3
1,14,79,241,455,576,498,287,105,22,2
1,14,79,241,456,573,490,282,104,22,2
1,14,79,241,456,574,489,277,100,21,2
1,14,79,241,456,575,499,298,118,28,3
1,14,79,241,456,577,498,287,105,22,2
1,14,79,241,456,578,505,302,119,28,3
1,14,79,241,456,579,499,287,105,22,2
1,14,79,241,456,582,513,307,120,28,3
1,14,79,241,457,579,505,302,119,28,3
1,14,79,241,457,585,514,307,120,28,3
1,14,79,241,457,591,547,366,174,56,11,1
1,14,79,241,458,583,503,282,96,17,1
1,14,79,241,458,594,550,367,174,56,11,1
1,14,79,241,459,590,518,302,111,23,2
1,14,79,241,459,596,551,367,174,56,11,1
1,14,79,241,460,597,533,322,126,29,3
1,14,79,242,444,499,333,119,17
1,14,79,242,447,514,361,142,24
1,14,79,242,448,521,380,167,40,4
1,14,79,242,448,521,380,167,40,4
1,14,79,242,450,531,398,181,44,4
1,14,79,242,451,534,401,182,44,4
1,14,79,242,451,537,412,197,53,6
1,14,79,242,451,537,412,197,53,6
1,14,79,242,451,538,417,206,60,8
1,14,79,242,451,539,421,211,62,8
1,14,79,242,451,540,425,219,71,13,1
1,14,79,242,452,540,415,198,53,6
1,14,79,242,452,541,420,207,60,8
1,14,79,242,452,544,431,223,72,13,1
1,14,79,242,453,547,434,224,72,13,1
1,14,79,242,453,547,434,224,72,13,1
1,14,79,242,453,550,446,243,87,19,2
1,14,79,242,454,552,440,222,64,8
1,14,79,242,454,552,440,222,64,8
1,14,79,242,454,555,453,242,79,14,1
1,14,79,242,454,556,460,259,96,21,2
1,14,79,242,455,554,441,222,64,8
1,14,79,242,455,554,441,222,64,8
1,14,79,242,455,557,450,232,69,9
1,14,79,242,455,558,455,242,79,14,1
1,14,79,242,455,558,459,254,92,20,2
1,14,79,242,455,560,466,263,97,21,2
1,14,79,242,455,562,471,267,98,21,2
1,14,79,242,456,557,444,223,64,8
1,14,79,242,456,560,456,242,79,14,1
1,14,79,242,456,565,474,268,98,21,2
1,14,79,242,456,565,474,268,98,21,2
1,14,79,242,456,565,474,268,98,21,2
1,14,79,242,457,567,468,247,75,10
1,14,79,242,457,567,475,268,98,21,2
1,14,79,242,457,567,475,268,98,21,2
1,14,79,242,457,572,488,277,100,21,2
1,14,79,242,458,569,469,247,75,10
1,14,79,242,458,570,478,269,98,21,2
1,14,79,242,458,573,483,267,90,16,1
1,14,79,242,458,574,484,267,90,16,1
1,14,79,242,458,574,494,294,117,28,3
1,14,79,242,459,571,470,247,75,10
1,14,79,242,459,575,484,267,90,16,1
1,14,79,242,459,576,489,277,100,21,2
1,14,79,242,459,576,491,282,104,22,2
1,14,79,242,459,577,490,277,100,21,2
1,14,79,242,459,579,498,287,105,22,2
1,14,79,242,459,580,499,287,105,22,2
1,14,79,242,460,578,490,277,100,21,2
1,14,79,242,460,582,500,287,105,22,2
1,14,79,242,460,586,514,307,120,28,3
1,14,79,242,461,583,500,287,105,22,2
1,14,79,242,461,585,509,303,119,28,3
1,14,79,242,461,588,515,307,120,28,3
1,14,79,242,461,597,551,367,174,56,11,1
1,14,79,242,462,587,503,282,96,17,1
1,14,79,242,462,592,518,302,111,23,2
1,14,79,242,462,592,518,302,111,23,2
1,14,79,242,463,593,518,302,111,23,2
1,14,79,242,463,594,519,302,111,23,2
1,14,79,242,463,598,533,322,126,29,3
1,14,79,242,463,601,547,346,145,36,4
1,14,79,242,464,595,519,302,111,23,2
1,14,79,242,464,600,534,322,126,29,3
1,14,79,242,465,607,561,372,175,56,11,1
1,14,79,242,466,610,554,348,145,36,4
1,14,79,242,466,618,580,387,181,57,11,1
1,14,79,242,467,610,554,348,145,36,4
1,14,79,242,467,611,557,351,146,36,4
1,14,79,242,467,612,553,337,132,30,3
1,14,79,242,467,626,602,416,201,64,12,1
1,14,79,242,468,619,580,387,181,57,11,1
1,14,79,242,469,627,590,392,182,57,11,1
1,14,79,242,470,632,606,417,201,64,12,1
1,14,79,243,453,531,390,172,41,4
1,14,79,243,456,546,419,199,53,6
1,14,79,243,456,547,424,208,60,8
1,14,79,243,457,552,433,215,62,8
1,14,79,243,457,553,438,225,72,13,1
1,14,79,243,457,554,441,226,68,9
1,14,79,243,458,557,442,222,64,8
1,14,79,243,459,560,445,223,64,8
1,14,79,243,459,562,452,232,69,9
1,14,79,243,459,563,457,242,79,14,1
1,14,79,243,459,565,466,258,93,20,2
1,14,79,243,460,566,460,243,79,14,1
1,14,79,243,460,568,469,259,93,20,2
1,14,79,243,460,569,468,247,75,10
1,14,79,243,460,569,473,265,97,21,2
1,14,79,243,460,570,476,268,98,21,2
1,14,79,243,460,570,476,268,98,21,2
1,14,79,243,460,570,476,268,98,21,2
1,14,79,243,461,573,479,269,98,21,2
1,14,79,243,461,573,479,269,98,21,2
1,14,79,243,462,574,471,247,75,10
1,14,79,243,462,577,485,273,99,21,2
1,14,79,243,462,579,490,277,100,21,2
1,14,79,243,462,579,490,277,100,21,2
1,14,79,243,463,582,495,283,104,22,2
1,14,79,243,463,584,500,287,105,22,2
1,14,79,243,463,584,500,287,105,22,2
1,14,79,243,463,584,504,299,118,28,3
1,14,79,243,463,586,509,303,119,28,3
1,14,79,243,464,584,494,278,100,21,2
1,14,79,243,464,586,501,287,105,22,2
1,14,79,243,464,590,515,307,120,28,3
1,14,79,243,465,589,504,288,105,22,2
1,14,79,243,465,590,504,282,96,17,1
1,14,79,243,465,592,516,307,120,28,3
1,14,79,243,465,594,518,302,111,23,2
1,14,79,243,466,596,519,302,111,23,2
1,14,79,243,466,601,534,322,126,29,3
1,14,79,243,467,598,520,302,111,23,2
1,14,79,243,467,598,520,302,111,23,2
1,14,79,243,467,603,535,322,126,29,3
1,14,79,243,468,604,535,322,126,29,3
1,14,79,243,468,610,554,348,145,36,4
1,14,79,243,468,610,554,348,145,36,4
1,14,79,243,468,610,562,372,175,56,11,1
1,14,79,243,468,610,562,372,175,56,11,1
1,14,79,243,469,611,554,348,145,36,4
1,14,79,243,469,612,557,351,146,36,4
1,14,79,243,469,613,565,373,175,56,11,1
1,14,79,243,469,619,580,387,181,57,11,1
1,14,79,243,470,614,553,337,132,30,3
1,14,79,243,470,615,554,337,132,30,3
1,14,79,243,470,619,568,357,147,36,4
1,14,79,243,471,616,554,337,132,30,3
1,14,79,243,471,616,558,349,145,36,4
1,14,79,243,471,622,581,387,181,57,11,1
1,14,79,243,472,620,564,353,146,36,4
1,14,79,243,472,624,570,357,147,36,4
1,14,79,243,472,628,590,392,182,57,11,1
1,14,79,243,472,632,606,417,201,64,12,1
1,14,79,243,473,624,570,357,147,36,4
1,14,79,243,473,639,615,422,202,64,12,1
1,14,79,243,475,634,588,372,153,37,4
1,14,79,243,475,638,610,418,201,64,12,1
1,14,79,243,475,642,616,422,202,64,12,1
1,14,79,243,476,642,616,422,202,64,12,1
1,14,79,243,477,649,625,427,203,64,12,1
1,14,79,244,461,557,434,213,61,8
1,14,79,244,462,563,448,230,73,13,1
1,14,79,244,463,566,449,224,64,8
1,14,79,244,465,577,472,247,75,10
1,14,79,244,465,579,483,270,98,21,2
1,14,79,244,465,579,483,270,98,21,2
1,14,79,244,466,583,489,274,99,21,2
1,14,79,244,466,585,496,283,104,22,2
1,14,79,244,467,587,495,278,100,21,2
1,14,79,244,467,589,502,287,105,22,2
1,14,79,244,467,590,503,282,96,17,1
1,14,79,244,468,592,505,288,105,22,2
1,14,79,244,468,594,514,304,119,28,3
1,14,79,244,469,598,520,308,120,28,3
1,14,79,244,469,599,520,302,111,23,2
1,14,79,244,469,599,520,302,111,23,2
1,14,79,244,471,607,536,322,126,29,3
1,14,79,244,472,616,566,373,175,56,11,1
1,14,79,244,473,617,558,349,145,36,4
1,14,79,244,474,619,555,337,132,30,3
1,14,79,244,474,621,564,353,146,36,4
1,14,79,244,474,624,570,357,147,36,4
1,14,79,244,474,629,590,392,182,57,11,1
1,14,79,244,475,625,570,357,147,36,4
1,14,79,244,475,628,585,388,181,57,11,1
1,14,79,244,476,638,610,418,201,64,12,1
1,14,79,244,477,630,574,358,147,36,4
1,14,79,244,477,635,588,372,153,37,4
1,14,79,244,477,642,616,422,202,64,12,1
1,14,79,244,478,643,616,422,202,64,12,1
1,14,79,244,479,639,590,372,153,37,4
1,14,79,244,479,649,625,427,203,64,12,1
1,14,79,244,480,648,620,423,202,64,12,1
1,14,79,244,480,648,620,423,202,64,12,1
1,14,79,244,481,652,626,427,203,64,12,1
1,14,79,244,484,664,645,442,209,65,12,1
1,14,79,245,466,561,418,176,32
1,14,79,245,470,589,493,275,99,21,2
1,14,79,245,471,589,479,242,68,8
1,14,79,245,472,591,480,242,68,8
1,14,79,245,472,598,509,289,105,22,2
1,14,79,245,473,604,524,309,120,28,3
1,14,79,245,474,607,525,303,111,23,2
1,14,79,245,476,613,523,283,88,12
1,14,79,245,476,618,543,313,113,23,2
1,14,79,245,476,620,555,337,132,30,3
1,14,79,245,477,614,523,283,88,12
1,14,79,245,477,620,543,313,113,23,2
1,14,79,245,477,622,556,337,132,30,3
1,14,79,245,478,631,586,388,181,57,11,1
1,14,79,245,479,631,574,358,147,36,4
1,14,79,245,480,638,595,393,182,57,11,1
1,14,79,245,481,638,573,338,124,25,2
1,14,79,245,481,640,590,372,153,37,4
1,14,79,245,482,639,573,338,124,25,2
1,14,79,245,482,644,588,358,139,31,3
1,14,79,245,482,645,588,358,139,31,3
1,14,79,245,482,649,620,423,202,64,12,1
1,14,79,245,482,652,626,427,203,64,12,1
1,14,79,245,485,658,630,428,203,64,12,1
1,14,79,245,486,665,645,442,209,65,12,1
1,14,79,245,487,665,623,393,160,38,4
1,14,79,245,487,667,646,442,209,65,12,1
1,14,79,246,470,567,422,177,32
1,14,79,246,475,594,481,242,68,8
1,14,79,246,475,594,481,242,68,8
1,14,79,246,479,615,523,283,88,12
1,14,79,246,480,617,524,283,88,12
1,14,79,246,480,622,543,313,113,23,2
1,14,79,246,480,622,543,313,113,23,2
1,14,79,246,480,626,563,350,145,36,4
1,14,79,246,481,624,544,313,113,23,2
1,14,79,246,481,631,572,357,147,36,4
1,14,79,246,483,638,573,338,124,25,2
1,14,79,246,483,641,596,393,182,57,11,1
1,14,79,246,484,640,573,338,124,25,2
1,14,79,246,485,641,573,338,124,25,2
1,14,79,246,485,646,588,358,139,31,3
1,14,79,246,485,646,588,358,139,31,3
1,14,79,246,485,647,593,368,149,36,4
1,14,79,246,485,652,621,423,202,64,12,1
1,14,79,246,486,647,588,358,139,31,3
1,14,79,246,487,650,594,368,149,36,4
1,14,79,246,487,659,630,428,203,64,12,1
1,14,79,246,489,665,623,393,160,38,4
1,14,79,246,490,666,623,393,160,38,4
1,14,79,246,490,667,623,393,160,38,4
1,14,79,246,491,667,623,393,160,38,4
1,14,79,246,491,679,659,448,210,65,12,1
1,14,79,246,492,680,659,448,210,65,12,1
1,14,79,246,495,686,658,428,181,45,5
1,14,79,246,496,694,679,463,216,66,12,1
1,14,79,246,496,706,727,542,285,100,21,2
1,14,79,246,500,712,731,543,285,100,21,2
1,14,79,246,501,716,737,547,286,100,21,2
1,14,79,247,479,600,485,243,68,8
1,14,79,247,483,620,525,283,88,12
1,14,79,247,484,627,545,313,113,23,2
1,14,79,247,484,627,545,313,113,23,2
1,14,79,247,485,636,573,355,146,36,4
1,14,79,247,486,640,579,359,147,36,4
1,14,79,247,487,642,573,338,124,25,2
1,14,79,247,487,646,592,372,153,37,4
1,14,79,247,487,647,600,394,182,57,11,1
1,14,79,247,488,644,574,338,124,25,2
1,14,79,247,488,648,588,358,139,31,3
1,14,79,247,489,650,589,358,139,31,3
1,14,79,247,489,651,594,368,149,36,4
1,14,79,247,489,658,625,424,202,64,12,1
1,14,79,247,490,662,631,428,203,64,12,1
1,14,79,247,492,667,623,393,160,38,4
1,14,79,247,492,667,623,393,160,38,4
1,14,79,247,493,668,623,393,160,38,4
1,14,79,247,493,668,623,393,160,38,4
1,14,79,247,493,674,650,443,209,65,12,1
1,14,79,247,494,670,624,393,160,38,4
1,14,79,247,494,680,659,448,210,65,12,1
1,14,79,247,496,683,660,448,210,65,12,1
1,14,79,247,497,687,658,428,181,45,5
1,14,79,247,498,688,658,428,181,45,5
1,14,79,247,498,694,679,463,216,66,12,1
1,14,79,247,499,695,679,463,216,66,12,1
1,14,79,247,501,712,731,543,285,100,21,2
1,14,79,247,502,716,737,547,286,100,21,2
1,14,79,247,504,715,714,498,237,73,13,1
1,14,79,247,505,722,741,548,286,100,21,2
1,14,79,248,488,633,549,314,113,23,2
1,14,79,248,492,653,590,358,139,31,3
1,14,79,248,492,654,595,368,149,36,4
1,14,79,248,494,668,635,429,203,64,12,1
1,14,79,248,495,669,623,393,160,38,4
1,14,79,248,496,671,624,393,160,38,4
1,14,79,248,496,677,651,443,209,65,12,1
1,14,79,248,498,684,660,448,210,65,12,1
1,14,79,248,498,684,660,448,210,65,12,1
1,14,79,248,500,689,658,428,181,45,5
1,14,79,248,500,695,679,463,216,66,12,1
1,14,79,248,502,698,680,463,216,66,12,1
1,14,79,248,506,716,714,498,237,73,13,1
1,14,79,248,506,722,741,548,286,100,21,2
1,14,79,248,507,729,750,553,287,100,21,2
1,14,79,248,510,732,751,553,287,100,21,2
1,14,79,248,513,744,770,568,293,101,21,2
1,14,79,249,496,660,599,369,149,36,4
1,14,79,249,499,674,625,393,160,38,4
1,14,79,249,501,687,661,448,210,65,12,1
1,14,79,249,502,690,658,428,181,45,5
1,14,79,249,504,699,680,463,216,66,12,1
1,14,79,249,511,732,751,553,287,100,21,2
1,14,79,249,514,744,770,568,293,101,21,2
1,14,79,249,516,747,771,568,293,101,21,2
1,14,79,250,505,693,665,449,210,65,12,1
1,14,79,250,510,722,736,544,285,100,21,2
1,14,79,250,511,720,715,498,237,73,13,1
1,14,79,250,517,747,771,568,293,101,21,2
1,14,79,250,535,822,936,794,495,220,66,12,1
1,14,79,251,508,683,608,344,112,16
1,14,79,251,514,715,678,429,173,40,4
1,14,79,251,515,716,678,429,173,40,4
1,14,79,251,515,732,746,549,286,100,21,2
1,14,79,251,516,736,752,553,287,100,21,2
1,14,79,251,520,742,728,484,209,53,6
1,14,79,251,521,742,728,484,209,53,6
1,14,79,251,521,749,749,519,244,74,13,1
1,14,79,251,527,770,784,554,265,81,14,1
1,14,79,251,535,822,936,794,495,220,66,12,1
1,14,79,251,540,832,946,799,496,220,66,12,1
1,14,79,252,511,686,609,344,112,16
1,14,79,252,517,717,678,429,173,40,4
1,14,79,252,517,717,678,429,173,40,4
1,14,79,252,520,742,756,554,287,100,21,2
1,14,79,252,522,742,728,484,209,53,6
1,14,79,252,522,751,772,568,293,101,21,2
1,14,79,252,523,743,728,484,209,53,6
1,14,79,252,523,749,749,519,244,74,13,1
1,14,79,252,524,750,749,519,244,74,13,1
1,14,79,252,529,770,784,554,265,81,14,1
1,14,79,252,529,777,805,589,300,102,21,2
1,14,79,252,531,778,805,589,300,102,21,2
1,14,79,252,536,798,840,624,321,109,22,2
1,14,79,252,540,832,946,799,496,220,66,12,1
1,14,79,253,520,720,679,429,173,40,4
1,14,79,253,525,744,728,484,209,53,6
1,14,79,253,526,751,749,519,244,74,13,1
1,14,79,253,530,770,784,554,265,81,14,1
1,14,79,253,531,771,784,554,265,81,14,1
1,14,79,253,532,778,805,589,300,102,21,2
1,14,79,253,537,798,840,624,321,109,22,2
1,14,79,253,538,799,840,624,321,109,22,2
1,14,79,254,529,754,750,519,244,74,13,1
1,14,79,254,534,779,805,589,300,102,21,2
1,14,79,254,539,799,840,624,321,109,22,2
1,14,79,254,555,863,980,820,503,221,66,12,1
1,14,79,255,537,782,806,589,300,102,21,2
1,14,79,255,541,800,840,624,321,109,22,2
1,14,79,255,555,863,980,820,503,221,66,12,1
1,14,79,256,550,842,951,800,496,220,66,12,1
1,14,79,258,555,819,833,575,258,68,8
1,14,79,258,561,867,981,820,503,221,66,12,1
1,14,79,258,562,854,910,680,349,117,23,2
1,14,79,258,563,854,910,680,349,117,23,2
1,14,79,258,570,882,966,750,405,145,31,3
1,14,79,259,557,820,833,575,258,68,8
1,14,79,259,564,854,910,680,349,117,23,2
1,14,79,259,564,854,910,680,349,117,23,2
1,14,79,259,571,882,966,750,405,145,31,3
1,14,79,259,580,918,1050,876,531,229,67,12,1
1,14,79,260,566,855,910,680,349,117,23,2
1,14,79,260,572,882,966,750,405,145,31,3
1,14,79,260,580,918,1050,876,531,229,67,12,1
1,14,79,262,583,919,1050,876,531,229,67,12,1
1,14,79,266,606,966,1092,876,489,181,40,4
1,14,79,266,615,1002,1176,1002,615,265,76,13,1
1,14,79,267,607,966,1092,876,489,181,40,4
1,14,79,267,615,1002,1176,1002,615,265,76,13,1
1,14,79,268,616,1002,1176,1002,615,265,76,13,1
1,14,79,275,660,1122,1386,1254,825,385,121,23,2
1,14,79,276,660,1122,1386,1254,825,385,121,23,2
1,14,79,286,715,1287,1716,1716,1287,715,286,78,13,1
1,14,80,240,403,370,164,24
1,14,80,240,404,376,175,30
1,14,80,240,404,376,176,32
1,14,80,240,404,376,176,33,2
1,14,80,240,404,377,180,37,2
1,14,80,240,405,382,186,36
1,14,80,240,405,382,187,40,3
1,14,80,240,405,383,191,43,3
1,14,80,240,405,383,192,46,4
1,14,80,240,405,384,196,50,5
1,14,80,241,410,387,180,28
1,14,80,241,410,388,184,32
1,14,80,241,410,389,189,40,4
1,14,80,241,411,392,189,35,2
1,14,80,241,411,393,192,36
1,14,80,241,411,393,192,36
1,14,80,241,411,394,196,40
1,14,80,241,411,394,196,41,2
1,14,80,241,411,394,197,44,4
1,14,80,241,411,395,201,48,4
1,14,80,241,412,398,200,40
1,14,80,241,412,399,203,42
1,14,80,241,412,399,204,45,2
1,14,80,241,412,399,204,46,3
1,14,80,241,412,399,205,48,4
1,14,80,241,412,400,208,50,4
1,14,80,241,412,400,209,52,4
1,14,80,241,412,400,209,53,6
1,14,80,241,412,401,213,57,6
1,14,80,241,412,401,213,57,6
1,14,80,241,413,404,210,45
1,14,80,241,413,405,215,52,3
1,14,80,241,413,405,216,54,4
1,14,80,241,413,405,216,54,4
1,14,80,241,413,405,216,55,5
1,14,80,241,413,405,216,55,5
1,14,80,241,413,406,220,59,6
1,14,80,241,413,406,220,59,6
1,14,80,241,413,406,220,59,6
1,14,80,241,413,406,221,61,6
1,14,80,241,413,406,222,64,8
1,14,80,241,413,407,224,63,7
1,14,80,241,413,407,225,66,8
1,14,80,241,413,408,230,74,13,1
1,14,80,241,414,411,227,62,6
1,14,80,241,414,412,232,68,8
1,14,80,241,414,412,232,69,9
1,14,80,241,414,413,236,72,9
1,14,80,241,414,413,237,75,10
1,14,80,241,414,413,238,79,14,1
1,14,80,241,414,414,241,80,14,1
1,14,80,241,415,419,248,82,12
1,14,80,241,415,419,249,86,15,1
1,14,80,241,415,420,253,89,16,1
1,14,80,242,416,400,192,32
1,14,80,242,417,406,204,40
1,14,80,242,417,406,205,44,4
1,14,80,242,418,411,212,44
1,14,80,242,418,411,212,44
1,14,80,242,418,412,217,52,4
1,14,80,242,418,412,217,52,4
1,14,80,242,418,412,217,52,4
1,14,80,242,418,413,221,56,4
1,14,80,242,419,416,220,48
1,14,80,242,419,416,220,48
1,14,80,242,419,416,221,51,2
1,14,80,242,419,417,224,53,2
1,14,80,242,419,417,225,56,4
1,14,80,242,419,417,225,56,4
1,14,80,242,419,417,225,56,4
1,14,80,242,419,417,226,59,6
1,14,80,242,419,418,229,61,6
1,14,80,242,419,418,229,61,6
1,14,80,242,419,418,230,64,8
1,14,80,242,419,419,234,68,8
1,14,80,242,419,419,234,68,8
1,14,80,242,420,420,225,50
1,14,80,242,420,421,230,58,4
1,14,80,242,420,421,230,58,4
1,14,80,242,420,422,232,58,3
1,14,80,242,420,422,233,60,4
1,14,80,242,420,422,234,63,6
1,14,80,242,420,422,234,63,6
1,14,80,242,420,423,237,65,6
1,14,80,242,420,423,237,65,6
1,14,80,242,420,423,237,65,6
1,14,80,242,420,423,237,66,7
1,14,80,242,420,423,238,68,8
1,14,80,242,420,423,238,68,8
1,14,80,242,420,424,241,70,8
1,14,80,242,420,424,241,70,8
1,14,80,242,420,424,241,70,8
1,14,80,242,420,424,241,70,8
1,14,80,242,420,424,242,72,8
1,14,80,242,420,425,246,77,10
1,14,80,242,420,425,246,78,13,1
1,14,80,242,420,425,247,80,12
1,14,80,242,420,425,247,81,14,1
1,14,80,242,421,427,241,65,5
1,14,80,242,421,428,244,68,6
1,14,80,242,421,428,245,70,7
1,14,80,242,421,428,245,70,7
1,14,80,242,421,428,246,72,8
1,14,80,242,421,428,246,72,8
1,14,80,242,421,428,246,72,8
1,14,80,242,421,428,247,75,10
1,14,80,242,421,429,249,75,9
1,14,80,242,421,429,249,75,9
1,14,80,242,421,429,249,75,9
1,14,80,242,421,429,250,77,10
1,14,80,242,421,429,251,81,14,1
1,14,80,242,421,430,253,79,10
1,14,80,242,421,430,253,79,10
1,14,80,242,421,430,254,82,12
1,14,80,242,421,430,254,83,14,1
1,14,80,242,421,430,255,84,12
1,14,80,242,421,430,255,84,12
1,14,80,242,421,431,258,87,15,1
1,14,80,242,421,432,264,98,21,2
1,14,80,242,422,434,256,78,9
1,14,80,242,422,434,257,80,10
1,14,80,242,422,434,257,80,10
1,14,80,242,422,435,261,85,12
1,14,80,242,422,435,262,86,12
1,14,80,242,422,435,262,86,12
1,14,80,242,422,435,262,88,15,1
1,14,80,242,422,435,262,88,15,1
1,14,80,242,422,435,263,90,16,1
1,14,80,242,422,436,265,88,12
1,14,80,242,422,436,266,91,14
1,14,80,242,422,436,266,92,16,1
1,14,80,242,422,436,267,95,17,1
1,14,80,242,422,436,269,100,21,2
1,14,80,242,422,437,271,100,21,2
1,14,80,242,422,437,272,102,21,2
1,14,80,242,422,437,273,105,23,2
1,14,80,242,422,438,275,104,22,2
1,14,80,242,423,440,268,88,12
1,14,80,242,423,441,273,95,15
1,14,80,242,423,442,278,102,19,1
1,14,80,242,423,442,279,105,22,2
1,14,80,242,423,443,283,109,23,2
1,14,80,242,423,443,283,109,23,2
1,14,80,242,423,444,286,110,23,2
1,14,80,242,423,444,288,117,28,3
1,14,80,242,424,448,290,113,24,2
1,14,80,242,424,449,295,120,28,3
1,14,80,242,424,450,299,123,29,3
1,14,80,242,425,456,311,134,34,4
1,14,80,243,423,418,212,40
1,14,80,243,424,423,221,47,2
1,14,80,243,425,429,232,52
1,14,80,243,425,429,232,52
1,14,80,243,425,430,237,60,4
1,14,80,243,425,430,237,60,4
1,14,80,243,425,431,242,68,8
1,14,80,243,425,431,242,68,8
1,14,80,243,426,433,237,54
1,14,80,243,426,434,241,59,2
1,14,80,243,426,435,245,64,4
1,14,80,243,426,435,246,67,6
1,14,80,243,426,436,249,69,6
1,14,80,243,426,436,250,72,8
1,14,80,243,426,436,250,72,8
1,14,80,243,426,436,250,72,8
1,14,80,243,426,436,250,72,8
1,14,80,243,426,438,259,84,12
1,14,80,243,427,439,250,66,4
1,14,80,243,427,440,254,71,6
1,14,80,243,427,440,254,71,6
1,14,80,243,427,441,258,76,8
1,14,80,243,427,441,258,76,8
1,14,80,243,427,441,258,76,8
1,14,80,243,427,441,258,76,8
1,14,80,243,427,441,258,77,9
1,14,80,243,427,441,259,79,10
1,14,80,243,427,441,259,79,10
1,14,80,243,427,442,262,81,10
1,14,80,243,427,442,262,81,10
1,14,80,243,427,442,262,81,10
1,14,80,243,427,442,263,84,12
1,14,80,243,427,442,263,85,14,1
1,14,80,243,427,443,267,88,12
1,14,80,243,427,443,267,88,12
1,14,80,243,427,444,273,100,21,2
1,14,80,243,428,443,256,70,5
1,14,80,243,428,445,263,78,8
1,14,80,243,428,445,263,78,8
1,14,80,243,428,445,263,78,8
1,14,80,243,428,445,263,78,8
1,14,80,243,428,446,266,81,9
1,14,80,243,428,446,266,81,9
1,14,80,243,428,446,267,83,10
1,14,80,243,428,446,267,83,10
1,14,80,243,428,446,267,83,10
1,14,80,243,428,446,268,86,12
1,14,80,243,428,446,269,89,15,1
1,14,80,243,428,447,270,86,11
1,14,80,243,428,447,270,86,11
1,14,80,243,428,447,270,86,11
1,14,80,243,428,447,271,88,12
1,14,80,243,428,447,271,88,12
1,14,80,243,428,447,271,88,12
1,14,80,243,428,447,271,88,12
1,14,80,243,428,447,271,88,12
1,14,80,243,428,447,271,88,12
1,14,80,243,428,447,271,89,14,1
1,14,80,243,428,448,274,90,12
1,14,80,243,428,448,275,93,14
1,14,80,243,428,448,275,94,16,1
1,14,80,243,428,448,275,94,16,1
1,14,80,243,428,448,277,100,21,2
1,14,80,243,428,449,279,98,17,1
1,14,80,243,428,449,280,102,21,2
1,14,80,243,428,450,285,109,23,2
1,14,80,243,429,450,272,85,10
1,14,80,243,429,450,272,85,10
1,14,80,243,429,451,275,88,11
1,14,80,243,429,451,276,90,12
1,14,80,243,429,451,276,90,12
1,14,80,243,429,451,276,90,12
1,14,80,243,429,451,278,96,17,1
1,14,80,243,429,452,278,91,12
1,14,80,243,429,452,278,91,12
1,14,80,243,429,452,278,91,12
1,14,80,243,429,452,278,91,12
1,14,80,243,429,452,279,93,13
1,14,80,243,429,452,279,94,15,1
1,14,80,243,429,452,280,95,14
1,14,80,243,429,452,280,96,16,1
1,14,80,243,429,452,280,96,16,1
1,14,80,243,429,453,283,97,14
1,14,80,243,429,453,283,98,15
1,14,80,243,429,453,283,99,17,1
1,14,80,243,429,453,283,99,17,1
1,14,80,243,429,453,284,100,16
1,14,80,243,429,453,285,104,21,2
1,14,80,243,429,454,288,104,16
1,14,80,243,429,454,288,107,22,2
1,14,80,243,429,454,289,109,23,2
1,14,80,243,429,454,290,111,23,2
1,14,80,243,429,455,292,111,23,2
1,14,80,243,429,455,292,111,23,2
1,14,80,243,429,455,292,111,23,2
1,14,80,243,429,455,292,111,23,2
1,14,80,243,429,456,299,125,32,4
1,14,80,243,430,457,287,98,14
1,14,80,243,430,457,288,100,15
1,14,80,243,430,457,288,101,17,1
1,14,80,243,430,458,290,101,15
1,14,80,243,430,458,292,104,16
1,14,80,243,430,458,292,106,19,1
1,14,80,243,430,458,293,109,22,2
1,14,80,243,430,458,294,111,23,2
1,14,80,243,430,458,294,111,23,2
1,14,80,243,430,459,296,111,21,1
1,14,80,243,430,459,296,112,23,2
1,14,80,243,430,459,297,113,23,2
1,14,80,243,430,459,297,114,24,2
1,14,80,243,430,460,299,111,18
1,14,80,243,430,460,300,116,24,2
1,14,80,243,430,460,301,118,25,2
1,14,80,243,430,460,301,118,25,2
1,14,80,243,430,460,301,120,28,3
1,14,80,243,430,460,302,120,25,2
1,14,80,243,430,461,304,120,25,2
1,14,80,243,430,461,305,124,29,3
1,14,80,243,431,464,302,111,18
1,14,80,243,431,464,304,117,24,2
1,14,80,243,431,464,304,117,24,2
1,14,80,243,431,465,308,121,25,2
1,14,80,243,431,465,308,121,25,2
1,14,80,243,431,465,308,122,26,2
1,14,80,243,431,465,308,123,28,3
1,14,80,243,431,465,310,126,29,3
1,14,80,243,431,466,313,129,30,3
1,14,80,243,431,466,313,129,30,3
1,14,80,243,431,466,313,129,30,3
1,14,80,243,431,466,315,134,34,4
1,14,80,243,431,466,315,134,34,4
1,14,80,243,431,467,317,133,31,3
1,14,80,243,431,467,318,136,34,4
1,14,80,243,431,468,320,134,31,3
1,14,80,243,432,471,320,133,31,3
1,14,80,243,432,472,325,136,29,2
1,14,80,243,432,472,325,140,35,4
1,14,80,243,432,473,329,143,36,4
1,14,80,243,433,477,332,144,36,4
1,14,80,243,433,478,336,146,34,3
1,14,80,243,433,478,337,151,40,5
1,14,80,243,433,479,341,152,38,4
1,14,80,243,433,481,352,173,56,11,1
1,14,80,243,434,486,359,177,57,11,1
1,14,80,244,430,437,237,56,4
1,14,80,244,431,442,244,56
1,14,80,244,432,447,253,63,2
1,14,80,244,432,449,262,76,8
1,14,80,244,432,449,262,76,8
1,14,80,244,432,449,262,76,8
1,14,80,244,433,451,259,67,3
1,14,80,244,433,453,266,75,6
1,14,80,244,433,454,270,80,8
1,14,80,244,433,454,270,80,8
1,14,80,244,433,454,271,83,10
1,14,80,244,433,454,271,83,10
1,14,80,244,433,455,275,88,12
1,14,80,244,433,455,275,88,12
1,14,80,244,434,458,275,82,8
1,14,80,244,434,459,279,87,10
1,14,80,244,434,459,279,87,10
1,14,80,244,434,460,283,92,12
1,14,80,244,434,460,283,92,12
1,14,80,244,434,460,283,92,12
1,14,80,244,434,460,283,92,12
1,14,80,244,434,460,283,92,12
1,14,80,244,434,460,283,92,12
1,14,80,244,434,460,283,93,14,1
1,14,80,244,434,461,287,97,14
1,14,80,244,434,461,288,100,16
1,14,80,244,434,461,289,104,21,2
1,14,80,244,434,462,292,104,16
1,14,80,244,434,462,293,109,23,2
1,14,80,244,434,464,303,125,32,4
1,14,80,244,435,462,281,86,9
1,14,80,244,435,462,281,86,9
1,14,80,244,435,464,288,94,12
1,14,80,244,435,464,288,94,12
1,14,80,244,435,464,288,94,12
1,14,80,244,435,464,288,94,12
1,14,80,244,435,464,288,94,12
1,14,80,244,435,464,288,94,12
1,14,80,244,435,464,289,97,15,1
1,14,80,244,435,465,291,97,13
1,14,80,244,435,465,291,97,13
1,14,80,244,435,465,291,97,13
1,14,80,244,435,465,292,99,14
1,14,80,244,435,465,292,99,14
1,14,80,244,435,465,292,99,14
1,14,80,244,435,465,292,100,16,1
1,14,80,244,435,466,296,104,16
1,14,80,244,435,466,296,104,16
1,14,80,244,435,466,296,104,16
1,14,80,244,435,466,296,105,18,1
1,14,80,244,435,466,296,105,18,1
1,14,80,244,435,466,298,111,23,2
1,14,80,244,435,467,301,113,23,2
1,14,80,244,435,467,301,113,23,2
1,14,80,244,435,467,301,113,23,2
1,14,80,244,435,467,301,113,23,2
1,14,80,244,435,468,306,120,25,2
1,14,80,244,436,468,294,98,13
1,14,80,244,436,469,297,101,14
1,14,80,244,436,469,297,101,14
1,14,80,244,436,469,297,101,14
1,14,80,244,436,469,298,104,17,1
1,14,80,244,436,470,300,104,15
1,14,80,244,436,470,300,104,15
1,14,80,244,436,470,300,104,15
1,14,80,244,436,470,301,106,16
1,14,80,244,436,470,301,106,16
1,14,80,244,436,470,301,106,16
1,14,80,244,436,470,301,107,18,1
1,14,80,244,436,470,302,109,18
1,14,80,244,436,470,302,109,19,1
1,14,80,244,436,471,304,108,16
1,14,80,244,436,471,304,110,19,1
1,14,80,244,436,471,305,111,18
1,14,80,244,436,471,305,112,20,1
1,14,80,244,436,471,305,113,22,2
1,14,80,244,436,471,306,115,23,2
1,14,80,244,436,471,306,115,23,2
1,14,80,244,436,471,306,115,23,2
1,14,80,244,436,472,308,113,18
1,14,80,244,436,472,309,118,24,2
1,14,80,244,436,472,309,118,24,2
1,14,80,244,436,472,310,120,25,2
1,14,80,244,436,472,310,120,25,2
1,14,80,244,436,472,311,123,28,3
1,14,80,244,436,473,313,120,20
1,14,80,244,436,473,313,122,25,2
1,14,80,244,436,473,313,122,25,2
1,14,80,244,436,474,318,130,30,3
1,14,80,244,436,475,324,141,36,4
1,14,80,244,437,473,303,105,15
1,14,80,244,437,473,304,108,18,1
1,14,80,244,437,474,306,108,16
1,14,80,244,437,474,306,108,16
1,14,80,244,437,474,306,108,16
1,14,80,244,437,474,306,108,16
1,14,80,244,437,475,309,111,17
1,14,80,244,437,475,310,114,20,1
1,14,80,244,437,475,311,116,21,1
1,14,80,244,437,475,311,117,23,2
1,14,80,244,437,475,312,119,24,2
1,14,80,244,437,476,312,114,18
1,14,80,244,437,476,313,117,21,1
1,14,80,244,437,476,314,120,24,2
1,14,80,244,437,476,315,122,25,2
1,14,80,244,437,476,315,122,25,2
1,14,80,244,437,476,315,122,25,2
1,14,80,244,437,476,315,122,25,2
1,14,80,244,437,476,315,122,25,2
1,14,80,244,437,476,315,122,25,2
1,14,80,244,437,477,317,120,20
1,14,80,244,437,477,317,123,25,2
1,14,80,244,437,477,317,123,25,2
1,14,80,244,437,477,318,125,26,2
1,14,80,244,437,477,318,125,26,2
1,14,80,244,437,477,319,127,27,2
1,14,80,244,437,477,319,128,29,3
1,14,80,244,437,478,322,131,30,3
1,14,80,244,437,478,322,131,30,3
1,14,80,244,437,478,323,133,31,3
1,14,80,244,437,478,324,136,34,4
1,14,80,244,437,479,326,135,31,3
1,14,80,244,437,479,326,135,31,3
1,14,80,244,437,479,326,135,31,3
1,14,80,244,437,479,327,138,34,4
1,14,80,244,437,480,331,143,36,4
1,14,80,244,437,480,332,145,36,4
1,14,80,244,438,480,319,120,20
1,14,80,244,438,480,320,124,25,2
1,14,80,244,438,480,320,124,25,2
1,14,80,244,438,481,323,127,26,2
1,14,80,244,438,481,323,127,26,2
1,14,80,244,438,481,325,132,30,3
1,14,80,244,438,482,326,130,27,2
1,14,80,244,438,482,327,133,30,3
1,14,80,244,438,482,328,135,31,3
1,14,80,244,438,483,330,136,31,3
1,14,80,244,438,483,330,136,31,3
1,14,80,244,438,483,330,136,31,3
1,14,80,244,438,483,331,136,29,2
1,14,80,244,438,483,331,138,32,3
1,14,80,244,438,483,332,141,35,4
1,14,80,244,438,484,336,145,36,4
1,14,80,244,438,484,336,145,36,4
1,14,80,244,438,484,336,145,36,4
1,14,80,244,438,484,336,145,36,4
1,14,80,244,438,484,336,145,36,4
1,14,80,244,438,486,343,152,38,4
1,14,80,244,439,487,335,137,29,2
1,14,80,244,439,487,336,140,32,3
1,14,80,244,439,488,340,146,36,4
1,14,80,244,439,488,340,146,36,4
1,14,80,244,439,488,341,145,31,2
1,14,80,244,439,488,341,147,36,4
1,14,80,244,439,488,342,151,40,5
1,14,80,244,439,489,342,146,34,3
1,14,80,244,439,489,343,147,34,3
1,14,80,244,439,489,343,149,37,4
1,14,80,244,439,489,343,149,37,4
1,14,80,244,439,489,343,149,37,4
1,14,80,244,439,489,345,152,38,4
1,14,80,244,439,489,345,152,38,4
1,14,80,244,439,490,347,153,38,4
1,14,80,244,439,490,348,156,41,5
1,14,80,244,439,491,350,154,38,4
1,14,80,244,439,492,357,168,47,6
1,14,80,244,439,492,358,174,56,11,1
1,14,80,244,440,494,351,154,38,4
1,14,80,244,440,494,351,154,38,4
1,14,80,244,440,495,355,160,42,5
1,14,80,244,440,495,357,161,40,4
1,14,80,244,440,496,364,178,57,11,1
1,14,80,244,440,497,364,170,47,6
1,14,80,244,440,497,366,179,57,11,1
1,14,80,244,440,500,378,192,63,12,1
1,14,80,244,441,501,367,171,47,6
1,14,80,244,441,501,368,171,45,5
1,14,80,244,441,501,368,171,45,5
1,14,80,244,441,502,373,177,49,6
1,14,80,244,441,502,373,183,58,11,1
1,14,80,244,441,504,382,193,63,12,1
1,14,80,244,442,507,379,181,50,6
1,14,80,244,442,508,385,194,63,12,1
1,14,80,244,442,509,390,198,64,12,1
1,14,80,244,443,515,401,208,69,13,1
1,14,80,245,438,461,269,72,4
1,14,80,245,439,467,282,84,8
1,14,80,245,439,468,287,92,12
1,14,80,245,439,468,287,92,12
1,14,80,245,440,472,291,91,10
1,14,80,245,440,473,295,96,12
1,14,80,245,440,473,295,96,12
1,14,80,245,440,473,297,102,17,1
1,14,80,245,441,476,297,95,11
1,14,80,245,441,477,301,101,15,1
1,14,80,245,441,478,304,103,14
1,14,80,245,441,478,304,103,14
1,14,80,245,441,478,304,103,14
1,14,80,245,441,478,304,103,14
1,14,80,245,441,479,308,108,16
1,14,80,245,441,479,308,108,16
1,14,80,245,441,479,309,111,18
1,14,80,245,441,480,313,117,23,2
1,14,80,245,441,480,313,117,23,2
1,14,80,245,441,480,314,120,25,2
1,14,80,245,442,482,310,107,15
1,14,80,245,442,483,313,110,16
1,14,80,245,442,483,313,110,16
1,14,80,245,442,483,313,110,16
1,14,80,245,442,483,313,110,16
1,14,80,245,442,483,314,113,19,1
1,14,80,245,442,484,316,113,17
1,14,80,245,442,484,317,115,18
1,14,80,245,442,484,318,119,23,2
1,14,80,245,442,485,321,120,20
1,14,80,245,442,485,321,121,22,1
1,14,80,245,442,485,322,124,25,2
1,14,80,245,442,485,322,124,25,2
1,14,80,245,442,485,322,124,25,2
1,14,80,245,442,485,322,124,25,2
1,14,80,245,442,485,322,124,25,2
1,14,80,245,442,485,322,124,25,2
1,14,80,245,442,487,331,138,34,4
1,14,80,245,442,488,336,145,36,4
1,14,80,245,443,487,319,114,17
1,14,80,245,443,487,319,114,17
1,14,80,245,443,488,322,117,18
1,14,80,245,443,488,322,117,18
1,14,80,245,443,488,322,117,18
1,14,80,245,443,488,322,117,18
1,14,80,245,443,488,323,120,21,1
1,14,80,245,443,488,324,123,24,2
1,14,80,245,443,488,325,125,24,1
1,14,80,245,443,489,325,120,19
1,14,80,245,443,489,326,122,20
1,14,80,245,443,489,326,123,22,1
1,14,80,245,443,489,327,126,25,2
1,14,80,245,443,489,327,126,25,2
1,14,80,245,443,489,327,126,25,2
1,14,80,245,443,490,330,129,26,2
1,14,80,245,443,490,330,129,26,2
1,14,80,245,443,490,330,129,26,2
1,14,80,245,443,490,331,131,27,2
1,14,80,245,443,490,332,134,30,3
1,14,80,245,443,491,335,136,29,2
1,14,80,245,443,491,335,137,31,3
1,14,80,245,443,491,335,137,31,3
1,14,80,245,443,491,335,137,31,3
1,14,80,245,443,492,338,138,29,2
1,14,80,245,443,492,340,145,36,4
1,14,80,245,443,492,340,145,36,4
1,14,80,245,444,491,325,118,18
1,14,80,245,444,492,328,121,19
1,14,80,245,444,492,329,124,22,1
1,14,80,245,444,493,331,124,20
1,14,80,245,444,493,333,130,26,2
1,14,80,245,444,493,333,130,26,2
1,14,80,245,444,494,336,133,27,2
1,14,80,245,444,494,336,133,27,2
1,14,80,245,444,494,336,133,27,2
1,14,80,245,444,494,336,133,27,2
1,14,80,245,444,494,336,133,27,2
1,14,80,245,444,494,337,135,28,2
1,14,80,245,444,494,337,136,30,3
1,14,80,245,444,495,339,136,28,2
1,14,80,245,444,495,340,138,29,2
1,14,80,245,444,495,340,139,31,3
1,14,80,245,444,495,341,141,32,3
1,14,80,245,444,496,343,142,32,3
1,14,80,245,444,496,343,142,32,3
1,14,80,245,444,496,343,142,32,3
1,14,80,245,444,496,344,144,33,3
1,14,80,245,444,496,345,146,34,3
1,14,80,245,444,496,345,147,36,4
1,14,80,245,444,496,345,147,36,4
1,14,80,245,444,496,345,147,36,4
1,14,80,245,444,496,345,147,36,4
1,14,80,245,444,497,348,149,36,4
1,14,80,245,444,497,348,150,37,4
1,14,80,245,444,497,349,152,38,4
1,14,80,245,444,498,352,154,38,4
1,14,80,245,444,498,352,154,38,4
1,14,80,245,444,498,352,154,38,4
1,14,80,245,444,500,363,175,56,11,1
1,14,80,245,445,496,334,125,20
1,14,80,245,445,498,342,137,28,2
1,14,80,245,445,499,345,140,29,2
1,14,80,245,445,499,346,143,32,3
1,14,80,245,445,499,346,143,32,3
1,14,80,245,445,500,349,145,31,2
1,14,80,245,445,500,349,146,33,3
1,14,80,245,445,500,349,146,33,3
1,14,80,245,445,500,350,148,34,3
1,14,80,245,445,500,350,149,36,4
1,14,80,245,445,500,350,149,36,4
1,14,80,245,445,500,351,151,37,4
1,14,80,245,445,501,352,149,34,3
1,14,80,245,445,501,352,149,34,3
1,14,80,245,445,501,353,152,37,4
1,14,80,245,445,501,353,152,37,4
1,14,80,245,445,501,353,152,37,4
1,14,80,245,445,501,354,154,38,4
1,14,80,245,445,501,354,154,38,4
1,14,80,245,445,501,354,154,38,4
1,14,80,245,445,501,355,157,41,5
1,14,80,245,445,502,356,155,38,4
1,14,80,245,445,502,356,155,38,4
1,14,80,245,445,502,356,155,38,4
1,14,80,245,445,502,357,156,38,4
1,14,80,245,445,503,361,161,40,4
1,14,80,245,445,503,361,161,40,4
1,14,80,245,445,504,366,170,47,6
1,14,80,245,446,503,352,146,31,2
1,14,80,245,446,503,352,147,33,3
1,14,80,245,446,504,356,153,37,4
1,14,80,245,446,505,359,156,38,4
1,14,80,245,446,505,359,156,38,4
1,14,80,245,446,505,359,156,38,4
1,14,80,245,446,505,359,156,38,4
1,14,80,245,446,505,359,156,38,4
1,14,80,245,446,506,362,159,39,4
1,14,80,245,446,506,363,161,40,4
1,14,80,245,446,506,363,162,42,5
1,14,80,245,446,507,364,160,39,4
1,14,80,245,446,507,366,163,40,4
1,14,80,245,446,507,366,165,43,5
1,14,80,245,446,507,366,165,43,5
1,14,80,245,446,508,370,171,47,6
1,14,80,245,446,508,371,172,47,6
1,14,80,245,446,508,373,180,57,11,1
1,14,80,245,446,509,373,172,45,5
1,14,80,245,446,509,375,177,49,6
1,14,80,245,446,509,375,181,57,11,1
1,14,80,245,446,509,377,184,58,11,1
1,14,80,245,446,511,384,193,63,12,1
1,14,80,245,447,510,368,163,40,4
1,14,80,245,447,510,368,163,40,4
1,14,80,245,447,511,373,171,45,5
1,14,80,245,447,512,374,170,44,5
1,14,80,245,447,512,375,172,45,5
1,14,80,245,447,513,377,173,45,5
1,14,80,245,447,513,378,176,48,6
1,14,80,245,447,513,380,179,49,6
1,14,80,245,447,513,381,185,58,11,1
1,14,80,245,447,514,382,181,50,6
1,14,80,245,447,515,389,195,63,12,1
1,14,80,245,447,516,392,198,64,12,1
1,14,80,245,448,517,384,180,49,6
1,14,80,245,448,518,387,183,50,6
1,14,80,245,448,518,389,186,51,6
1,14,80,245,448,518,389,186,51,6
1,14,80,245,448,518,391,195,63,12,1
1,14,80,245,448,519,389,184,50,6
1,14,80,245,448,519,395,199,64,12,1
1,14,80,245,448,520,396,199,64,12,1
1,14,80,245,448,520,396,199,64,12,1
1,14,80,245,448,520,396,199,64,12,1
1,14,80,245,448,521,402,208,69,13,1
1,14,80,245,449,524,400,196,56,7
1,14,80,245,449,525,406,207,66,12,1
1,14,80,245,449,526,408,210,69,13,1
1,14,80,245,449,529,423,232,85,19,2
1,14,80,245,450,531,417,217,71,13,1
1,14,80,245,450,531,417,217,71,13,1
1,14,80,245,450,533,428,234,85,19,2
1,14,80,245,451,538,433,237,86,19,2
1,14,80,245,452,544,445,248,91,20,2
1,14,80,246,444,473,276,68
1,14,80,246,446,486,307,100,12
1,14,80,246,446,488,317,117,23,2
1,14,80,246,447,491,317,110,17,1
1,14,80,246,447,492,320,112,16
1,14,80,246,447,492,320,112,16
1,14,80,246,447,492,320,112,16
1,14,80,246,447,492,320,112,16
1,14,80,246,447,493,325,120,20
1,14,80,246,448,496,325,114,16
1,14,80,246,448,497,329,119,18
1,14,80,246,448,497,329,119,18
1,14,80,246,448,497,329,119,18
1,14,80,246,448,497,330,122,21,1
1,14,80,246,448,498,334,128,25,2
1,14,80,246,448,498,334,128,25,2
1,14,80,246,448,499,338,133,27,2
1,14,80,246,448,499,338,133,27,2
1,14,80,246,449,501,335,123,19
1,14,80,246,449,501,335,123,19
1,14,80,246,449,502,338,126,20
1,14,80,246,449,502,338,126,20
1,14,80,246,449,503,343,135,27,2
1,14,80,246,449,503,343,135,27,2
1,14,80,246,449,504,347,141,31,3
1,14,80,246,449,504,348,143,32,3
1,14,80,246,449,505,352,149,36,4
1,14,80,246,449,505,352,149,36,4
1,14,80,246,450,506,344,130,21
1,14,80,246,450,506,344,130,21
1,14,80,246,450,506,345,133,24,1
1,14,80,246,450,507,349,139,28,2
1,14,80,246,450,507,349,139,28,2
1,14,80,246,450,508,352,142,29,2
1,14,80,246,450,508,352,142,29,2
1,14,80,246,450,508,353,145,32,3
1,14,80,246,450,509,354,140,24
1,14,80,246,450,509,355,145,30,2
1,14,80,246,450,509,356,147,31,2
1,14,80,246,450,509,356,148,33,3
1,14,80,246,450,509,356,148,33,3
1,14,80,246,450,509,357,150,34,3
1,14,80,246,450,510,360,154,37,4
1,14,80,246,450,510,361,156,38,4
1,14,80,246,450,510,361,156,38,4
1,14,80,246,450,510,361,156,38,4
1,14,80,246,450,510,361,156,38,4
1,14,80,246,450,510,361,156,38,4
1,14,80,246,450,510,361,156,38,4
1,14,80,246,450,511,365,161,40,4
1,14,80,246,450,511,365,162,42,5
1,14,80,246,450,512,369,165,40,4
1,14,80,246,451,510,350,134,22
1,14,80,246,451,512,356,140,24
1,14,80,246,451,512,358,146,30,2
1,14,80,246,451,513,362,152,34,3
1,14,80,246,451,513,362,152,34,3
1,14,80,246,451,513,362,152,34,3
1,14,80,246,451,513,363,155,37,4
1,14,80,246,451,514,365,155,35,3
1,14,80,246,451,514,366,158,38,4
1,14,80,246,451,514,366,158,38,4
1,14,80,246,451,514,366,158,38,4
1,14,80,246,451,514,366,158,38,4
1,14,80,246,451,515,369,161,39,4
1,14,80,246,451,515,369,161,39,4
1,14,80,246,451,515,370,163,40,4
1,14,80,246,451,516,373,165,40,4
1,14,80,246,451,516,375,172,47,6
1,14,80,246,451,517,380,182,57,11,1
1,14,80,246,451,518,382,179,49,6
1,14,80,246,452,516,364,150,31,2
1,14,80,246,452,517,368,156,35,3
1,14,80,246,452,517,369,159,38,4
1,14,80,246,452,518,372,162,39,4
1,14,80,246,452,518,372,162,39,4
1,14,80,246,452,518,372,162,39,4
1,14,80,246,452,519,375,165,40,4
1,14,80,246,452,519,375,165,40,4
1,14,80,246,452,519,375,165,40,4
1,14,80,246,452,519,375,165,40,4
1,14,80,246,452,519,375,165,40,4
1,14,80,246,452,519,376,168,43,5
1,14,80,246,452,519,377,170,44,5
1,14,80,246,452,520,377,166,40,4
1,14,80,246,452,520,379,171,44,5
1,14,80,246,452,520,379,171,44,5
1,14,80,246,452,520,380,173,45,5
1,14,80,246,452,520,380,173,45,5
1,14,80,246,452,520,380,174,47,6
1,14,80,246,452,521,382,174,45,5
1,14,80,246,452,521,382,174,45,5
1,14,80,246,452,521,382,174,45,5
1,14,80,246,452,521,383,177,48,6
1,14,80,246,452,521,386,186,58,11,1
1,14,80,246,452,522,387,181,49,6
1,14,80,246,452,523,393,195,63,12,1
1,14,80,246,452,524,397,199,64,12,1
1,14,80,246,453,522,378,166,40,4
1,14,80,246,453,522,378,166,40,4
1,14,80,246,453,522,378,166,40,4
1,14,80,246,453,523,381,169,41,4
1,14,80,246,453,524,385,175,45,5
1,14,80,246,453,524,385,175,45,5
1,14,80,246,453,524,385,175,45,5
1,14,80,246,453,525,389,181,49,6
1,14,80,246,453,525,389,181,49,6
1,14,80,246,453,525,389,181,49,6
1,14,80,246,453,526,392,184,50,6
1,14,80,246,453,526,392,184,50,6
1,14,80,246,453,526,393,186,51,6
1,14,80,246,453,526,394,191,59,11,1
1,14,80,246,453,527,394,181,44,4
1,14,80,246,453,527,396,188,51,6
1,14,80,246,453,527,399,199,64,12,1
1,14,80,246,453,528,401,200,64,12,1
1,14,80,246,453,528,401,200,64,12,1
1,14,80,246,453,529,405,202,60,8
1,14,80,246,454,526,384,170,41,4
1,14,80,246,454,527,388,176,45,5
1,14,80,246,454,529,395,185,50,6
1,14,80,246,454,529,395,185,50,6
1,14,80,246,454,529,396,187,51,6
1,14,80,246,454,530,396,181,44,4
1,14,80,246,454,530,398,188,51,6
1,14,80,246,454,530,398,188,51,6
1,14,80,246,454,531,400,189,51,6
1,14,80,246,454,531,404,201,64,12,1
1,14,80,246,454,531,404,201,64,12,1
1,14,80,246,454,532,405,197,56,7
1,14,80,246,454,532,407,204,65,12,1
1,14,80,246,454,532,407,204,65,12,1
1,14,80,246,454,533,408,197,53,6
1,14,80,246,454,533,409,205,65,12,1
1,14,80,246,454,533,409,205,65,12,1
1,14,80,246,454,533,410,207,66,12,1
1,14,80,246,454,533,411,210,69,13,1
1,14,80,246,454,533,412,211,69,13,1
1,14,80,246,454,534,410,197,53,6
1,14,80,246,454,536,425,232,85,19,2
1,14,80,246,455,533,401,189,51,6
1,14,80,246,455,535,408,198,56,7
1,14,80,246,455,535,410,205,65,12,1
1,14,80,246,455,536,410,199,56,7
1,14,80,246,455,536,413,208,66,12,1
1,14,80,246,455,537,411,197,53,6
1,14,80,246,455,538,417,206,60,8
1,14,80,246,455,538,419,215,70,13,1
1,14,80,246,455,538,420,217,71,13,1
1,14,80,246,455,539,422,218,71,13,1
1,14,80,246,455,540,430,234,85,19,2
1,14,80,246,455,541,429,223,72,13,1
1,14,80,246,456,540,417,206,60,8
1,14,80,246,456,541,421,211,62,8
1,14,80,246,456,541,421,211,62,8
1,14,80,246,456,541,423,218,71,13,1
1,14,80,246,456,542,425,219,71,13,1
1,14,80,246,456,542,427,222,72,13,1
1,14,80,246,456,545,437,238,86,19,2
1,14,80,246,456,549,453,257,96,21,2
1,14,80,246,457,548,438,232,77,14,1
1,14,80,246,457,548,440,239,86,19,2
1,14,80,246,457,549,438,222,64,8
1,14,80,246,457,550,447,248,91,20,2
1,14,80,246,457,551,449,249,91,20,2
1,14,80,246,458,555,448,232,69,9
1,14,80,246,458,555,455,253,92,20,2
1,14,80,246,458,556,454,242,79,14,1
1,14,80,246,458,556,456,253,92,20,2
1,14,80,246,458,556,460,259,96,21,2
1,14,80,246,459,561,466,263,97,21,2
1,14,80,246,459,561,466,263,97,21,2
1,14,80,246,461,574,494,294,117,28,3
1,14,80,247,450,487,292,77,2
1,14,80,247,453,505,332,116,16
1,14,80,247,453,505,332,116,16
1,14,80,247,454,509,338,120,17
1,14,80,247,454,511,345,128,20
1,14,80,247,454,512,350,137,27,2
1,14,80,247,454,513,355,145,31,2
1,14,80,247,455,516,354,135,22
1,14,80,247,455,516,355,138,25,1
1,14,80,247,455,517,358,140,24
1,14,80,247,455,517,359,144,29,2
1,14,80,247,455,519,368,158,38,4
1,14,80,247,455,519,368,158,38,4
1,14,80,247,456,520,360,139,23
1,14,80,247,456,521,363,142,24
1,14,80,247,456,522,369,154,34,3
1,14,80,247,456,522,369,154,34,3
1,14,80,247,456,523,372,157,35,3
1,14,80,247,456,523,373,160,38,4
1,14,80,247,456,523,373,160,38,4
1,14,80,247,456,524,377,165,40,4
1,14,80,247,456,524,377,165,40,4
1,14,80,247,456,524,377,165,40,4
1,14,80,247,456,524,377,165,40,4
1,14,80,247,457,524,366,143,24
1,14,80,247,457,526,374,155,32,2
1,14,80,247,457,527,378,161,36,3
1,14,80,247,457,528,382,167,40,4
1,14,80,247,457,528,382,167,40,4
1,14,80,247,457,528,382,167,40,4
1,14,80,247,457,528,382,167,40,4
1,14,80,247,457,528,382,167,40,4
1,14,80,247,457,528,382,167,40,4
1,14,80,247,457,528,382,167,40,4
1,14,80,247,457,528,382,167,40,4
1,14,80,247,457,529,387,175,45,5
1,14,80,247,457,529,387,175,45,5
1,14,80,247,457,531,394,181,44,4
1,14,80,247,458,532,388,171,41,4
1,14,80,247,458,532,388,171,41,4
1,14,80,247,458,532,388,171,41,4
1,14,80,247,458,532,389,174,44,5
1,14,80,247,458,533,392,177,45,5
1,14,80,247,458,534,396,183,49,6
1,14,80,247,458,534,396,183,49,6
1,14,80,247,458,535,398,181,44,4
1,14,80,247,458,535,399,186,50,6
1,14,80,247,458,535,400,188,51,6
1,14,80,247,458,536,406,201,64,12,1
1,14,80,247,459,536,394,175,42,4
1,14,80,247,459,536,394,175,42,4
1,14,80,247,459,537,398,181,46,5
1,14,80,247,459,537,398,181,46,5
1,14,80,247,459,537,398,181,46,5
1,14,80,247,459,538,400,181,44,4
1,14,80,247,459,538,402,187,50,6
1,14,80,247,459,538,402,187,50,6
1,14,80,247,459,539,405,190,51,6
1,14,80,247,459,539,405,190,51,6
1,14,80,247,459,539,405,190,51,6
1,14,80,247,459,539,405,190,51,6
1,14,80,247,459,541,412,197,53,6
1,14,80,247,459,541,412,197,53,6
1,14,80,247,459,541,412,199,56,7
1,14,80,247,459,541,414,206,65,12,1
1,14,80,247,459,541,414,206,65,12,1
1,14,80,247,459,541,414,206,65,12,1
1,14,80,247,459,541,415,208,66,12,1
1,14,80,247,459,541,416,211,69,13,1
1,14,80,247,459,542,417,206,60,8
1,14,80,247,459,542,417,206,60,8
1,14,80,247,459,545,432,234,85,19,2
1,14,80,247,460,541,403,182,44,4
1,14,80,247,460,541,404,185,47,5
1,14,80,247,460,542,408,191,51,6
1,14,80,247,460,542,408,191,51,6
1,14,80,247,460,542,408,191,51,6
1,14,80,247,460,543,411,194,52,6
1,14,80,247,460,543,411,194,52,6
1,14,80,247,460,544,414,197,53,6
1,14,80,247,460,544,414,197,53,6
1,14,80,247,460,544,415,200,56,7
1,14,80,247,460,544,415,200,56,7
1,14,80,247,460,544,417,207,65,12,1
1,14,80,247,460,545,416,198,53,6
1,14,80,247,460,545,419,206,60,8
1,14,80,247,460,545,420,210,66,12,1
1,14,80,247,460,546,423,211,62,8
1,14,80,247,460,546,424,216,70,13,1
1,14,80,247,460,547,427,219,71,13,1
1,14,80,247,460,548,431,223,72,13,1
1,14,80,247,461,546,414,195,52,6
1,14,80,247,461,547,418,201,56,7
1,14,80,247,461,548,423,211,66,12,1
1,14,80,247,461,549,424,208,60,8
1,14,80,247,461,549,426,214,67,12,1
1,14,80,247,461,549,427,217,70,13,1
1,14,80,247,461,550,428,213,62,8
1,14,80,247,461,550,430,220,71,13,1
1,14,80,247,461,550,430,220,71,13,1
1,14,80,247,461,550,430,220,71,13,1
1,14,80,247,461,550,431,222,72,13,1
1,14,80,247,461,552,435,224,72,13,1
1,14,80,247,461,552,435,224,72,13,1
1,14,80,247,461,553,438,222,64,8
1,14,80,247,461,553,442,239,86,19,2
1,14,80,247,462,553,431,214,62,8
1,14,80,247,462,554,433,215,62,8
1,14,80,247,462,554,436,224,72,13,1
1,14,80,247,462,554,436,224,72,13,1
1,14,80,247,462,556,440,222,64,8
1,14,80,247,462,556,443,233,77,14,1
1,14,80,247,462,556,445,240,86,19,2
1,14,80,247,462,557,442,222,64,8
1,14,80,247,462,557,445,234,77,14,1
1,14,80,247,462,557,448,243,87,19,2
1,14,80,247,462,558,452,249,91,20,2
1,14,80,247,462,560,460,259,96,21,2
1,14,80,247,463,556,434,215,62,8
1,14,80,247,463,557,439,225,72,13,1
1,14,80,247,463,558,442,226,68,9
1,14,80,247,463,559,442,222,64,8
1,14,80,247,463,559,442,222,64,8
1,14,80,247,463,559,446,234,77,14,1
1,14,80,247,463,562,451,232,69,9
1,14,80,247,463,562,455,242,79,14,1
1,14,80,247,463,562,458,253,92,20,2
1,14,80,247,463,563,456,242,79,14,1
1,14,80,247,463,563,460,254,92,20,2
1,14,80,247,463,563,460,254,92,20,2
1,14,80,247,463,563,460,254,92,20,2
1,14,80,247,463,565,467,263,97,21,2
1,14,80,247,463,567,474,268,98,21,2
1,14,80,247,464,567,466,258,93,20,2
1,14,80,247,464,567,467,261,96,21,2
1,14,80,247,464,568,470,264,97,21,2
1,14,80,247,464,570,476,268,98,21,2
1,14,80,247,465,571,468,247,75,10
1,14,80,247,465,571,473,265,97,21,2
1,14,80,247,465,572,476,268,98,21,2
1,14,80,247,465,572,476,268,98,21,2
1,14,80,247,465,572,476,268,98,21,2
1,14,80,247,465,574,479,269,98,21,2
1,14,80,247,465,574,479,269,98,21,2
1,14,80,247,465,577,494,294,117,28,3
1,14,80,247,466,578,484,267,90,16,1
1,14,80,247,466,579,490,277,100,21,2
1,14,80,247,467,585,500,287,105,22,2
1,14,80,247,467,585,504,299,118,28,3
1,14,80,247,468,592,516,307,120,28,3
1,14,80,247,471,611,562,372,175,56,11,1
1,14,80,248,459,519,348,125,18
1,14,80,248,459,519,348,125,18
1,14,80,248,461,530,370,144,24
1,14,80,248,461,530,370,144,24
1,14,80,248,461,531,375,153,31,2
1,14,80,248,462,534,376,148,25
1,14,80,248,462,537,389,169,40,4
1,14,80,248,462,537,389,169,40,4
1,14,80,248,462,537,389,169,40,4
1,14,80,248,462,540,403,193,59,11,1
1,14,80,248,463,541,395,173,41,4
1,14,80,248,463,542,398,176,42,4
1,14,80,248,463,542,398,176,42,4
1,14,80,248,463,542,399,179,45,5
1,14,80,248,463,543,402,181,44,4
1,14,80,248,463,543,402,182,46,5
1,14,80,248,463,544,407,190,51,6
1,14,80,248,463,544,407,190,51,6
1,14,80,248,464,547,407,183,44,4
1,14,80,248,464,547,408,186,47,5
1,14,80,248,464,548,412,192,51,6
1,14,80,248,464,549,416,197,53,6
1,14,80,248,465,550,410,184,44,4
1,14,80,248,465,551,414,190,48,5
1,14,80,248,465,552,418,196,52,6
1,14,80,248,465,552,418,196,52,6
1,14,80,248,465,553,421,199,53,6
1,14,80,248,465,553,421,199,53,6
1,14,80,248,465,553,421,199,53,6
1,14,80,248,465,553,422,202,56,7
1,14,80,248,465,554,426,208,60,8
1,14,80,248,465,554,427,212,66,12,1
1,14,80,248,465,554,427,212,66,12,1
1,14,80,248,465,555,430,215,67,12,1
1,14,80,248,465,556,435,223,72,13,1
1,14,80,248,466,556,424,200,53,6
1,14,80,248,466,556,424,200,53,6
1,14,80,248,466,559,435,215,62,8
1,14,80,248,466,560,440,225,72,13,1
1,14,80,248,466,560,440,225,72,13,1
1,14,80,248,466,560,440,225,72,13,1
1,14,80,248,466,561,442,222,64,8
1,14,80,248,466,561,442,222,64,8
1,14,80,248,466,562,449,241,86,19,2
1,14,80,248,467,561,435,213,61,8
1,14,80,248,467,562,438,216,62,8
1,14,80,248,467,562,438,216,62,8
1,14,80,248,467,563,443,226,72,13,1
1,14,80,248,467,563,443,226,72,13,1
1,14,80,248,467,564,444,222,64,8
1,14,80,248,467,564,444,222,64,8
1,14,80,248,467,564,446,227,68,9
1,14,80,248,467,564,446,229,73,13,1
1,14,80,248,467,565,450,235,77,14,1
1,14,80,248,467,566,455,245,87,19,2
1,14,80,248,467,567,457,242,79,14,1
1,14,80,248,467,568,462,254,92,20,2
1,14,80,248,467,569,467,261,96,21,2
1,14,80,248,468,567,447,223,64,8
1,14,80,248,468,567,449,230,73,13,1
1,14,80,248,468,568,449,224,64,8
1,14,80,248,468,569,454,232,69,9
1,14,80,248,468,570,456,233,69,9
1,14,80,248,468,570,459,242,79,14,1
1,14,80,248,468,571,461,243,79,14,1
1,14,80,248,468,571,465,255,92,20,2
1,14,80,248,468,574,476,268,98,21,2
1,14,80,248,469,570,450,224,64,8
1,14,80,248,469,570,450,224,64,8
1,14,80,248,469,571,454,230,68,9
1,14,80,248,469,572,459,240,78,14,1
1,14,80,248,469,573,462,243,79,14,1
1,14,80,248,469,575,471,259,93,20,2
1,14,80,248,469,575,471,259,93,20,2
1,14,80,248,469,576,470,247,75,10
1,14,80,248,469,576,475,265,97,21,2
1,14,80,248,469,577,478,268,98,21,2
1,14,80,248,469,577,478,268,98,21,2
1,14,80,248,469,578,480,269,98,21,2
1,14,80,248,469,578,480,269,98,21,2
1,14,80,248,469,578,480,269,98,21,2
1,14,80,248,470,578,474,260,93,20,2
1,14,80,248,470,579,472,247,75,10
1,14,80,248,470,580,481,269,98,21,2
1,14,80,248,470,581,483,270,98,21,2
1,14,80,248,470,581,483,270,98,21,2
1,14,80,248,470,581,483,270,98,21,2
1,14,80,248,470,582,486,273,99,21,2
1,14,80,248,470,583,490,277,100,21,2
1,14,80,248,471,581,473,247,75,10
1,14,80,248,471,583,484,270,98,21,2
1,14,80,248,471,585,487,267,90,16,1
1,14,80,248,471,585,489,274,99,21,2
1,14,80,248,471,586,492,277,100,21,2
1,14,80,248,471,589,501,287,105,22,2
1,14,80,248,471,589,505,299,118,28,3
1,14,80,248,472,587,490,274,99,21,2
1,14,80,248,472,589,495,278,100,21,2
1,14,80,248,472,589,497,283,104,22,2
1,14,80,248,472,591,502,287,105,22,2
1,14,80,248,472,593,505,288,105,22,2
1,14,80,248,472,595,516,307,120,28,3
1,14,80,248,473,594,504,282,96,17,1
1,14,80,248,473,596,514,304,119,28,3
1,14,80,248,473,596,514,304,119,28,3
1,14,80,248,473,599,520,308,120,28,3
1,14,80,248,474,601,520,302,111,23,2
1,14,80,248,474,601,520,302,111,23,2
1,14,80,248,475,608,536,322,126,29,3
1,14,80,248,475,614,563,372,175,56,11,1
1,14,80,248,476,617,566,373,175,56,11,1
1,14,80,248,478,629,585,388,181,57,11,1
1,14,80,249,465,534,368,140,24,1
1,14,80,249,467,544,386,153,26
1,14,80,249,468,551,405,178,42,4
1,14,80,249,468,551,405,178,42,4
1,14,80,249,469,556,414,185,44,4
1,14,80,249,470,560,420,189,45,4
1,14,80,249,470,561,424,195,49,5
1,14,80,249,470,562,428,201,53,6
1,14,80,249,470,562,428,201,53,6
1,14,80,249,470,562,428,201,53,6
1,14,80,249,470,563,433,210,60,8
1,14,80,249,470,565,442,225,72,13,1
1,14,80,249,471,566,434,205,54,6
1,14,80,249,471,566,434,205,54,6
1,14,80,249,471,567,439,214,61,8
1,14,80,249,471,568,442,217,62,8
1,14,80,249,471,569,446,222,64,8
1,14,80,249,471,569,447,227,72,13,1
1,14,80,249,472,573,451,224,64,8
1,14,80,249,472,573,451,224,64,8
1,14,80,249,472,573,453,231,73,13,1
1,14,80,249,472,573,453,231,73,13,1
1,14,80,249,472,573,453,231,73,13,1
1,14,80,249,472,575,460,240,78,14,1
1,14,80,249,472,575,461,242,79,14,1
1,14,80,249,473,576,454,225,64,8
1,14,80,249,473,576,454,225,64,8
1,14,80,249,473,576,454,225,64,8
1,14,80,249,473,577,458,231,68,9
1,14,80,249,473,578,461,234,69,9
1,14,80,249,473,578,463,241,78,14,1
1,14,80,249,473,579,466,244,79,14,1
1,14,80,249,474,580,460,229,65,8
1,14,80,249,474,582,469,245,79,14,1
1,14,80,249,474,584,474,247,75,10
1,14,80,249,474,584,478,261,93,20,2
1,14,80,249,474,585,481,264,94,20,2
1,14,80,249,474,586,485,270,98,21,2
1,14,80,249,474,586,485,270,98,21,2
1,14,80,249,474,586,485,270,98,21,2
1,14,80,249,474,586,485,270,98,21,2
1,14,80,249,474,588,492,277,100,21,2
1,14,80,249,475,587,477,248,75,10
1,14,80,249,475,588,484,265,94,20,2
1,14,80,249,475,590,489,267,90,16,1
1,14,80,249,475,590,491,274,99,21,2
1,14,80,249,475,591,491,268,90,16,1
1,14,80,249,476,590,480,249,75,10
1,14,80,249,476,593,492,268,90,16,1
1,14,80,249,476,593,494,275,99,21,2
1,14,80,249,476,593,494,275,99,21,2
1,14,80,249,476,593,494,275,99,21,2
1,14,80,249,476,594,497,278,100,21,2
1,14,80,249,476,595,499,279,100,21,2
1,14,80,249,476,595,501,284,104,22,2
1,14,80,249,476,596,504,287,105,22,2
1,14,80,249,476,597,506,288,105,22,2
1,14,80,249,476,599,515,304,119,28,3
1,14,80,249,477,597,500,279,100,21,2
1,14,80,249,477,597,500,279,100,21,2
1,14,80,249,477,598,504,285,104,22,2
1,14,80,249,477,600,509,289,105,22,2
1,14,80,249,477,601,516,304,119,28,3
1,14,80,249,477,603,521,308,120,28,3
1,14,80,249,478,602,508,282,96,17,1
1,14,80,249,478,602,510,289,105,22,2
1,14,80,249,478,602,510,289,105,22,2
1,14,80,249,478,606,522,302,111,23,2
1,14,80,249,478,606,522,302,111,23,2
1,14,80,249,478,606,524,309,120,28,3
1,14,80,249,478,606,524,309,120,28,3
1,14,80,249,479,608,523,302,111,23,2
1,14,80,249,479,608,525,309,120,28,3
1,14,80,249,479,609,525,303,111,23,2
1,14,80,249,479,612,537,322,126,29,3
1,14,80,249,479,617,556,348,145,36,4
1,14,80,249,480,611,526,303,111,23,2
1,14,80,249,480,615,540,323,126,29,3
1,14,80,249,480,621,567,373,175,56,11,1
1,14,80,249,481,624,570,374,175,56,11,1
1,14,80,249,482,624,556,337,132,30,3
1,14,80,249,482,626,563,350,145,36,4
1,14,80,249,482,632,586,388,181,57,11,1
1,14,80,249,483,631,572,357,147,36,4
1,14,80,249,484,639,595,393,182,57,11,1
1,14,80,249,486,652,621,423,202,64,12,1
1,14,80,250,474,566,425,193,48,5
1,14,80,250,475,568,420,176,32
1,14,80,250,476,576,444,210,55,6
1,14,80,250,476,577,449,219,62,8
1,14,80,250,477,582,458,226,64,8
1,14,80,250,477,583,463,236,74,13,1
1,14,80,250,478,586,464,230,65,8
1,14,80,250,478,587,468,236,69,9
1,14,80,250,478,588,473,246,79,14,1
1,14,80,250,478,589,476,247,75,10
1,14,80,250,479,592,479,250,80,14,1
1,14,80,250,479,592,479,250,80,14,1
1,14,80,250,479,593,479,242,68,8
1,14,80,250,479,595,492,272,98,21,2
1,14,80,250,479,596,495,275,99,21,2
1,14,80,250,480,596,481,242,68,8
1,14,80,250,480,596,484,250,75,10
1,14,80,250,480,599,498,276,99,21,2
1,14,80,250,480,599,498,276,99,21,2
1,14,80,250,480,600,501,279,100,21,2
1,14,80,250,480,600,501,279,100,21,2
1,14,80,250,480,600,501,279,100,21,2
1,14,80,250,481,603,504,280,100,21,2
1,14,80,250,481,605,511,289,105,22,2
1,14,80,250,481,605,511,289,105,22,2
1,14,80,250,482,607,510,284,101,21,2
1,14,80,250,482,608,512,283,96,17,1
1,14,80,250,482,608,514,290,105,22,2
1,14,80,250,482,608,514,290,105,22,2
1,14,80,250,482,611,524,302,111,23,2
1,14,80,250,482,611,526,309,120,28,3
1,14,80,250,483,612,520,294,106,22,2
1,14,80,250,483,614,527,303,111,23,2
1,14,80,250,483,614,529,310,120,28,3
1,14,80,250,483,615,523,283,88,12
1,14,80,250,483,618,541,323,126,29,3
1,14,80,250,484,617,523,283,88,12
1,14,80,250,484,617,530,304,111,23,2
1,14,80,250,484,617,530,304,111,23,2
1,14,80,250,484,618,535,314,121,28,3
1,14,80,250,484,621,544,324,126,29,3
1,14,80,250,484,622,543,313,113,23,2
1,14,80,250,484,627,571,374,175,56,11,1
1,14,80,250,485,623,545,324,126,29,3
1,14,80,250,485,625,544,313,113,23,2
1,14,80,250,485,628,563,350,145,36,4
1,14,80,250,486,629,558,337,132,30,3
1,14,80,250,486,630,560,338,132,30,3
1,14,80,250,486,633,572,357,147,36,4
1,14,80,250,486,636,587,388,181,57,11,1
1,14,80,250,487,632,561,338,132,30,3
1,14,80,250,488,637,573,355,146,36,4
1,14,80,250,488,640,573,338,124,25,2
1,14,80,250,488,640,579,359,147,36,4
1,14,80,250,488,643,596,393,182,57,11,1
1,14,80,250,489,641,579,359,147,36,4
1,14,80,250,489,645,597,393,182,57,11,1
1,14,80,250,489,647,588,358,139,31,3
1,14,80,250,489,653,621,423,202,64,12,1
1,14,80,250,490,647,592,372,153,37,4
1,14,80,250,491,658,625,424,202,64,12,1
1,14,80,250,492,662,631,428,203,64,12,1
1,14,80,251,480,577,427,178,32
1,14,80,251,482,592,469,234,68,9
1,14,80,251,483,596,474,235,66,8
1,14,80,251,483,598,483,251,80,14,1
1,14,80,251,484,601,483,242,68,8
1,14,80,251,484,601,483,242,68,8
1,14,80,251,484,602,488,251,75,10
1,14,80,251,485,604,486,243,68,8
1,14,80,251,485,609,508,281,100,21,2
1,14,80,251,485,609,508,281,100,21,2
1,14,80,251,485,610,511,282,96,17,1
1,14,80,251,486,613,514,285,101,21,2
1,14,80,251,486,614,518,291,105,22,2
1,14,80,251,487,618,524,295,106,22,2
1,14,80,251,487,618,524,295,106,22,2
1,14,80,251,487,619,523,283,88,12
1,14,80,251,487,620,531,304,111,23,2
1,14,80,251,487,620,531,304,111,23,2
1,14,80,251,487,621,536,314,121,28,3
1,14,80,251,488,622,525,283,88,12
1,14,80,251,488,624,539,315,121,28,3
1,14,80,251,488,626,543,313,113,23,2
1,14,80,251,489,624,526,283,88,12
1,14,80,251,489,629,545,313,113,23,2
1,14,80,251,489,629,545,313,113,23,2
1,14,80,251,489,629,549,325,126,29,3
1,14,80,251,491,638,565,339,132,30,3
1,14,80,251,491,640,574,355,146,36,4
1,14,80,251,491,642,579,359,147,36,4
1,14,80,251,491,646,597,393,182,57,11,1
1,14,80,251,492,644,573,338,124,25,2
1,14,80,251,492,644,580,359,147,36,4
1,14,80,251,492,649,593,368,149,36,4
1,14,80,251,493,646,574,338,124,25,2
1,14,80,251,493,650,588,358,139,31,3
1,14,80,251,493,650,593,372,153,37,4
1,14,80,251,493,651,589,358,139,31,3
1,14,80,251,493,651,601,394,182,57,11,1
1,14,80,251,493,651,601,394,182,57,11,1
1,14,80,251,494,651,589,364,148,36,4
1,14,80,251,494,654,595,368,149,36,4
1,14,80,251,494,660,625,424,202,64,12,1
1,14,80,251,495,656,599,374,153,37,4
1,14,80,251,495,664,631,428,203,64,12,1
1,14,80,251,497,669,623,393,160,38,4
1,14,80,251,497,669,623,393,160,38,4
1,14,80,251,497,669,635,429,203,64,12,1
1,14,80,251,497,669,635,429,203,64,12,1
1,14,80,251,499,678,651,443,209,65,12,1
1,14,80,251,499,684,660,448,210,65,12,1
1,14,80,252,485,587,437,183,33
1,14,80,252,489,610,490,244,68,8
1,14,80,252,489,610,490,244,68,8
1,14,80,252,491,624,528,296,106,22,2
1,14,80,252,492,627,527,283,88,12
1,14,80,252,492,628,534,300,107,22,2
1,14,80,252,493,630,530,284,88,12
1,14,80,252,493,633,544,310,112,23,2
1,14,80,252,493,634,547,313,113,23,2
1,14,80,252,493,634,547,313,113,23,2
1,14,80,252,493,634,549,320,122,28,3
1,14,80,252,494,637,550,314,113,23,2
1,14,80,252,494,641,566,339,132,30,3
1,14,80,252,494,642,572,352,145,36,4
1,14,80,252,495,644,569,340,132,30,3
1,14,80,252,495,646,573,338,124,25,2
1,14,80,252,496,649,575,338,124,25,2
1,14,80,252,497,651,576,338,124,25,2
1,14,80,252,497,654,590,364,148,36,4
1,14,80,252,497,655,590,358,139,31,3
1,14,80,252,497,655,590,358,139,31,3
1,14,80,252,497,656,595,368,149,36,4
1,14,80,252,497,657,605,395,182,57,11,1
1,14,80,252,498,657,591,358,139,31,3
1,14,80,252,498,659,600,374,153,37,4
1,14,80,252,498,661,611,399,183,57,11,1
1,14,80,252,499,661,599,369,149,36,4
1,14,80,252,499,670,635,429,203,64,12,1
1,14,80,252,500,671,623,393,160,38,4
1,14,80,252,500,672,636,429,203,64,12,1
1,14,80,252,501,673,624,393,160,38,4
1,14,80,252,501,674,625,393,160,38,4
1,14,80,252,502,675,625,393,160,38,4
1,14,80,252,502,679,645,434,204,64,12,1
1,14,80,252,502,681,652,443,209,65,12,1
1,14,80,252,502,685,660,448,210,65,12,1
1,14,80,252,503,684,655,444,209,65,12,1
1,14,80,252,503,687,661,448,210,65,12,1
1,14,80,252,505,691,658,428,181,45,5
1,14,80,252,506,699,680,463,216,66,12,1
1,14,80,252,510,722,736,544,285,100,21,2
1,14,80,253,494,620,500,249,69,8
1,14,80,253,497,636,534,285,88,12
1,14,80,253,498,643,554,315,113,23,2
1,14,80,253,498,643,554,315,113,23,2
1,14,80,253,500,654,577,338,124,25,2
1,14,80,253,500,656,588,361,147,36,4
1,14,80,253,501,657,580,339,124,25,2
1,14,80,253,501,660,592,358,139,31,3
1,14,80,253,501,661,597,368,149,36,4
1,14,80,253,502,663,595,359,139,31,3
1,14,80,253,502,664,600,369,149,36,4
1,14,80,253,504,676,625,393,160,38,4
1,14,80,253,504,676,625,393,160,38,4
1,14,80,253,504,678,640,430,203,64,12,1
1,14,80,253,505,678,626,393,160,38,4
1,14,80,253,505,678,626,393,160,38,4
1,14,80,253,506,681,629,394,160,38,4
1,14,80,253,506,689,661,448,210,65,12,1
1,14,80,253,508,694,659,428,181,45,5
1,14,80,253,508,694,665,449,210,65,12,1
1,14,80,253,509,696,660,428,181,45,5
1,14,80,253,509,701,680,463,216,66,12,1
1,14,80,253,510,703,681,463,216,66,12,1
1,14,80,253,512,722,736,544,285,100,21,2
1,14,80,253,514,721,715,498,237,73,13,1
1,14,80,253,516,732,746,549,286,100,21,2
1,14,80,253,516,736,752,553,287,100,21,2
1,14,80,254,503,653,564,320,114,23,2
1,14,80,254,506,669,599,360,139,31,3
1,14,80,254,506,670,604,370,149,36,4
1,14,80,254,506,670,604,370,149,36,4
1,14,80,254,506,671,608,376,153,37,4
1,14,80,254,508,681,627,393,160,38,4
1,14,80,254,508,682,635,415,189,58,11,1
1,14,80,254,509,684,630,394,160,38,4
1,14,80,254,509,688,650,435,204,64,12,1
1,14,80,254,511,697,666,449,210,65,12,1
1,14,80,254,511,697,666,449,210,65,12,1
1,14,80,254,511,697,666,449,210,65,12,1
1,14,80,254,512,699,661,428,181,45,5
1,14,80,254,512,704,681,463,216,66,12,1
1,14,80,254,514,709,685,464,216,66,12,1
1,14,80,254,517,724,716,498,237,73,13,1
1,14,80,254,518,733,746,549,286,100,21,2
1,14,80,254,518,736,752,553,287,100,21,2
1,14,80,254,521,742,756,554,287,100,21,2
1,14,80,254,521,742,756,554,287,100,21,2
1,14,80,254,523,751,772,568,293,101,21,2
1,14,80,255,511,680,614,375,150,36,4
1,14,80,255,513,685,608,344,112,16
1,14,80,255,513,690,634,395,160,38,4
1,14,80,255,515,702,662,428,181,45,5
1,14,80,255,515,703,670,450,210,65,12,1
1,14,80,255,515,703,670,450,210,65,12,1
1,14,80,255,517,712,686,464,216,66,12,1
1,14,80,255,518,715,678,429,173,40,4
1,14,80,255,519,717,678,429,173,40,4
1,14,80,255,523,743,756,554,287,100,21,2
1,14,80,255,523,743,756,554,287,100,21,2
1,14,80,255,524,742,728,484,209,53,6
1,14,80,255,525,750,749,519,244,74,13,1
1,14,80,255,525,752,772,568,293,101,21,2
1,14,80,255,527,757,776,569,293,101,21,2
1,14,80,256,517,690,610,344,112,16
1,14,80,256,520,713,680,455,211,65,12,1
1,14,80,256,522,719,678,429,173,40,4
1,14,80,256,522,719,678,429,173,40,4
1,14,80,256,523,721,679,429,173,40,4
1,14,80,256,524,733,721,499,237,73,13,1
1,14,80,256,527,744,728,484,209,53,6
1,14,80,256,528,745,728,484,209,53,6
1,14,80,256,528,751,749,519,244,74,13,1
1,14,80,256,529,758,776,569,293,101,21,2
1,14,80,256,533,771,784,554,265,81,14,1
1,14,80,256,534,779,805,589,300,102,21,2
1,14,80,257,521,696,614,345,112,16
1,14,80,257,526,724,680,429,173,40,4
1,14,80,257,526,724,680,429,173,40,4
1,14,80,257,530,746,728,484,209,53,6
1,14,80,257,530,752,761,555,287,100,21,2
1,14,80,257,531,748,729,484,209,53,6
1,14,80,257,531,753,749,519,244,74,13,1
1,14,80,257,532,755,750,519,244,74,13,1
1,14,80,257,536,773,784,554,265,81,14,1
1,14,80,257,536,779,805,589,300,102,21,2
1,14,80,257,538,782,806,589,300,102,21,2
1,14,80,257,542,800,840,624,321,109,22,2
1,14,80,257,550,842,951,800,496,220,66,12,1
1,14,80,258,530,730,684,430,173,40,4
1,14,80,258,534,751,730,484,209,53,6
1,14,80,258,535,758,751,519,244,74,13,1
1,14,80,258,535,762,771,560,288,100,21,2
1,14,80,258,536,767,781,570,293,101,21,2
1,14,80,258,538,774,784,554,265,81,14,1
1,14,80,258,539,776,785,554,265,81,14,1
1,14,80,258,540,783,806,589,300,102,21,2
1,14,80,258,544,801,840,624,321,109,22,2
1,14,80,258,545,803,841,624,321,109,22,2
1,14,80,258,551,842,951,800,496,220,66,12,1
1,14,80,259,539,764,755,520,244,74,13,1
1,14,80,259,543,786,807,589,300,102,21,2
1,14,80,259,547,804,841,624,321,109,22,2
1,14,80,259,561,867,981,820,503,221,66,12,1
1,14,80,260,547,792,811,590,300,102,21,2
1,14,80,260,550,807,842,624,321,109,22,2
1,14,80,260,562,867,981,820,503,221,66,12,1
1,14,80,261,557,819,833,575,258,68,8
1,14,80,261,564,854,910,680,349,117,23,2
1,14,80,262,560,821,833,575,258,68,8
1,14,80,262,565,862,966,806,497,220,66,12,1
1,14,80,262,566,854,910,680,349,117,23,2
1,14,80,262,567,855,910,680,349,117,23,2
1,14,80,262,573,882,966,750,405,145,31,3
1,14,80,263,563,824,834,575,258,68,8
1,14,80,263,569,856,910,680,349,117,23,2
1,14,80,263,569,856,910,680,349,117,23,2
1,14,80,263,571,877,986,821,503,221,66,12,1
1,14,80,263,575,883,966,750,405,145,31,3
1,14,80,263,583,919,1050,876,531,229,67,12,1
1,14,80,264,572,859,911,680,349,117,23,2
1,14,80,264,577,884,966,750,405,145,31,3
1,14,80,264,584,919,1050,876,531,229,67,12,1
1,14,80,266,589,923,1051,876,531,229,67,12,1
1,14,80,268,606,966,1092,876,489,181,40,4
1,14,80,269,608,966,1092,876,489,181,40,4
1,14,80,269,616,1002,1176,1002,615,265,76,13,1
1,14,80,270,610,967,1092,876,489,181,40,4
1,14,80,270,617,1002,1176,1002,615,265,76,13,1
1,14,80,271,619,1003,1176,1002,615,265,76,13,1
1,14,80,277,660,1122,1386,1254,825,385,121,23,2
1,14,80,278,661,1122,1386,1254,825,385,121,23,2
1,14,80,287,715,1287,1716,1716,1287,715,286,78,13,1
1,14,81,250,441,438,220,40
1,14,81,250,442,444,232,48
1,14,81,250,442,444,233,52,4
1,14,81,250,442,445,237,56,4
1,14,81,250,443,450,243,54
1,14,81,250,443,451,249,65,6
1,14,81,250,443,452,254,72,8
1,14,81,250,444,458,265,78,9
1,14,81,250,444,459,271,89,15,1
1,14,81,251,448,456,240,48
1,14,81,251,449,462,252,56
1,14,81,251,449,462,253,60,4
1,14,81,251,449,463,258,68,8
1,14,81,251,450,467,260,60
1,14,81,251,450,468,265,68,4
1,14,81,251,450,469,270,76,8
1,14,81,251,450,469,270,76,8
1,14,81,251,451,474,277,77,6
1,14,81,251,451,474,278,80,8
1,14,81,251,451,474,278,80,8
1,14,81,251,451,475,282,85,10
1,14,81,251,451,475,282,85,10
1,14,81,251,451,475,283,88,12
1,14,81,251,451,476,287,92,12
1,14,81,251,452,480,289,87,9
1,14,81,251,452,481,294,94,12
1,14,81,251,452,481,294,94,12
1,14,81,251,452,481,295,98,16,1
1,14,81,251,452,482,299,102,17,1
1,14,81,251,452,482,300,104,16
1,14,81,251,452,483,305,113,23,2
1,14,81,251,453,488,311,111,18
1,14,81,251,453,489,316,119,24,2
1,14,81,251,453,489,317,122,25,2
1,14,81,251,454,496,333,136,31,3
1,14,81,252,456,480,272,64
1,14,81,252,456,481,278,76,8
1,14,81,252,457,486,285,76,4
1,14,81,252,457,487,290,84,8
1,14,81,252,457,487,290,84,8
1,14,81,252,458,491,294,83,6
1,14,81,252,458,492,298,88,8
1,14,81,252,458,493,303,96,12
1,14,81,252,458,493,303,96,12
1,14,81,252,458,493,303,96,12
1,14,81,252,458,494,308,104,16
1,14,81,252,459,497,307,95,10
1,14,81,252,459,498,311,100,12
1,14,81,252,459,498,311,100,12
1,14,81,252,459,498,311,100,12
1,14,81,252,459,499,315,105,14
1,14,81,252,459,499,316,108,16
1,14,81,252,459,499,316,109,18,1
1,14,81,252,459,500,320,112,16
1,14,81,252,459,500,321,117,23,2
1,14,81,252,460,504,323,110,15
1,14,81,252,460,504,323,110,15
1,14,81,252,460,504,324,112,16
1,14,81,252,460,504,324,112,16
1,14,81,252,460,504,324,112,16
1,14,81,252,460,504,324,113,18,1
1,14,81,252,460,505,328,117,18
1,14,81,252,460,505,328,118,20,1
1,14,81,252,460,505,329,120,20
1,14,81,252,460,505,330,124,25,2
1,14,81,252,460,506,333,126,25,2
1,14,81,252,460,506,333,126,25,2
1,14,81,252,460,506,333,126,25,2
1,14,81,252,460,508,344,145,36,4
1,14,81,252,461,510,335,120,18
1,14,81,252,461,511,341,131,26,2
1,14,81,252,461,512,346,138,29,2
1,14,81,252,461,512,346,139,31,3
1,14,81,252,461,513,350,143,32,3
1,14,81,252,461,513,352,149,36,4
1,14,81,252,462,518,358,149,34,3
1,14,81,252,462,519,363,156,38,4
1,14,81,252,462,519,363,156,38,4
1,14,81,252,463,526,380,174,47,6
1,14,81,252,464,534,402,200,64,12,1
1,14,81,253,463,498,292,72
1,14,81,253,464,505,310,92,8
1,14,81,253,465,511,323,104,12
1,14,81,253,465,512,328,112,16
1,14,81,253,465,512,328,112,16
1,14,81,253,465,512,328,112,16
1,14,81,253,466,516,332,111,14
1,14,81,253,466,517,336,116,16
1,14,81,253,466,517,336,116,16
1,14,81,253,466,517,336,116,16
1,14,81,253,466,517,336,116,16
1,14,81,253,466,517,336,116,16
1,14,81,253,466,518,341,124,20
1,14,81,253,466,518,341,125,23,2
1,14,81,253,466,518,342,128,25,2
1,14,81,253,467,521,342,121,19,1
1,14,81,253,467,522,345,123,18
1,14,81,253,467,522,345,123,18
1,14,81,253,467,522,345,123,18
1,14,81,253,467,523,349,128,20
1,14,81,253,467,523,349,128,20
1,14,81,253,467,523,349,129,22,1
1,14,81,253,467,523,350,132,25,2
1,14,81,253,467,524,354,137,27,2
1,14,81,253,467,524,354,137,27,2
1,14,81,253,467,525,358,140,24
1,14,81,253,467,525,360,149,36,4
1,14,81,253,468,527,354,130,20
1,14,81,253,468,527,354,130,20
1,14,81,253,468,528,357,133,21
1,14,81,253,468,528,358,136,24,1
1,14,81,253,468,528,359,139,27,2
1,14,81,253,468,528,359,139,27,2
1,14,81,253,468,529,362,140,24
1,14,81,253,468,529,362,142,28,2
1,14,81,253,468,529,363,144,29,2
1,14,81,253,468,529,363,145,31,3
1,14,81,253,468,529,364,147,31,2
1,14,81,253,468,530,367,150,33,3
1,14,81,253,468,530,367,150,33,3
1,14,81,253,468,530,368,153,36,4
1,14,81,253,468,531,372,158,38,4
1,14,81,253,468,532,377,165,40,4
1,14,81,253,469,534,371,149,30,2
1,14,81,253,469,535,375,155,34,3
1,14,81,253,469,535,375,155,34,3
1,14,81,253,469,535,376,157,35,3
1,14,81,253,469,535,377,160,38,4
1,14,81,253,469,535,377,160,38,4
1,14,81,253,469,536,380,163,39,4
1,14,81,253,469,536,381,165,40,4
1,14,81,253,469,536,381,165,40,4
1,14,81,253,469,537,384,167,40,4
1,14,81,253,469,537,384,167,40,4
1,14,81,253,469,537,386,174,47,6
1,14,81,253,470,541,388,168,40,4
1,14,81,253,470,542,393,176,45,5
1,14,81,253,470,542,393,176,45,5
1,14,81,253,470,543,398,181,44,4
1,14,81,253,470,543,398,183,49,6
1,14,81,253,470,545,408,201,64,12,1
1,14,81,253,471,548,405,187,50,6
1,14,81,253,471,550,414,197,53,6
1,14,81,253,471,550,416,206,65,12,1
1,14,81,253,472,556,428,217,70,13,1
1,14,81,253,472,558,436,224,72,13,1
1,14,81,253,473,564,450,243,87,19,2
1,14,81,254,470,517,317,88,4
1,14,81,254,472,530,348,120,16
1,14,81,254,472,530,348,120,16
1,14,81,254,472,530,348,120,16
1,14,81,254,473,535,357,127,18
1,14,81,254,473,536,361,132,20
1,14,81,254,473,536,361,132,20
1,14,81,254,473,536,362,136,25,2
1,14,81,254,473,537,366,140,24
1,14,81,254,473,538,372,153,36,4
1,14,81,254,474,541,370,139,22
1,14,81,254,474,541,370,139,22
1,14,81,254,474,542,374,144,24
1,14,81,254,474,542,375,148,29,2
1,14,81,254,474,542,375,148,29,2
1,14,81,254,474,542,375,148,29,2
1,14,81,254,474,543,379,153,31,2
1,14,81,254,474,544,385,165,40,4
1,14,81,254,475,546,379,146,24
1,14,81,254,475,546,379,146,24
1,14,81,254,475,546,379,146,24
1,14,81,254,475,546,380,149,27,1
1,14,81,254,475,547,383,152,28,1
1,14,81,254,475,547,384,155,31,2
1,14,81,254,475,547,384,155,31,2
1,14,81,254,475,547,384,155,31,2
1,14,81,254,475,547,385,158,34,3
1,14,81,254,475,548,388,161,35,3
1,14,81,254,475,548,388,161,35,3
1,14,81,254,475,548,389,164,38,4
1,14,81,254,475,549,393,169,40,4
1,14,81,254,475,549,393,169,40,4
1,14,81,254,475,549,393,169,40,4
1,14,81,254,475,549,393,169,40,4
1,14,81,254,475,549,393,169,40,4
1,14,81,254,475,549,393,169,40,4
1,14,81,254,476,550,385,150,25
1,14,81,254,476,551,390,159,32,2
1,14,81,254,476,552,393,162,33,2
1,14,81,254,476,552,394,165,36,3
1,14,81,254,476,553,397,168,37,3
1,14,81,254,476,553,397,168,37,3
1,14,81,254,476,553,398,171,40,4
1,14,81,254,476,553,398,171,40,4
1,14,81,254,476,554,401,174,41,4
1,14,81,254,476,554,401,174,41,4
1,14,81,254,476,554,401,174,41,4
1,14,81,254,476,554,402,176,42,4
1,14,81,254,476,555,406,181,44,4
1,14,81,254,476,555,406,182,46,5
1,14,81,254,476,555,407,185,49,6
1,14,81,254,476,558,421,206,60,8
1,14,81,254,477,558,407,178,42,4
1,14,81,254,477,558,407,178,42,4
1,14,81,254,477,558,407,178,42,4
1,14,81,254,477,558,408,181,45,5
1,14,81,254,477,559,411,183,44,4
1,14,81,254,477,559,411,184,46,5
1,14,81,254,477,560,414,187,47,5
1,14,81,254,477,560,415,190,50,6
1,14,81,254,477,560,416,192,51,6
1,14,81,254,477,560,416,192,51,6
1,14,81,254,477,560,416,192,51,6
1,14,81,254,477,561,420,197,53,6
1,14,81,254,477,562,423,199,53,6
1,14,81,254,477,562,425,208,65,12,1
1,14,81,254,478,565,424,197,52,6
1,14,81,254,478,566,427,200,53,6
1,14,81,254,478,566,427,200,53,6
1,14,81,254,478,566,428,203,56,7
1,14,81,254,478,566,431,212,66,12,1
1,14,81,254,478,567,433,210,60,8
1,14,81,254,478,567,433,213,66,12,1
1,14,81,254,478,567,434,215,67,12,1
1,14,81,254,478,567,435,218,70,13,1
1,14,81,254,478,569,442,225,72,13,1
1,14,81,254,479,573,446,222,64,8
1,14,81,254,479,573,446,222,64,8
1,14,81,254,479,573,446,226,72,13,1
1,14,81,254,479,573,446,226,72,13,1
1,14,81,254,479,575,457,245,87,19,2
1,14,81,254,480,579,457,232,69,9
1,14,81,254,480,580,463,243,79,14,1
1,14,81,254,481,586,476,260,93,20,2
1,14,81,254,481,588,485,270,98,21,2
1,14,81,255,479,549,373,136,20
1,14,81,255,479,549,373,136,20
1,14,81,255,480,554,383,146,25,1
1,14,81,255,480,555,386,148,24
1,14,81,255,481,560,395,155,26
1,14,81,255,481,560,395,155,26
1,14,81,255,481,561,400,164,33,2
1,14,81,255,481,561,400,164,33,2
1,14,81,255,481,562,405,173,40,4
1,14,81,255,481,562,405,173,40,4
1,14,81,255,481,562,405,173,40,4
1,14,81,255,481,563,410,181,44,4
1,14,81,255,482,564,401,159,27
1,14,81,255,482,565,405,165,31,1
1,14,81,255,482,566,409,171,35,2
1,14,81,255,482,566,410,174,38,3
1,14,81,255,482,567,413,177,39,3
1,14,81,255,482,567,414,180,42,4
1,14,81,255,482,567,414,180,42,4
1,14,81,255,482,567,414,180,42,4
1,14,81,255,482,567,414,180,42,4
1,14,81,255,482,568,418,185,44,4
1,14,81,255,482,569,423,194,51,6
1,14,81,255,483,570,415,175,36,2
1,14,81,255,483,571,419,181,40,3
1,14,81,255,483,572,423,187,44,4
1,14,81,255,483,572,423,187,44,4
1,14,81,255,483,572,423,187,44,4
1,14,81,255,483,572,423,187,44,4
1,14,81,255,483,572,424,190,47,5
1,14,81,255,483,572,424,190,47,5
1,14,81,255,483,573,427,193,48,5
1,14,81,255,483,573,427,193,48,5
1,14,81,255,483,573,428,196,51,6
1,14,81,255,483,574,432,201,53,6
1,14,81,255,483,574,432,201,53,6
1,14,81,255,483,574,432,201,53,6
1,14,81,255,483,575,437,210,60,8
1,14,81,255,483,575,438,214,66,12,1
1,14,81,255,484,576,429,191,45,4
1,14,81,255,484,576,429,191,45,4
1,14,81,255,484,577,433,197,49,5
1,14,81,255,484,577,433,197,49,5
1,14,81,255,484,577,434,200,52,6
1,14,81,255,484,578,437,203,53,6
1,14,81,255,484,578,437,203,53,6
1,14,81,255,484,578,437,203,53,6
1,14,81,255,484,578,437,203,53,6
1,14,81,255,484,578,437,203,53,6
1,14,81,255,484,578,437,203,53,6
1,14,81,255,484,579,440,206,54,6
1,14,81,255,484,579,441,209,57,7
1,14,81,255,484,579,443,216,66,12,1
1,14,81,255,484,580,446,219,67,12,1
1,14,81,255,484,581,450,222,64,8
1,14,81,255,484,581,451,227,72,13,1
1,14,81,255,485,581,439,201,50,5
1,14,81,255,485,582,443,207,54,6
1,14,81,255,485,583,447,213,58,7
1,14,81,255,485,584,450,216,59,7
1,14,81,255,485,584,451,219,62,8
1,14,81,255,485,584,451,219,62,8
1,14,81,255,485,584,452,223,68,12,1
1,14,81,255,485,585,455,224,64,8
1,14,81,255,485,585,456,229,72,13,1
1,14,81,255,485,585,457,231,73,13,1
1,14,81,255,485,586,458,226,64,8
1,14,81,255,485,586,459,232,73,13,1
1,14,81,255,485,586,459,232,73,13,1
1,14,81,255,485,587,466,247,87,19,2
1,14,81,255,486,589,460,226,64,8
1,14,81,255,486,589,460,226,64,8
1,14,81,255,486,589,462,233,73,13,1
1,14,81,255,486,590,465,236,74,13,1
1,14,81,255,486,591,467,235,69,9
1,14,81,255,486,591,469,242,78,14,1
1,14,81,255,486,591,470,244,79,14,1
1,14,81,255,486,592,472,245,79,14,1
1,14,81,255,486,595,487,270,98,21,2
1,14,81,255,487,596,478,247,75,10
1,14,81,255,487,597,484,262,93,20,2
1,14,81,255,487,598,487,265,94,20,2
1,14,81,255,487,599,492,272,98,21,2
1,14,81,255,488,603,495,268,90,16,1
1,14,81,255,488,604,499,276,99,21,2
1,14,81,255,488,604,499,276,99,21,2
1,14,81,255,488,604,501,279,100,21,2
1,14,81,255,489,610,512,289,105,22,2
1,14,81,255,490,617,529,310,120,28,3
1,14,81,256,486,569,403,161,31,2
1,14,81,256,487,574,411,164,28
1,14,81,256,488,579,421,174,33,1
1,14,81,256,488,580,424,176,32
1,14,81,256,488,581,430,189,44,4
1,14,81,256,488,581,430,189,44,4
1,14,81,256,488,581,430,189,44,4
1,14,81,256,488,581,430,189,44,4
1,14,81,256,489,585,435,190,42,3
1,14,81,256,489,586,439,196,46,4
1,14,81,256,489,586,439,196,46,4
1,14,81,256,489,586,440,199,49,5
1,14,81,256,489,587,444,205,53,6
1,14,81,256,489,587,444,205,53,6
1,14,81,256,489,588,449,214,60,8
1,14,81,256,490,590,445,200,47,4
1,14,81,256,490,591,449,206,51,5
1,14,81,256,490,592,453,212,55,6
1,14,81,256,490,592,453,212,55,6
1,14,81,256,490,592,453,212,55,6
1,14,81,256,490,592,453,212,55,6
1,14,81,256,490,592,453,212,55,6
1,14,81,256,490,593,457,218,59,7
1,14,81,256,490,593,458,221,62,8
1,14,81,256,490,593,459,225,68,12,1
1,14,81,256,490,594,462,226,64,8
1,14,81,256,490,594,462,226,64,8
1,14,81,256,490,594,463,231,72,13,1
1,14,81,256,490,596,473,249,87,19,2
1,14,81,256,491,596,459,216,56,6
1,14,81,256,491,596,459,216,56,6
1,14,81,256,491,596,459,216,56,6
1,14,81,256,491,597,463,222,60,7
1,14,81,256,491,597,463,222,60,7
1,14,81,256,491,598,467,228,64,8
1,14,81,256,491,598,467,228,64,8
1,14,81,256,491,598,467,228,64,8
1,14,81,256,491,598,469,235,73,13,1
1,14,81,256,491,599,472,238,74,13,1
1,14,81,256,491,599,472,238,74,13,1
1,14,81,256,491,600,477,246,79,14,1
1,14,81,256,491,601,479,242,68,8
1,14,81,256,492,601,469,226,61,7
1,14,81,256,492,602,473,232,65,8
1,14,81,256,492,602,473,232,65,8
1,14,81,256,492,602,474,235,68,9
1,14,81,256,492,603,476,235,66,8
1,14,81,256,492,603,477,238,69,9
1,14,81,256,492,603,478,242,75,13,1
1,14,81,256,492,603,478,242,75,13,1
1,14,81,256,492,604,480,241,70,9
1,14,81,256,492,604,482,248,79,14,1
1,14,81,256,492,604,482,248,79,14,1
1,14,81,256,492,605,483,242,68,8
1,14,81,256,492,605,485,249,75,10
1,14,81,256,492,605,485,251,80,14,1
1,14,81,256,492,605,485,251,80,14,1
1,14,81,256,492,607,496,272,98,21,2
1,14,81,256,493,606,479,236,66,8
1,14,81,256,493,608,488,252,80,14,1
1,14,81,256,493,608,488,252,80,14,1
1,14,81,256,493,609,490,251,75,10
1,14,81,256,493,610,497,268,94,20,2
1,14,81,256,493,611,500,271,95,20,2
1,14,81,256,493,612,504,277,99,21,2
1,14,81,256,493,612,505,279,100,21,2
1,14,81,256,494,612,493,252,75,10
1,14,81,256,494,612,494,256,81,14,1
1,14,81,256,494,615,505,271,90,16,1
1,14,81,256,494,616,510,281,100,21,2
1,14,81,256,494,616,510,281,100,21,2
1,14,81,256,494,616,510,281,100,21,2
1,14,81,256,494,616,510,281,100,21,2
1,14,81,256,494,616,510,281,100,21,2
1,14,81,256,494,618,517,290,105,22,2
1,14,81,256,495,620,516,283,96,17,1
1,14,81,256,495,620,516,285,101,21,2
1,14,81,256,495,621,520,291,105,22,2
1,14,81,256,495,623,523,283,88,12
1,14,81,256,495,623,525,295,106,22,2
1,14,81,256,495,624,532,310,120,28,3
1,14,81,256,496,627,533,304,111,23,2
1,14,81,256,496,627,533,304,111,23,2
1,14,81,256,496,629,540,315,121,28,3
1,14,81,256,496,631,545,313,113,23,2
1,14,81,256,497,634,550,325,126,29,3
1,14,81,256,498,642,572,352,145,36,4
1,14,81,256,500,655,602,394,182,57,11,1
1,14,81,257,494,593,436,180,32
1,14,81,257,494,594,441,189,39,2
1,14,81,257,495,600,455,205,48,4
1,14,81,257,495,601,460,214,55,6
1,14,81,257,495,601,460,214,55,6
1,14,81,257,496,605,465,215,53,5
1,14,81,257,496,606,469,221,57,6
1,14,81,257,496,606,469,221,57,6
1,14,81,257,496,607,474,230,64,8
1,14,81,257,497,611,479,231,62,7
1,14,81,257,497,612,483,237,66,8
1,14,81,257,497,612,483,237,66,8
1,14,81,257,497,612,484,240,69,9
1,14,81,257,497,613,487,242,68,8
1,14,81,257,497,613,487,242,68,8
1,14,81,257,497,613,488,247,76,13,1
1,14,81,257,497,613,489,250,79,14,1
1,14,81,257,498,616,489,241,67,8
1,14,81,257,498,616,489,241,67,8
1,14,81,257,498,616,489,241,67,8
1,14,81,257,498,617,492,244,68,8
1,14,81,257,498,617,493,247,71,9
1,14,81,257,498,618,497,253,75,10
1,14,81,257,498,618,498,257,81,14,1
1,14,81,257,498,618,498,257,81,14,1
1,14,81,257,498,618,498,257,81,14,1
1,14,81,257,498,620,507,273,95,20,2
1,14,81,257,498,621,512,281,100,21,2
1,14,81,257,499,621,499,251,72,9
1,14,81,257,499,622,503,257,76,10
1,14,81,257,499,622,504,261,82,14,1
1,14,81,257,499,624,512,273,90,16,1
1,14,81,257,499,625,515,276,91,16,1
1,14,81,257,499,625,517,283,100,21,2
1,14,81,257,499,625,517,283,100,21,2
1,14,81,257,499,625,517,283,100,21,2
1,14,81,257,500,626,509,261,77,10
1,14,81,257,500,627,514,271,87,15,1
1,14,81,257,500,628,518,277,91,16,1
1,14,81,257,500,629,523,287,101,21,2
1,14,81,257,500,629,523,287,101,21,2
1,14,81,257,500,630,526,290,102,21,2
1,14,81,257,500,630,527,293,105,22,2
1,14,81,257,500,631,527,283,88,12
1,14,81,257,500,631,530,296,106,22,2
1,14,81,257,500,631,530,296,106,22,2
1,14,81,257,501,633,528,287,96,17,1
1,14,81,257,501,633,529,291,102,21,2
1,14,81,257,501,634,529,283,88,12
1,14,81,257,501,634,533,297,106,22,2
1,14,81,257,501,635,536,300,107,22,2
1,14,81,257,501,636,540,306,111,23,2
1,14,81,257,501,636,540,306,111,23,2
1,14,81,257,501,637,545,316,121,28,3
1,14,81,257,501,638,547,313,113,23,2
1,14,81,257,502,638,539,301,107,22,2
1,14,81,257,502,639,543,307,111,23,2
1,14,81,257,502,640,546,310,112,23,2
1,14,81,257,502,641,551,320,122,28,3
1,14,81,257,502,642,551,314,113,23,2
1,14,81,257,502,642,555,326,126,29,3
1,14,81,257,502,646,572,352,145,36,4
1,14,81,257,503,643,549,311,112,23,2
1,14,81,257,503,646,561,330,127,29,3
1,14,81,257,504,651,571,340,132,30,3
1,14,81,257,504,653,575,338,124,25,2
1,14,81,257,505,658,588,361,147,36,4
1,14,81,257,505,660,591,358,139,31,3
1,14,81,257,505,661,597,368,149,36,4
1,14,81,257,505,662,606,395,182,57,11,1
1,14,81,257,506,666,612,399,183,57,11,1
1,14,81,257,508,679,640,430,203,64,12,1
1,14,81,258,500,607,452,189,34
1,14,81,258,502,622,495,249,76,13,1
1,14,81,258,503,626,499,246,68,8
1,14,81,258,503,626,499,246,68,8
1,14,81,258,503,626,499,246,68,8
1,14,81,258,503,626,499,246,68,8
1,14,81,258,503,627,504,255,75,10
1,14,81,258,504,630,505,250,69,8
1,14,81,258,504,631,509,256,73,9
1,14,81,258,504,631,509,256,73,9
1,14,81,258,504,632,514,266,83,14,1
1,14,81,258,504,633,518,272,87,15,1
1,14,81,258,505,636,519,266,78,10
1,14,81,258,505,637,524,276,88,15,1
1,14,81,258,505,639,531,283,88,12
1,14,81,258,505,639,533,292,102,21,2
1,14,81,258,505,639,533,292,102,21,2
1,14,81,258,506,643,536,285,88,12
1,14,81,258,506,643,538,292,97,17,1
1,14,81,258,506,644,543,302,107,22,2
1,14,81,258,506,644,543,302,107,22,2
1,14,81,258,506,644,543,302,107,22,2
1,14,81,258,506,645,547,308,111,23,2
1,14,81,258,506,646,551,313,113,23,2
1,14,81,258,507,646,539,286,88,12
1,14,81,258,507,648,549,306,108,22,2
1,14,81,258,507,648,549,306,108,22,2
1,14,81,258,507,649,553,312,112,23,2
1,14,81,258,507,650,556,315,113,23,2
1,14,81,258,507,650,556,315,113,23,2
1,14,81,258,507,650,558,322,122,28,3
1,14,81,258,507,652,565,331,127,29,3
1,14,81,258,508,653,559,316,113,23,2
1,14,81,258,508,653,559,316,113,23,2
1,14,81,258,508,653,559,316,113,23,2
1,14,81,258,508,654,564,326,123,28,3
1,14,81,258,508,656,571,335,128,29,3
1,14,81,258,509,659,574,336,128,29,3
1,14,81,258,509,660,578,342,132,30,3
1,14,81,258,509,661,579,338,124,25,2
1,14,81,258,509,661,581,345,133,30,3
1,14,81,258,509,663,590,361,147,36,4
1,14,81,258,509,665,597,368,149,36,4
1,14,81,258,510,664,582,339,124,25,2
1,14,81,258,510,664,584,346,133,30,3
1,14,81,258,510,667,594,358,139,31,3
1,14,81,258,510,668,596,359,139,31,3
1,14,81,258,510,670,611,396,182,57,11,1
1,14,81,258,511,672,604,370,149,36,4
1,14,81,258,511,672,604,370,149,36,4
1,14,81,258,511,674,617,400,183,57,11,1
1,14,81,258,512,674,605,370,149,36,4
1,14,81,258,512,675,609,376,153,37,4
1,14,81,258,512,683,641,430,203,64,12,1
1,14,81,258,513,683,627,393,160,38,4
1,14,81,258,513,683,627,393,160,38,4
1,14,81,258,514,690,650,435,204,64,12,1
1,14,81,258,515,698,666,449,210,65,12,1
1,14,81,259,506,622,472,204,40,1
1,14,81,259,509,640,515,255,70,8
1,14,81,259,509,640,515,255,70,8
1,14,81,259,510,646,529,271,79,10
1,14,81,259,510,648,539,290,96,17,1
1,14,81,259,511,652,543,287,88,12
1,14,81,259,511,654,553,307,108,22,2
1,14,81,259,512,656,549,291,89,12
1,14,81,259,512,658,559,311,109,22,2
1,14,81,259,512,659,563,317,113,23,2
1,14,81,259,512,659,563,317,113,23,2
1,14,81,259,512,659,563,317,113,23,2
1,14,81,259,512,659,563,317,113,23,2
1,14,81,259,513,663,569,321,114,23,2
1,14,81,259,513,663,569,321,114,23,2
1,14,81,259,513,666,581,338,124,25,2
1,14,81,259,514,669,584,341,129,29,3
1,14,81,259,514,670,586,340,124,25,2
1,14,81,259,515,673,589,341,124,25,2
1,14,81,259,515,674,594,351,134,30,3
1,14,81,259,515,676,601,360,139,31,3
1,14,81,259,515,676,601,360,139,31,3
1,14,81,259,515,677,606,370,149,36,4
1,14,81,259,515,677,606,370,149,36,4
1,14,81,259,515,680,621,401,183,57,11,1
1,14,81,259,516,679,604,361,139,31,3
1,14,81,259,516,680,609,371,149,36,4
1,14,81,259,516,681,613,377,153,37,4
1,14,81,259,517,684,615,375,150,36,4
1,14,81,259,517,688,629,393,160,38,4
1,14,81,259,518,689,625,385,155,37,4
1,14,81,259,518,691,632,394,160,38,4
1,14,81,259,518,692,634,395,160,38,4
1,14,81,259,518,692,640,416,189,58,11,1
1,14,81,259,518,695,652,435,204,64,12,1
1,14,81,259,519,694,635,395,160,38,4
1,14,81,259,519,702,667,449,210,65,12,1
1,14,81,259,520,702,661,440,205,64,12,1
1,14,81,259,520,705,670,450,210,65,12,1
1,14,81,259,521,706,663,428,181,45,5
1,14,81,259,521,707,671,450,210,65,12,1
1,14,81,259,522,714,686,464,216,66,12,1
1,14,81,260,515,655,535,270,76,9
1,14,81,260,517,666,559,296,90,12
1,14,81,260,518,673,579,326,115,23,2
1,14,81,260,518,673,579,326,115,23,2
1,14,81,260,519,678,589,336,120,24,2
1,14,81,260,519,679,593,342,124,25,2
1,14,81,260,519,680,598,352,134,30,3
1,14,81,260,520,683,599,346,125,25,2
1,14,81,260,520,684,604,356,135,30,3
1,14,81,260,520,685,608,362,139,31,3
1,14,81,260,520,686,613,372,149,36,4
1,14,81,260,521,689,608,344,112,16
1,14,81,260,521,689,614,366,140,31,3
1,14,81,260,521,690,619,376,150,36,4
1,14,81,260,522,695,629,386,155,37,4
1,14,81,260,522,697,636,395,160,38,4
1,14,81,260,522,697,636,395,160,38,4
1,14,81,260,523,700,639,396,160,38,4
1,14,81,260,523,700,639,396,160,38,4
1,14,81,260,523,702,650,421,190,58,11,1
1,14,81,260,523,705,662,440,205,64,12,1
1,14,81,260,524,704,645,400,161,38,4
1,14,81,260,524,710,672,450,210,65,12,1
1,14,81,260,525,712,667,429,181,45,5
1,14,81,260,525,713,675,451,210,65,12,1
1,14,81,260,526,715,670,430,181,45,5
1,14,81,260,526,717,681,455,211,65,12,1
1,14,81,260,526,717,681,455,211,65,12,1
1,14,81,260,526,719,678,429,173,40,4
1,14,81,260,526,719,688,464,216,66,12,1
1,14,81,260,527,722,691,465,216,66,12,1
1,14,81,260,530,737,722,499,237,73,13,1
1,14,81,260,532,752,761,555,287,100,21,2
1,14,81,261,524,688,599,341,121,24,2
1,14,81,261,526,697,612,344,112,16
1,14,81,261,526,699,624,371,141,31,3
1,14,81,261,526,700,629,381,151,36,4
1,14,81,261,527,706,643,397,160,38,4
1,14,81,261,528,710,649,401,161,38,4
1,14,81,261,530,721,674,431,181,45,5
1,14,81,261,530,723,678,429,173,40,4
1,14,81,261,530,723,685,456,211,65,12,1
1,14,81,261,530,723,685,456,211,65,12,1
1,14,81,261,530,725,692,465,216,66,12,1
1,14,81,261,531,726,680,429,173,40,4
1,14,81,261,532,732,701,470,217,66,12,1
1,14,81,261,534,743,726,500,237,73,13,1
1,14,81,261,535,748,728,484,209,53,6
1,14,81,261,535,754,761,555,287,100,21,2
1,14,81,261,536,756,750,519,244,74,13,1
1,14,81,261,538,763,771,560,288,100,21,2
1,14,81,261,539,768,781,570,293,101,21,2
1,14,81,262,531,706,619,346,112,16
1,14,81,262,532,715,649,396,157,37,4
1,14,81,262,533,720,659,406,162,38,4
1,14,81,262,534,727,678,432,181,45,5
1,14,81,262,535,731,682,429,173,40,4
1,14,81,262,535,731,682,429,173,40,4
1,14,81,262,535,733,695,461,212,65,12,1
1,14,81,262,536,734,685,430,173,40,4
1,14,81,262,536,738,705,471,217,66,12,1
1,14,81,262,536,738,705,471,217,66,12,1
1,14,81,262,539,753,730,484,209,53,6
1,14,81,262,540,755,731,484,209,53,6
1,14,81,262,540,760,751,519,244,74,13,1
1,14,81,262,541,766,772,560,288,100,21,2
1,14,81,262,542,771,782,570,293,101,21,2
1,14,81,262,544,778,785,554,265,81,14,1
1,14,81,262,544,778,791,575,294,101,21,2
1,14,81,262,545,786,807,589,300,102,21,2
1,14,81,263,536,716,629,351,113,16
1,14,81,263,540,740,689,431,173,40,4
1,14,81,263,540,740,689,431,173,40,4
1,14,81,263,541,748,715,476,218,66,12,1
1,14,81,263,543,758,732,484,209,53,6
1,14,81,263,543,759,740,506,238,73,13,1
1,14,81,263,544,761,735,485,209,53,6
1,14,81,263,544,765,753,519,244,74,13,1
1,14,81,263,545,768,756,520,244,74,13,1
1,14,81,263,547,781,792,575,294,101,21,2
1,14,81,263,548,783,787,554,265,81,14,1
1,14,81,263,548,788,807,589,300,102,21,2
1,14,81,263,550,793,811,590,300,102,21,2
1,14,81,263,553,808,842,624,321,109,22,2
1,14,81,264,545,750,699,436,174,40,4
1,14,81,264,548,767,739,486,209,53,6
1,14,81,264,549,774,760,521,244,74,13,1
1,14,81,264,550,782,786,566,289,100,21,2
1,14,81,264,551,786,788,554,265,81,14,1
1,14,81,264,552,789,791,555,265,81,14,1
1,14,81,264,553,796,812,590,300,102,21,2
1,14,81,264,556,811,843,624,321,109,22,2
1,14,81,264,557,814,846,625,321,109,22,2
1,14,81,264,566,862,966,806,497,220,66,12,1
1,14,81,265,554,784,770,526,245,74,13,1
1,14,81,265,556,797,806,581,295,101,21,2
1,14,81,265,557,802,816,591,300,102,21,2
1,14,81,265,560,817,847,625,321,109,22,2
1,14,81,265,561,819,833,575,258,68,8
1,14,81,265,568,863,966,806,497,220,66,12,1
1,14,81,265,572,877,986,821,503,221,66,12,1
1,14,81,266,562,812,826,596,301,102,21,2
1,14,81,266,564,823,851,626,321,109,22,2
1,14,81,266,565,823,833,575,258,68,8
1,14,81,266,571,856,910,680,349,117,23,2
1,14,81,266,574,878,986,821,503,221,66,12,1
1,14,81,267,569,828,835,575,258,68,8
1,14,81,267,574,858,910,680,349,117,23,2
1,14,81,267,575,860,911,680,349,117,23,2
1,14,81,267,580,885,966,750,405,145,31,3
1,14,81,268,573,834,839,576,258,68,8
1,14,81,268,578,863,912,680,349,117,23,2
1,14,81,268,578,863,912,680,349,117,23,2
1,14,81,268,583,888,967,750,405,145,31,3
1,14,81,268,590,923,1051,876,531,229,67,12,1
1,14,81,269,582,869,916,681,349,117,23,2
1,14,81,269,586,891,968,750,405,145,31,3
1,14,81,269,586,897,1001,827,504,221,66,12,1
1,14,81,269,592,924,1051,876,531,229,67,12,1
1,14,81,271,599,933,1056,877,531,229,67,12,1
1,14,81,272,610,966,1092,876,489,181,40,4
1,14,81,273,613,968,1092,876,489,181,40,4
1,14,81,273,620,1003,1176,1002,615,265,76,13,1
1,14,81,274,616,971,1093,876,489,181,40,4
1,14,81,274,622,1004,1176,1002,615,265,76,13,1
1,14,81,275,625,1007,1177,1002,615,265,76,13,1
1,14,81,280,662,1122,1386,1254,825,385,121,23,2
1,14,81,281,664,1123,1386,1254,825,385,121,23,2
1,14,81,289,716,1287,1716,1716,1287,715,286,78,13,1
1,14,82,260,480,512,288,64
1,14,82,260,481,518,300,72
1,14,82,260,481,519,306,84,8
1,14,82,260,482,526,323,100,12
1,14,82,260,483,534,346,128,25,2
1,14,82,261,488,536,320,80
1,14,82,261,489,543,338,100,8
1,14,82,261,489,544,344,112,16
1,14,82,261,490,549,351,112,12
1,14,82,261,490,550,356,120,16
1,14,82,261,490,550,356,120,16
1,14,82,261,491,556,368,129,18
1,14,82,261,491,557,374,140,24
1,14,82,261,491,557,374,141,27,2
1,14,82,261,492,564,391,158,34,3
1,14,82,261,492,565,397,169,40,4
1,14,82,262,496,561,358,108,8
1,14,82,262,497,568,376,128,16
1,14,82,262,497,568,376,128,16
1,14,82,262,498,574,389,140,20
1,14,82,262,498,574,389,140,20
1,14,82,262,498,575,394,148,24
1,14,82,262,499,580,402,152,24
1,14,82,262,499,580,402,152,24
1,14,82,262,499,580,403,156,29,2
1,14,82,262,499,581,407,161,31,2
1,14,82,262,499,582,413,173,40,4
1,14,82,262,500,586,414,162,27
1,14,82,262,500,587,420,174,37,3
1,14,82,262,500,588,425,182,42,4
1,14,82,262,500,588,425,182,42,4
1,14,82,262,500,588,426,185,44,4
1,14,82,262,501,595,443,203,53,6
1,14,82,262,501,596,449,214,60,8
1,14,82,262,502,603,466,233,73,13,1
1,14,82,263,505,593,414,156,24
1,14,82,263,505,593,414,156,24
1,14,82,263,506,599,427,168,28
1,14,82,263,506,599,428,172,33,2
1,14,82,263,506,600,432,176,32
1,14,82,263,506,600,433,181,40,4
1,14,82,263,507,604,436,175,30
1,14,82,263,507,605,441,184,37,2
1,14,82,263,507,606,446,193,44,4
1,14,82,263,507,606,446,193,44,4
1,14,82,263,507,606,446,193,44,4
1,14,82,263,507,608,457,214,60,8
1,14,82,263,508,611,454,197,43,3
1,14,82,263,508,611,455,200,46,4
1,14,82,263,508,611,455,200,46,4
1,14,82,263,508,612,459,206,50,5
1,14,82,263,508,612,459,206,50,5
1,14,82,263,508,612,460,209,53,6
1,14,82,263,508,613,464,214,55,6
1,14,82,263,509,618,472,219,56,6
1,14,82,263,509,619,478,230,64,8
1,14,82,263,509,619,478,230,64,8
1,14,82,263,509,620,483,240,74,13,1
1,14,82,263,509,621,487,242,68,8
1,14,82,263,510,625,490,241,69,9
1,14,82,263,510,626,496,253,80,14,1
1,14,82,263,511,634,519,283,100,21,2
1,14,82,264,513,618,452,184,32
1,14,82,264,513,618,452,184,32
1,14,82,264,513,619,458,197,44,4
1,14,82,264,514,624,466,200,41,2
1,14,82,264,514,625,471,209,48,4
1,14,82,264,514,625,471,209,48,4
1,14,82,264,515,629,476,210,46,3
1,14,82,264,515,630,480,216,50,4
1,14,82,264,515,631,485,225,57,6
1,14,82,264,515,631,485,225,57,6
1,14,82,264,515,631,485,225,57,6
1,14,82,264,515,632,490,234,64,8
1,14,82,264,515,633,495,242,68,8
1,14,82,264,516,635,490,226,55,5
1,14,82,264,516,636,494,232,59,6
1,14,82,264,516,636,494,232,59,6
1,14,82,264,516,636,494,232,59,6
1,14,82,264,516,637,498,238,63,7
1,14,82,264,516,637,499,241,66,8
1,14,82,264,516,638,503,246,68,8
1,14,82,264,516,638,503,246,68,8
1,14,82,264,516,638,504,251,76,13,1
1,14,82,264,517,642,508,248,68,8
1,14,82,264,517,642,508,248,68,8
1,14,82,264,517,643,512,254,72,9
1,14,82,264,517,643,513,257,75,10
1,14,82,264,517,643,514,261,81,14,1
1,14,82,264,517,644,517,264,82,14,1
1,14,82,264,517,644,517,264,82,14,1
1,14,82,264,517,646,528,285,100,21,2
1,14,82,264,518,650,531,280,91,16,1
1,14,82,264,518,651,535,283,88,12
1,14,82,264,518,651,537,292,102,21,2
1,14,82,264,519,657,549,303,107,22,2
1,14,82,264,519,659,558,315,113,23,2
1,14,82,264,520,664,567,326,123,28,3
1,14,82,265,520,637,477,200,36
1,14,82,265,521,644,496,225,52,4
1,14,82,265,522,650,510,241,61,6
1,14,82,265,522,651,515,250,68,8
1,14,82,265,522,651,515,250,68,8
1,14,82,265,522,651,515,250,68,8
1,14,82,265,522,651,515,250,68,8
1,14,82,265,523,655,520,251,66,7
1,14,82,265,523,656,524,257,70,8
1,14,82,265,523,656,524,257,70,8
1,14,82,265,523,656,524,257,70,8
1,14,82,265,523,656,524,257,70,8
1,14,82,265,523,656,524,257,70,8
1,14,82,265,523,657,529,266,77,10
1,14,82,265,523,657,529,267,80,13,1
1,14,82,265,523,657,530,270,83,14,1
1,14,82,265,524,661,534,267,75,9
1,14,82,265,524,661,534,267,75,9
1,14,82,265,524,662,538,273,79,10
1,14,82,265,524,662,538,273,79,10
1,14,82,265,524,662,539,277,85,14,1
1,14,82,265,524,663,543,283,89,15,1
1,14,82,265,524,664,547,287,88,12
1,14,82,265,524,664,549,296,102,21,2
1,14,82,265,525,666,544,277,80,10
1,14,82,265,525,667,549,287,90,15,1
1,14,82,265,525,668,552,289,88,12
1,14,82,265,525,668,553,293,94,16,1
1,14,82,265,525,668,554,296,97,17,1
1,14,82,265,525,669,558,303,104,21,2
1,14,82,265,525,670,562,309,108,22,2
1,14,82,265,525,671,567,317,113,23,2
1,14,82,265,526,674,568,313,109,22,2
1,14,82,265,526,675,572,319,113,23,2
1,14,82,265,526,675,572,319,113,23,2
1,14,82,265,526,676,575,322,114,23,2
1,14,82,265,526,676,575,322,114,23,2
1,14,82,265,526,676,577,329,123,28,3
1,14,82,265,527,682,590,340,124,25,2
1,14,82,265,527,682,590,342,129,29,3
1,14,82,265,528,689,607,361,139,31,3
1,14,82,265,528,690,613,372,149,36,4
1,14,82,265,530,703,645,417,189,58,11,1
1,14,82,266,527,657,507,225,47,2
1,14,82,266,529,670,540,266,72,8
1,14,82,266,529,670,540,266,72,8
1,14,82,266,529,670,540,266,72,8
1,14,82,266,530,675,550,276,77,9
1,14,82,266,530,676,554,282,81,10
1,14,82,266,530,676,554,282,81,10
1,14,82,266,530,676,555,286,87,14,1
1,14,82,266,530,677,559,291,88,12
1,14,82,266,530,678,565,305,104,21,2
1,14,82,266,531,681,564,292,86,11
1,14,82,266,531,681,564,292,86,11
1,14,82,266,531,682,568,298,90,12
1,14,82,266,531,682,569,302,96,16,1
1,14,82,266,531,682,569,302,96,16,1
1,14,82,266,531,683,573,308,100,17,1
1,14,82,266,531,684,579,321,113,23,2
1,14,82,266,532,686,574,302,91,12
1,14,82,266,532,686,574,302,91,12
1,14,82,266,532,687,579,312,101,17,1
1,14,82,266,532,687,579,312,101,17,1
1,14,82,266,532,688,584,322,111,22,2
1,14,82,266,532,689,588,328,115,23,2
1,14,82,266,532,689,588,328,115,23,2
1,14,82,266,532,689,588,328,115,23,2
1,14,82,266,532,689,588,328,115,23,2
1,14,82,266,532,689,588,328,115,23,2
1,14,82,266,533,693,594,332,116,23,2
1,14,82,266,533,694,598,338,120,24,2
1,14,82,266,533,695,602,344,124,25,2
1,14,82,266,533,695,603,348,130,29,3
1,14,82,266,533,697,608,344,112,16
1,14,82,266,533,698,617,372,149,36,4
1,14,82,266,534,698,604,342,121,24,2
1,14,82,266,534,699,608,348,125,25,2
1,14,82,266,534,700,613,358,135,30,3
1,14,82,266,534,700,613,358,135,30,3
1,14,82,266,534,701,617,364,139,31,3
1,14,82,266,534,702,620,367,140,31,3
1,14,82,266,535,707,631,381,151,36,4
1,14,82,266,536,713,645,397,160,38,4
1,14,82,266,536,713,645,397,160,38,4
1,14,82,266,536,715,656,422,190,58,11,1
1,14,82,266,538,728,686,456,211,65,12,1
1,14,82,267,536,690,570,291,83,10
1,14,82,267,536,690,570,291,83,10
1,14,82,267,537,696,584,307,92,12
1,14,82,267,538,701,594,317,97,13
1,14,82,267,538,701,594,317,97,13
1,14,82,267,538,702,599,327,107,18,1
1,14,82,267,538,703,604,337,117,23,2
1,14,82,267,538,703,604,337,117,23,2
1,14,82,267,538,703,604,337,117,23,2
1,14,82,267,538,704,609,346,124,25,2
1,14,82,267,539,708,614,347,122,24,2
1,14,82,267,539,708,614,347,122,24,2
1,14,82,267,539,709,616,344,112,16
1,14,82,267,539,709,618,353,126,25,2
1,14,82,267,539,710,623,363,136,30,3
1,14,82,267,540,713,624,357,127,25,2
1,14,82,267,540,713,624,357,127,25,2
1,14,82,267,540,714,629,367,137,30,3
1,14,82,267,540,715,633,373,141,31,3
1,14,82,267,540,715,633,373,141,31,3
1,14,82,267,540,715,633,373,141,31,3
1,14,82,267,540,716,638,383,151,36,4
1,14,82,267,541,719,639,377,142,31,3
1,14,82,267,541,719,639,377,142,31,3
1,14,82,267,541,722,652,399,160,38,4
1,14,82,267,542,725,654,397,157,37,4
1,14,82,267,542,726,658,403,161,38,4
1,14,82,267,542,727,661,406,162,38,4
1,14,82,267,542,728,669,428,191,58,11,1
1,14,82,267,543,730,664,407,162,38,4
1,14,82,267,543,735,682,429,173,40,4
1,14,82,267,543,736,691,457,211,65,12,1
1,14,82,267,544,737,683,433,181,45,5
1,14,82,267,544,740,697,461,212,65,12,1
1,14,82,267,545,745,707,471,217,66,12,1
1,14,82,268,543,711,605,326,104,17,1
1,14,82,268,544,716,614,332,103,14
1,14,82,268,545,722,628,348,112,16
1,14,82,268,545,723,634,362,128,25,2
1,14,82,268,545,723,634,362,128,25,2
1,14,82,268,545,723,634,362,128,25,2
1,14,82,268,546,728,644,372,133,26,2
1,14,82,268,546,729,649,382,143,31,3
1,14,82,268,546,730,654,392,153,36,4
1,14,82,268,547,734,659,392,148,32,3
1,14,82,268,547,734,659,392,148,32,3
1,14,82,268,547,735,664,402,158,37,4
1,14,82,268,547,736,668,408,162,38,4
1,14,82,268,547,736,668,408,162,38,4
1,14,82,268,547,738,679,433,192,58,11,1
1,14,82,268,548,740,674,412,163,38,4
1,14,82,268,548,740,674,412,163,38,4
1,14,82,268,548,743,686,429,173,40,4
1,14,82,268,549,745,684,422,168,39,4
1,14,82,268,549,747,691,431,173,40,4
1,14,82,268,549,747,693,438,182,45,5
1,14,82,268,549,749,704,463,212,65,12,1
1,14,82,268,550,751,699,442,183,45,5
1,14,82,268,550,754,714,473,217,66,12,1
1,14,82,268,551,758,720,477,218,66,12,1
1,14,82,268,551,758,720,477,218,66,12,1
1,14,82,268,552,765,734,484,209,53,6
1,14,82,268,553,769,745,507,238,73,13,1
1,14,82,268,553,773,757,520,244,74,13,1
1,14,82,268,555,784,786,566,289,100,21,2
1,14,82,269,551,736,644,357,114,16
1,14,82,269,552,744,669,397,149,32,3
1,14,82,269,553,749,679,407,154,33,3
1,14,82,269,553,750,684,417,164,38,4
1,14,82,269,554,755,694,427,169,39,4
1,14,82,269,554,756,698,433,173,40,4
1,14,82,269,554,756,698,433,173,40,4
1,14,82,269,555,760,704,437,174,40,4
1,14,82,269,555,761,709,447,184,45,5
1,14,82,269,555,764,724,478,218,66,12,1
1,14,82,269,556,768,730,482,219,66,12,1
1,14,82,269,556,768,730,482,219,66,12,1
1,14,82,269,557,773,740,492,224,67,12,1
1,14,82,269,557,774,741,486,209,53,6
1,14,82,269,558,777,744,487,209,53,6
1,14,82,269,558,779,755,512,239,73,13,1
1,14,82,269,558,781,762,521,244,74,13,1
1,14,82,269,559,789,788,566,289,100,21,2
1,14,82,269,561,796,793,555,265,81,14,1
1,14,82,269,562,801,807,581,295,101,21,2
1,14,82,269,562,804,816,591,300,102,21,2
1,14,82,270,557,751,664,372,120,17
1,14,82,270,560,770,714,442,175,40,4
1,14,82,270,560,770,714,442,175,40,4
1,14,82,270,560,770,714,442,175,40,4
1,14,82,270,560,771,719,452,185,45,5
1,14,82,270,562,783,748,488,209,53,6
1,14,82,270,562,783,750,497,225,67,12,1
1,14,82,270,563,787,754,492,210,53,6
1,14,82,270,563,790,769,523,244,74,13,1
1,14,82,270,564,794,775,527,245,74,13,1
1,14,82,270,566,805,800,557,265,81,14,1
1,14,82,270,566,807,811,582,295,101,21,2
1,14,82,270,566,809,818,591,300,102,21,2
1,14,82,270,568,816,827,596,301,102,21,2
1,14,82,270,568,816,827,596,301,102,21,2
1,14,82,270,570,827,852,626,321,109,22,2
1,14,82,271,566,785,734,457,181,41,4
1,14,82,271,568,797,764,497,211,53,6
1,14,82,271,569,804,785,532,246,74,13,1
1,14,82,271,569,804,785,532,246,74,13,1
1,14,82,271,570,811,804,558,265,81,14,1
1,14,82,271,571,815,810,562,266,81,14,1
1,14,82,271,572,822,831,597,301,102,21,2
1,14,82,271,572,822,831,597,301,102,21,2
1,14,82,271,573,827,833,575,258,68,8
1,14,82,271,574,833,856,627,321,109,22,2
1,14,82,271,575,837,862,631,322,109,22,2
1,14,82,272,575,819,805,547,252,75,13,1
1,14,82,272,577,832,841,602,302,102,21,2
1,14,82,272,578,835,837,575,258,68,8
1,14,82,272,579,843,866,632,322,109,22,2
1,14,82,272,583,865,912,680,349,117,23,2
1,14,82,272,589,898,1001,827,504,221,66,12,1
1,14,82,273,583,844,844,577,258,68,8
1,14,82,273,583,847,861,617,308,103,21,2
1,14,82,273,584,853,876,637,323,109,22,2
1,14,82,273,587,870,914,680,349,117,23,2
1,14,82,273,588,873,917,681,349,117,23,2
1,14,82,273,592,895,969,750,405,145,31,3
1,14,82,273,592,901,1002,827,504,221,66,12,1
1,14,82,274,588,854,854,582,259,68,8
1,14,82,274,592,879,921,682,349,117,23,2
1,14,82,274,592,879,921,682,349,117,23,2
1,14,82,274,596,901,973,751,405,145,31,3
1,14,82,274,602,934,1056,877,531,229,67,12,1
1,14,82,275,597,889,931,687,350,117,23,2
1,14,82,275,600,907,977,752,405,145,31,3
1,14,82,275,605,937,1057,877,531,229,67,12,1
1,14,82,276,607,932,1036,848,511,222,66,12,1
1,14,82,277,614,953,1071,883,532,229,67,12,1
1,14,82,277,618,970,1092,876,489,181,40,4
1,14,82,278,622,975,1094,876,489,181,40,4
1,14,82,278,628,1008,1177,1002,615,265,76,13,1
1,14,82,279,626,981,1098,877,489,181,40,4
1,14,82,279,631,1011,1178,1002,615,265,76,13,1
1,14,82,280,635,1017,1182,1003,615,265,76,13,1
1,14,82,284,667,1124,1386,1254,825,385,121,23,2
1,14,82,285,670,1127,1387,1254,825,385,121,23,2
1,14,82,292,719,1288,1716,1716,1287,715,286,78,13,1
1,14,83,270,520,592,368,96
1,14,83,270,521,600,392,128,16
1,14,83,271,529,624,424,144,16
1,14,83,271,530,631,442,164,24
1,14,83,271,530,632,448,176,32
1,14,83,271,531,639,466,197,44,4
1,14,83,272,538,656,480,192,32
1,14,83,272,538,656,480,192,32
1,14,83,272,539,662,493,204,36
1,14,83,272,539,663,499,217,48,4
1,14,83,272,540,670,517,238,59,6
1,14,83,272,540,671,523,250,68,8
1,14,83,272,541,678,541,272,83,14,1
1,14,83,273,546,681,518,220,40
1,14,83,273,547,688,537,245,56,4
1,14,83,273,547,689,543,258,68,8
1,14,83,273,548,694,551,261,65,6
1,14,83,273,548,695,556,270,72,8
1,14,83,273,548,695,556,270,72,8
1,14,83,273,549,701,569,283,78,9
1,14,83,273,549,702,575,295,88,12
1,14,83,273,549,702,575,296,91,15,1
1,14,83,273,550,710,599,330,115,23,2
1,14,83,274,554,707,562,261,60,4
1,14,83,274,555,714,581,286,76,8
1,14,83,274,555,714,581,286,76,8
1,14,83,274,556,720,595,302,85,10
1,14,83,274,556,720,595,302,85,10
1,14,83,274,556,721,600,311,92,12
1,14,83,274,557,726,609,318,94,12
1,14,83,274,557,726,609,318,94,12
1,14,83,274,557,726,610,322,100,16,1
1,14,83,274,557,727,614,328,104,17,1
1,14,83,274,557,728,620,341,117,23,2
1,14,83,274,557,729,624,344,112,16
1,14,83,274,558,734,633,354,123,24,2
1,14,83,274,558,734,634,357,126,25,2
1,14,83,274,559,741,652,380,142,31,3
1,14,83,274,559,742,658,392,153,36,4
1,14,83,275,563,740,625,327,96,12
1,14,83,275,563,740,625,327,96,12
1,14,83,275,564,746,639,343,105,14
1,14,83,275,564,746,640,347,111,18,1
1,14,83,275,564,747,644,352,112,16
1,14,83,275,564,747,645,357,121,23,2
1,14,83,275,565,751,649,353,110,15
1,14,83,275,565,752,654,363,120,20,1
1,14,83,275,565,753,659,373,130,25,2
1,14,83,275,565,753,659,373,130,25,2
1,14,83,275,565,753,659,373,130,25,2
1,14,83,275,565,755,670,396,153,36,4
1,14,83,275,566,758,669,383,135,26,2
1,14,83,275,566,759,674,393,145,31,3
1,14,83,275,566,760,678,399,149,32,3
1,14,83,275,567,766,693,419,164,38,4
1,14,83,275,567,766,693,419,164,38,4
1,14,83,275,567,768,702,433,173,40,4
1,14,83,275,569,781,736,483,219,66,12,1
1,14,83,276,571,766,669,368,116,16
1,14,83,276,571,766,669,368,116,16
1,14,83,276,571,767,675,382,132,25,2
1,14,83,276,572,772,684,388,131,22,1
1,14,83,276,572,773,689,398,141,27,2
1,14,83,276,572,773,689,398,141,27,2
1,14,83,276,573,778,699,408,146,28,2
1,14,83,276,573,779,704,418,156,33,3
1,14,83,276,573,779,704,418,156,33,3
1,14,83,276,573,780,709,428,166,38,4
1,14,83,276,573,781,714,437,173,40,4
1,14,83,276,574,784,714,428,161,34,3
1,14,83,276,574,785,719,438,171,39,4
1,14,83,276,574,786,723,444,175,40,4
1,14,83,276,574,786,723,444,175,40,4
1,14,83,276,575,790,729,448,176,40,4
1,14,83,276,575,791,734,458,186,45,5
1,14,83,276,575,794,749,489,220,66,12,1
1,14,83,276,576,799,757,490,209,53,6
1,14,83,276,576,799,759,499,225,67,12,1
1,14,83,276,577,807,781,528,245,74,13,1
1,14,83,277,578,786,699,393,127,18
1,14,83,277,579,793,719,423,152,29,2
1,14,83,277,580,799,734,443,167,35,3
1,14,83,277,580,800,739,453,177,40,4
1,14,83,277,580,800,739,453,177,40,4
1,14,83,277,580,800,739,453,177,40,4
1,14,83,277,580,800,739,453,177,40,4
1,14,83,277,581,805,749,463,182,41,4
1,14,83,277,581,805,749,463,182,41,4
1,14,83,277,581,805,749,463,182,41,4
1,14,83,277,581,806,754,473,192,46,5
1,14,83,277,582,811,764,483,197,47,5
1,14,83,277,582,813,773,499,211,53,6
1,14,83,277,582,813,775,508,227,67,12,1
1,14,83,277,583,817,779,503,212,53,6
1,14,83,277,583,818,785,518,232,68,12,1
1,14,83,277,583,820,794,534,246,74,13,1
1,14,83,277,584,824,800,538,247,74,13,1
1,14,83,277,585,831,819,564,266,81,14,1
1,14,83,277,586,839,843,602,302,102,21,2
1,14,83,278,585,807,734,428,148,25,1
1,14,83,278,587,820,769,478,188,42,4
1,14,83,278,587,820,769,478,188,42,4
1,14,83,278,588,826,784,498,203,48,5
1,14,83,278,588,827,789,508,213,53,6
1,14,83,278,588,828,795,523,233,68,12,1
1,14,83,278,589,832,799,518,218,54,6
1,14,83,278,589,834,810,543,248,74,13,1
1,14,83,278,590,839,820,553,253,75,13,1
1,14,83,278,590,839,820,553,253,75,13,1
1,14,83,278,591,845,835,573,268,81,14,1
1,14,83,278,591,847,841,575,258,68,8
1,14,83,278,591,848,850,604,302,102,21,2
1,14,83,278,593,857,866,618,308,103,21,2
1,14,83,278,594,863,881,638,323,109,22,2
1,14,83,279,594,841,804,513,209,49,5
1,14,83,279,595,847,819,533,224,55,6
1,14,83,279,596,854,840,568,259,76,13,1
1,14,83,279,596,855,845,578,269,81,14,1
1,14,83,279,597,860,853,579,258,68,8
1,14,83,279,597,860,855,588,274,82,14,1
1,14,83,279,598,867,876,623,309,103,21,2
1,14,83,279,599,873,891,643,324,109,22,2
1,14,83,279,600,878,901,653,329,110,22,2
1,14,83,279,601,886,923,682,349,117,23,2
1,14,83,280,603,874,869,588,260,68,8
1,14,83,280,603,875,875,603,280,83,14,1
1,14,83,280,604,882,896,638,315,104,21,2
1,14,83,280,605,888,911,658,330,110,22,2
1,14,83,280,606,895,930,684,349,117,23,2
1,14,83,280,607,899,936,688,350,117,23,2
1,14,83,280,610,917,982,753,405,145,31,3
1,14,83,280,613,936,1037,848,511,222,66,12,1
1,14,83,281,609,889,889,603,266,69,8
1,14,83,281,611,903,931,673,336,111,22,2
1,14,83,281,612,909,946,693,351,117,23,2
1,14,83,281,612,909,946,693,351,117,23,2
1,14,83,281,615,927,992,758,406,145,31,3
1,14,83,281,617,942,1041,849,511,222,66,12,1
1,14,83,281,620,957,1072,883,532,229,67,12,1
1,14,83,282,618,924,966,708,357,118,23,2
1,14,83,282,620,937,1002,763,407,145,31,3
1,14,83,282,624,963,1076,884,532,229,67,12,1
1,14,83,283,631,982,1096,876,489,181,40,4
1,14,83,284,635,988,1106,904,539,230,67,12,1
1,14,83,284,636,991,1103,878,489,181,40,4
1,14,83,284,641,1021,1183,1003,615,265,76,13,1
1,14,83,285,641,1001,1113,883,490,181,40,4
1,14,83,285,645,1027,1187,1004,615,265,76,13,1
1,14,83,286,650,1037,1197,1009,616,265,76,13,1
1,14,83,289,676,1131,1388,1254,825,385,121,23,2
1,14,83,290,680,1137,1392,1255,825,385,121,23,2
1,14,83,296,725,1292,1717,1716,1287,715,286,78,13,1
1,14,84,280,560,672,448,128
1,14,84,281,570,712,528,208,32
1,14,84,282,579,744,584,256,48
1,14,84,282,580,752,609,294,76,8
1,14,84,283,588,777,647,322,84,8
1,14,84,283,589,784,666,347,100,12
1,14,84,283,589,785,672,360,112,16
1,14,84,283,590,792,691,386,132,25,2
1,14,84,284,597,810,710,388,120,16
1,14,84,284,597,810,710,388,120,16
1,14,84,284,598,816,724,404,129,18
1,14,84,284,598,817,730,418,145,27,2
1,14,84,284,599,824,749,444,164,34,3
1,14,84,284,599,825,755,457,177,40,4
1,14,84,285,605,836,754,429,140,20
1,14,84,285,606,843,774,459,165,31,2
1,14,84,285,606,844,780,473,181,40,4
1,14,84,285,607,849,789,479,180,37,3
1,14,84,285,607,850,794,489,190,42,4
1,14,84,285,607,850,794,489,190,42,4
1,14,84,285,608,857,814,519,215,53,6
1,14,84,285,609,865,839,560,254,75,13,1
1,14,84,286,613,863,804,484,176,33,2
1,14,84,286,614,870,824,514,201,44,4
1,14,84,286,614,870,824,514,201,44,4
1,14,84,286,615,876,839,534,216,50,5
1,14,84,286,615,876,839,534,216,50,5
1,14,84,286,615,877,844,544,226,55,6
1,14,84,286,616,882,854,554,231,56,6
1,14,84,286,616,884,865,579,261,76,13,1
1,14,84,286,616,885,869,583,258,68,8
1,14,84,286,617,890,880,599,276,82,14,1
1,14,84,286,618,898,905,640,315,104,21,2
1,14,84,287,622,897,874,569,237,57,6
1,14,84,287,622,897,874,569,237,57,6
1,14,84,287,623,903,889,589,252,63,7
1,14,84,287,623,904,894,599,262,68,8
1,14,84,287,623,904,895,604,272,78,13,1
1,14,84,287,624,910,910,624,287,84,14,1
1,14,84,287,624,910,910,624,287,84,14,1
1,14,84,287,624,912,921,649,317,104,21,2
1,14,84,287,626,923,946,679,337,111,22,2
1,14,84,287,626,925,955,695,351,117,23,2
1,14,84,288,630,924,924,624,273,70,8
1,14,84,288,630,924,924,624,273,70,8
1,14,84,288,630,925,930,639,293,85,14,1
1,14,84,288,631,931,945,659,308,91,15,1
1,14,84,288,632,938,966,694,343,112,22,2
1,14,84,288,632,939,971,704,353,117,23,2
1,14,84,288,633,944,981,714,358,118,23,2
1,14,84,288,633,944,981,714,358,118,23,2
1,14,84,288,635,957,1017,769,408,145,31,3
1,14,84,289,637,945,959,659,294,77,9
1,14,84,289,639,959,1001,729,364,119,23,2
1,14,84,289,639,959,1001,729,364,119,23,2
1,14,84,289,639,959,1001,729,364,119,23,2
1,14,84,289,641,972,1037,784,414,146,31,3
1,14,84,289,645,998,1111,905,539,230,67,12,1
1,14,84,290,646,980,1036,764,385,126,24,2
1,14,84,290,647,987,1057,799,420,147,31,3
1,14,84,290,650,1007,1112,880,489,181,40,4
1,14,84,290,650,1008,1121,910,540,230,67,12,1
1,14,84,291,656,1021,1128,889,491,181,40,4
1,14,84,291,660,1047,1202,1010,616,265,76,13,1
1,14,84,292,662,1036,1148,904,497,182,40,4
1,14,84,292,663,1044,1176,960,567,238,68,12,1
1,14,84,292,665,1057,1212,1015,617,265,76,13,1
1,14,84,293,671,1072,1232,1030,623,266,76,13,1
1,14,84,295,690,1147,1397,1256,825,385,121,23,2
1,14,84,296,695,1157,1407,1261,826,385,121,23,2
1,14,84,301,735,1302,1722,1717,1287,715,286,78,13,1
1,14,85,292,620,832,688,320,64
1,14,85,293,630,873,776,424,128,16
1,14,85,294,639,906,839,490,164,24
1,14,85,294,640,914,865,534,205,44,4
1,14,85,295,648,940,909,575,225,48,4
1,14,85,295,649,947,929,605,250,59,6
1,14,85,295,649,948,935,619,266,68,8
1,14,85,295,650,955,955,650,295,85,14,1
1,14,85,296,657,974,979,660,286,72,8
1,14,85,296,657,974,979,660,286,72,8
1,14,85,296,658,980,994,680,301,78,9
1,14,85,296,658,981,1000,695,321,93,15,1
1,14,85,296,659,989,1026,740,366,119,23,2
1,14,85,297,665,1001,1029,715,322,85,10
1,14,85,297,666,1008,1050,750,357,106,17,1
1,14,85,297,666,1009,1056,765,377,121,23,2
1,14,85,297,667,1015,1071,785,392,127,24,2
1,14,85,297,668,1022,1092,820,427,148,31,3
1,14,85,298,673,1029,1085,785,378,113,18,1
1,14,85,298,674,1036,1106,820,413,134,25,2
1,14,85,298,674,1036,1106,820,413,134,25,2
1,14,85,298,675,1043,1127,855,448,155,32,3
1,14,85,298,676,1051,1153,900,493,181,40,4
1,14,85,298,678,1064,1191,966,568,238,68,12,1
1,14,85,299,682,1064,1162,890,469,162,33,3
1,14,85,299,683,1071,1183,925,504,183,40,4
1,14,85,299,684,1079,1211,981,574,239,68,12,1
1,14,85,299,686,1092,1247,1036,624,266,76,13,1
1,14,85,300,690,1092,1218,960,525,190,41,4
1,14,85,300,692,1107,1267,1051,630,267,76,13,1
1,14,85,301,699,1128,1302,1086,651,274,77,13,1
1,14,85,302,710,1177,1422,1267,827,385,121,23,2
1,14,85,303,716,1192,1442,1282,833,386,121,23,2
1,14,85,307,750,1322,1737,1723,1288,715,286,78,13,1
1,14,86,304,681,1002,968,592,208,32
1,14,86,305,691,1044,1064,721,310,76,8
1,14,86,306,700,1078,1134,806,371,100,12
1,14,86,306,701,1086,1161,856,426,136,25,2
1,14,86,307,709,1113,1211,911,462,149,27,2
1,14,86,307,710,1120,1232,946,497,170,34,3
1,14,86,307,710,1121,1238,961,517,185,40,4
1,14,86,308,718,1148,1288,1016,553,198,42,4
1,14,86,308,718,1148,1288,1016,553,198,42,4
1,14,86,308,720,1163,1337,1107,658,275,77,13,1
1,14,86,309,726,1176,1344,1086,609,226,50,5
1,14,86,309,727,1184,1372,1142,679,282,78,13,1
1,14,86,310,735,1212,1428,1212,735,310,86,14,1
1,14,86,310,737,1227,1477,1303,840,387,121,23,2
1,14,86,311,744,1248,1512,1338,861,394,122,23,2
1,14,86,314,771,1357,1772,1744,1295,716,286,78,13,1
1,14,87,316,743,1182,1289,952,456,128,16
1,14,87,317,753,1225,1393,1107,602,213,44,4
1,14,87,318,762,1260,1470,1212,693,262,59,6
1,14,87,318,763,1268,1498,1268,763,318,87,14,1
1,14,87,319,771,1296,1554,1338,819,346,95,15,1
1,14,87,319,772,1304,1582,1394,889,402,123,23,2
1,14,87,320,780,1332,1638,1464,945,430,131,24,2
1,14,87,322,799,1413,1842,1800,1323,724,287,78,13,1
1,14,88,328,806,1372,1652,1408,833,326,76,8
1,14,88,329,816,1416,1764,1590,1029,466,140,25,2
1,14,88,330,825,1452,1848,1716,1155,550,176,34,3
1,14,88,331,835,1497,1968,1926,1407,760,296,79,13,1
1,14,89,340,870,1572,2058,1968,1365,670,221,44,4
1,14,89,341,880,1617,2178,2178,1617,880,341,89,14,1
1,14,90,352,935,1782,2508,2640,2079,1210,506,144,25,2
1,14,91,364,1001,2002,3003,3432,3003,2002,1001,364,91,14,1
